{"type": "FeatureCollection", "features": [{"type": "Feature", "geometry": {"type": "Point", "coordinates": [-6.394287802101575, 53.72699428269113]}, "properties": {"ppr_id": "871072e22fe1b8a8dd43148c7f6fdf7ae9cb3c8f11544d189b3672b881658383", "address": "22 gort mell, old slane  road, drogheda", "sale_date": "2024-09-05", "price": 341409.0, "property_type": null, "beds": null, "baths": null, "floor_area_m2": null, "ber": null, "asking_price": null, "eur_per_m2": null, "sale_vs_asking": null, "daft_url": "https://www.daft.ie/sold/22-gort-mell-old-slane-road-drogheda-louth/01A42A80DA80260D80258B9C005AAB22", "not_full_market_price": 0}}, {"type": "Feature", "geometry": {"type": "Point", "coordinates": [-6.331195164570902, 53.73023221893639]}, "properties": {"ppr_id": "b18a2052e271d67bf4682074aa64c2398a50950a57f7efe9ce0461f6b80a183c", "address": "36 OAKWOOD PARK, TERMON ABBEY, DROGHEDA", "sale_date": "2024-09-05", "price": 260000.0, "property_type": null, "beds": null, "baths": null, "floor_area_m2": null, "ber": "C2", "asking_price": null, "eur_per_m2": null, "sale_vs_asking": null, "daft_url": "https://www.daft.ie/sold/36-oakwood-park-termon-abbey-drogheda-louth/3EB2CD78DCD0A29780258BA3005AA7BD", "not_full_market_price": 0}}, {"type": "Feature", "geometry": {"type": "Point", "coordinates": [-6.354954748826211, 53.70262414503533]}, "properties": {"ppr_id": "e29b1e98e18d1b00cc2bf617efe489a3688da6200c28e63835455ab5656c3a20", "address": "36 THe Elms, Avourwen, Drogheda", "sale_date": "2024-09-05", "price": 281938.33, "property_type": null, "beds": null, "baths": null, "floor_area_m2": null, "ber": null, "asking_price": null, "eur_per_m2": null, "sale_vs_asking": null, "daft_url": "https://www.daft.ie/sold/36-the-elms-avourwen-drogheda-louth/0CF22EE96283A30A80258BA3005AA882", "not_full_market_price": 0}}, {"type": "Feature", "geometry": {"type": "Point", "coordinates": [-6.347902190053039, 53.713484764134485]}, "properties": {"ppr_id": "f208e18cdf4c5ad34a8a92f8b8ba8e40c520e909752f5cc5612310a307d81d7b", "address": "51 MARSH RD, SCOTCH HALL, DROGHEDA", "sale_date": "2024-09-05", "price": 180000.0, "property_type": "Apartment", "beds": 1.0, "baths": 1.0, "floor_area_m2": 60.0, "ber": "B1", "asking_price": 175000.0, "eur_per_m2": 3000.0, "sale_vs_asking": 0.02857142857142847, "daft_url": "https://www.daft.ie/sold/51-marsh-rd-scotch-hall-drogheda-louth/E2009C1248C1CB1380258B95005ABCBC", "not_full_market_price": 0}}, {"type": "Feature", "geometry": {"type": "Point", "coordinates": [-6.34909199396821, 53.71480571828539]}, "properties": {"ppr_id": "ab5db59363dbb7562a5474b768b882c6eaaea6541efd1ac40fdc4c956a70868b", "address": "6 JAMESON HOUSE, BACHELORS LANE, DROGHEDA", "sale_date": "2024-09-05", "price": 73000.0, "property_type": null, "beds": null, "baths": null, "floor_area_m2": null, "ber": null, "asking_price": null, "eur_per_m2": null, "sale_vs_asking": null, "daft_url": "https://www.daft.ie/sold/6-jameson-house-bachelors-lane-drogheda-louth/44C2F0B5473889B880258B9C005AA7BB", "not_full_market_price": 0}}, {"type": "Feature", "geometry": {"type": "Point", "coordinates": [-6.349035801255503, 53.71481191839389]}, "properties": {"ppr_id": "26f19e134af38c537b957bb09a93ad369f8400202c103929b359321b504744d0", "address": "10 CALENDAR HOUSE, BACHELORS LANE, DROGHEDA", "sale_date": "2024-09-06", "price": 140000.0, "property_type": "Apartment", "beds": 2.0, "baths": 1.0, "floor_area_m2": 41.0, "ber": "D1", "asking_price": 130000.0, "eur_per_m2": 3414.6341463414633, "sale_vs_asking": 0.07692307692307687, "daft_url": "https://www.daft.ie/sold/10-calendar-house-bachelors-lane-drogheda-louth/08FA9088B46D778F80258BA3005AA9B8", "not_full_market_price": 0}}, {"type": "Feature", "geometry": {"type": "Point", "coordinates": [-6.351833123523704, 53.73839537341281]}, "properties": {"ppr_id": "32200ce27edcead57474660d5231d9895ccfb3c7a60cef2a7f4314e357d8b047", "address": "15 Ballymakenny Close, Ballymakenny Park, Drogheda", "sale_date": "2024-09-06", "price": 321585.9, "property_type": null, "beds": null, "baths": null, "floor_area_m2": null, "ber": null, "asking_price": null, "eur_per_m2": null, "sale_vs_asking": null, "daft_url": "https://www.daft.ie/sold/15-ballymakenny-close-ballymakenny-park-drogheda-louth/AC1743F88FF5A78780258B95005ABD72", "not_full_market_price": 0}}, {"type": "Feature", "geometry": {"type": "Point", "coordinates": [-6.351840747144436, 53.738301244492824]}, "properties": {"ppr_id": "35483956b665cf78a69ece86a954923b80404c04dc36d06acd507af1e6af9167", "address": "29 Ballymakenny Close, Ballymakenny Park, Drogheda", "sale_date": "2024-09-06", "price": 330396.47, "property_type": null, "beds": null, "baths": null, "floor_area_m2": null, "ber": null, "asking_price": null, "eur_per_m2": null, "sale_vs_asking": null, "daft_url": "https://www.daft.ie/sold/29-ballymakenny-close-ballymakenny-park-drogheda-louth/24D76799B44C221980258B95005ABD6A", "not_full_market_price": 0}}, {"type": "Feature", "geometry": {"type": "Point", "coordinates": [-6.351443158807238, 53.71695126391749]}, "properties": {"ppr_id": "e032a7279e546f7398e5bedd8e0c6f9cab690914b67cab21f4ec1e07a8932769", "address": "3 ST PETER'S COURT, MAGDALENE STREET, DROGHEDA", "sale_date": "2024-09-06", "price": 175000.0, "property_type": "Apartment", "beds": 2.0, "baths": 1.0, "floor_area_m2": null, "ber": "C3", "asking_price": null, "eur_per_m2": null, "sale_vs_asking": null, "daft_url": "https://www.daft.ie/sold/3-st-peters-court-magdalene-street-drogheda-louth/53E1F72535D1F76A80258B9C005AAAC5", "not_full_market_price": 0}}, {"type": "Feature", "geometry": {"type": "Point", "coordinates": [-6.351893159536967, 53.73836437287029]}, "properties": {"ppr_id": "ea5f214eae6e22a66f8400ffc3a63f973c0b0a606610f00502fbb7e3263d5ac7", "address": "35 Ballymakenny Close, Ballymakenny Park, Drogheda", "sale_date": "2024-09-06", "price": 343612.33, "property_type": null, "beds": null, "baths": null, "floor_area_m2": null, "ber": null, "asking_price": null, "eur_per_m2": null, "sale_vs_asking": null, "daft_url": "https://www.daft.ie/sold/35-ballymakenny-close-ballymakenny-park-drogheda-louth/2B6DD25F3473831D80258B95005ABD74", "not_full_market_price": 0}}, {"type": "Feature", "geometry": {"type": "Point", "coordinates": [-6.351757840268978, 53.738346899837246]}, "properties": {"ppr_id": "a80dca011305fd1c8cf3e1e16e90c094bd40b7983d7c3df1b754e1ea91ac4fe9", "address": "37 Ballymakenny Close, Ballymakenny Park, Drogheda", "sale_date": "2024-09-06", "price": 427312.78, "property_type": null, "beds": null, "baths": null, "floor_area_m2": null, "ber": null, "asking_price": null, "eur_per_m2": null, "sale_vs_asking": null, "daft_url": "https://www.daft.ie/sold/37-ballymakenny-close-ballymakenny-park-drogheda-louth/BF45864B642F682E80258B9C005AA7AA", "not_full_market_price": 0}}, {"type": "Feature", "geometry": {"type": "Point", "coordinates": [-6.35131457573372, 53.71699522832323]}, "properties": {"ppr_id": "d81b11d790902786afb763888ee0dbf47d8bc90ce142585b2ba4e3b5c79d46a3", "address": "6 ST. PETER'S COURT, MAGDALENE STREET, DROGHEDA", "sale_date": "2024-09-06", "price": 175000.0, "property_type": "Apartment", "beds": 2.0, "baths": 1.0, "floor_area_m2": 54.0, "ber": "E1", "asking_price": 199000.0, "eur_per_m2": 3240.740740740741, "sale_vs_asking": -0.12060301507537685, "daft_url": "https://www.daft.ie/sold/6-st-peters-court-magdalene-street-drogheda-louth/D27736DC024B303780258B9C005AAAC6", "not_full_market_price": 0}}, {"type": "Feature", "geometry": {"type": "Point", "coordinates": [-6.351259332635467, 53.716999173846816]}, "properties": {"ppr_id": "c59dd9d9f6a1c3638d2180818c5c72aa13872969ba575b121cbce45926c22c8f", "address": "7 ST PETER'S COURT, MAGDALENE STREET, DROGHEDA", "sale_date": "2024-09-06", "price": 175000.0, "property_type": "Apartment", "beds": 1.0, "baths": 1.0, "floor_area_m2": 54.0, "ber": "E2", "asking_price": 165000.0, "eur_per_m2": 3240.740740740741, "sale_vs_asking": 0.06060606060606055, "daft_url": "https://www.daft.ie/sold/7-st-peters-court-magdalene-street-drogheda-louth/C8FBAEE9203746D080258B9C005AAAC8", "not_full_market_price": 0}}, {"type": "Feature", "geometry": {"type": "Point", "coordinates": [-6.3512536178322, 53.71687009886073]}, "properties": {"ppr_id": "5f08e6940f62c2dec978984dd62c65bd7ecbd0e5ef7219c81d2656367c98ee97", "address": "8 ST PETER'S COURT, MAGDALENE STREET, DROGHEDA", "sale_date": "2024-09-06", "price": 175000.0, "property_type": "Apartment", "beds": 1.0, "baths": 1.0, "floor_area_m2": 53.5, "ber": "D2", "asking_price": 165000.0, "eur_per_m2": 3271.0280373831774, "sale_vs_asking": 0.06060606060606055, "daft_url": "https://www.daft.ie/sold/8-st-peters-court-magdalene-street-drogheda-louth/BC751124CE4326A380258B9C005AAACC", "not_full_market_price": 0}}, {"type": "Feature", "geometry": {"type": "Point", "coordinates": [-6.350965870566076, 53.71797444503533]}, "properties": {"ppr_id": "a14a64c1a1a463f1684a1fd9db36d31f6fa8bc3fdfa3b605b78e889ec9c3b779", "address": "9 ST PETERS COURT, MAGDALENE ST, DROGHEDA", "sale_date": "2024-09-06", "price": 175000.0, "property_type": "Apartment", "beds": 1.0, "baths": 1.0, "floor_area_m2": 53.5, "ber": "F", "asking_price": 165000.0, "eur_per_m2": 3271.0280373831774, "sale_vs_asking": 0.06060606060606055, "daft_url": "https://www.daft.ie/sold/9-st-peters-court-magdalene-st-drogheda-louth/83A712760AC31A4D80258B9C005AAACE", "not_full_market_price": 0}}, {"type": "Feature", "geometry": {"type": "Point", "coordinates": [-6.351726392833459, 53.738355354530654]}, "properties": {"ppr_id": "7370c6ba1f849e2bc8ad8164fe2e34a12352e9c12f0ae08a2697cccbf84523b7", "address": "13 Ballymakenny Close, Ballymakenny Park, Drogheda", "sale_date": "2024-09-09", "price": 321585.9, "property_type": null, "beds": null, "baths": null, "floor_area_m2": null, "ber": null, "asking_price": null, "eur_per_m2": null, "sale_vs_asking": null, "daft_url": "https://www.daft.ie/sold/13-ballymakenny-close-ballymakenny-park-drogheda-louth/290B413507FB2B7480258B9C005AAAC7", "not_full_market_price": 0}}, {"type": "Feature", "geometry": {"type": "Point", "coordinates": [-6.351713051497178, 53.73833562691269]}, "properties": {"ppr_id": "c854ec561745f1a469be4dd76aa6e8e756c4214b9ccb29608b693470d704c5a2", "address": "9 Ballymakenny Close, Ballymakenny Park, Drogheda", "sale_date": "2024-09-09", "price": 321585.9, "property_type": null, "beds": null, "baths": null, "floor_area_m2": null, "ber": null, "asking_price": null, "eur_per_m2": null, "sale_vs_asking": null, "daft_url": "https://www.daft.ie/sold/9-ballymakenny-close-ballymakenny-park-drogheda-louth/3C49FDBB835B250F80258B9C005AAA66", "not_full_market_price": 0}}, {"type": "Feature", "geometry": {"type": "Point", "coordinates": [-6.320688657729146, 53.704704335106]}, "properties": {"ppr_id": "eff4e5eef40e4813600e202ee99ce8dcb7db0021978959f38808bf286760d087", "address": "27 BRYANSTOWN MANOR, DUBLIN RD, DROGHEDA", "sale_date": "2024-09-11", "price": 260000.0, "property_type": "Duplex", "beds": 3.0, "baths": 3.0, "floor_area_m2": 108.0, "ber": "C2", "asking_price": 250000.0, "eur_per_m2": 2407.4074074074074, "sale_vs_asking": 0.040000000000000036, "daft_url": "https://www.daft.ie/sold/27-bryanstown-manor-dublin-rd-drogheda-louth/3B023883F5344FD280258BAA005AAA3D", "not_full_market_price": 0}}, {"type": "Feature", "geometry": {"type": "Point", "coordinates": [-6.345976086502486, 53.725285564676994]}, "properties": {"ppr_id": "0222a90ad51a8c84cdb5cc002a8f3d1e3a39b2a9fa438de077f06c2dde5f99a4", "address": "45 BROOKVILLE, DROGHEDA, CO LOUTH", "sale_date": "2024-09-11", "price": 266000.0, "property_type": "Semi-D", "beds": 4.0, "baths": 2.0, "floor_area_m2": 110.0, "ber": "D2", "asking_price": 245000.0, "eur_per_m2": 2418.181818181818, "sale_vs_asking": 0.08571428571428563, "daft_url": "https://www.daft.ie/sold/45-brookville-drogheda/177F9D74044FD11780258B9C005AAAFA", "not_full_market_price": 0}}, {"type": "Feature", "geometry": {"type": "Point", "coordinates": [-6.351881724105869, 53.73841566467699]}, "properties": {"ppr_id": "df9b96e56f923e1417b80cdbad98095092ac65887a39551cb8eaaeed978ffb96", "address": "31 Ballymakenny Close, Ballymakenny Park, Drogheda", "sale_date": "2024-09-12", "price": 418502.2, "property_type": null, "beds": null, "baths": null, "floor_area_m2": null, "ber": null, "asking_price": null, "eur_per_m2": null, "sale_vs_asking": null, "daft_url": "https://www.daft.ie/sold/31-ballymakenny-close-ballymakenny-park-drogheda-louth/45504D0551F2843180258BA3005AA828", "not_full_market_price": 0}}, {"type": "Feature", "geometry": {"type": "Point", "coordinates": [-6.355511394307394, 53.70823447178528]}, "properties": {"ppr_id": "4fea5ea7b0cd025723a332efd9431ec33bb382b2b249c72052c642d8b918c612", "address": "34 MORANS TERRACE, DROGHEDA, LOUTH", "sale_date": "2024-09-12", "price": 250000.0, "property_type": "Terrace", "beds": 2.0, "baths": 1.0, "floor_area_m2": 67.0, "ber": "C3", "asking_price": 225000.0, "eur_per_m2": 3731.3432835820895, "sale_vs_asking": 0.11111111111111116, "daft_url": "https://www.daft.ie/sold/34-morans-terrace-drogheda-louth/8B3CC05E2E93457F80258BB1005AA80A", "not_full_market_price": 0}}, {"type": "Feature", "geometry": {"type": "Point", "coordinates": [-6.361098458709875, 53.73130278193161]}, "properties": {"ppr_id": "f22149489e1d7184ecc5b7c863058b2d834113cc24320a1b3a9327dbca2cca51", "address": "42 FERRARD PARK, DROGHEDA, CO LOUTH", "sale_date": "2024-09-12", "price": 334801.0, "property_type": null, "beds": null, "baths": null, "floor_area_m2": null, "ber": null, "asking_price": null, "eur_per_m2": null, "sale_vs_asking": null, "daft_url": "https://www.daft.ie/sold/42-ferrard-park-drogheda/2A52C1F60AC3F89980258BA3005AAB5A", "not_full_market_price": 0}}, {"type": "Feature", "geometry": {"type": "Point", "coordinates": [-6.351790240657088, 53.738370572978795]}, "properties": {"ppr_id": "aef4f453f446ad3fd7aedf213a63752060c9674b042f7a06a57f2116734eb37e", "address": "17 Ballymakenny Close, Ballymakenny Park, Drogheda", "sale_date": "2024-09-13", "price": 330396.47, "property_type": null, "beds": null, "baths": null, "floor_area_m2": null, "ber": null, "asking_price": null, "eur_per_m2": null, "sale_vs_asking": null, "daft_url": "https://www.daft.ie/sold/17-ballymakenny-close-ballymakenny-park-drogheda-louth/DD02D7992CC6907E80258BB1005AA8FF", "not_full_market_price": 0}}, {"type": "Feature", "geometry": {"type": "Point", "coordinates": [-6.351900783157699, 53.73840044622885]}, "properties": {"ppr_id": "a33cf4f838076fe5b30a9c4deb3d4b50925650933fe1ef8a7ab5009d7b2e632b", "address": "25 Ballymakenny Close, Ballymakenny Park, Drogheda", "sale_date": "2024-09-13", "price": 321587.0, "property_type": null, "beds": null, "baths": null, "floor_area_m2": null, "ber": null, "asking_price": null, "eur_per_m2": null, "sale_vs_asking": null, "daft_url": "https://www.daft.ie/sold/25-ballymakenny-close-ballymakenny-park-drogheda-louth/683D093737420CAD80258BBF005AB7A1", "not_full_market_price": 0}}, {"type": "Feature", "geometry": {"type": "Point", "coordinates": [-6.360947917486777, 53.731276290558924]}, "properties": {"ppr_id": "5fd7653ed26a3da59929a592efeb1b2a8a31a6bd998873ca22c952cfeb94ea92", "address": "57-63 Ferrard Park, The Twenties, Drogheda", "sale_date": "2024-09-13", "price": 1728144.4, "property_type": null, "beds": null, "baths": null, "floor_area_m2": null, "ber": null, "asking_price": null, "eur_per_m2": null, "sale_vs_asking": null, "daft_url": "https://www.daft.ie/sold/57-63-ferrard-park-the-twenties-drogheda-louth/34E01BBE67DA410480258BD4006034CA", "not_full_market_price": 1}}, {"type": "Feature", "geometry": {"type": "Point", "coordinates": [-6.329748353814287, 53.73292804546934]}, "properties": {"ppr_id": "f7aacf383afd6af40b5f1cd979dab9b3effd0cd06ad247f610cded8860f3642c", "address": "7 CURLEW ST, ASTON VILLAGE DROGHEDA, LOUTH", "sale_date": "2024-09-16", "price": 302000.0, "property_type": "Semi-D", "beds": 3.0, "baths": 2.0, "floor_area_m2": 100.0, "ber": "C1", "asking_price": 265000.0, "eur_per_m2": 3020.0, "sale_vs_asking": 0.13962264150943393, "daft_url": "https://www.daft.ie/sold/7-curlew-st-aston-village-drogheda-louth/F828A2F37F06485D80258BB1005AABCB", "not_full_market_price": 0}}, {"type": "Feature", "geometry": {"type": "Point", "coordinates": [-6.371758680585755, 53.70659887189378]}, "properties": {"ppr_id": "fa451a12755a6ae2c468a722a26efbdb6105db7ea1227d30002037bd76daae64", "address": "42 KNOCKBRACK DOWNS, DONORE ROAD, DROGHEDA", "sale_date": "2024-09-17", "price": 240000.0, "property_type": null, "beds": null, "baths": null, "floor_area_m2": null, "ber": null, "asking_price": null, "eur_per_m2": null, "sale_vs_asking": null, "daft_url": "https://www.daft.ie/sold/42-knockbrack-downs-donore-road-drogheda-louth/8D0CD1931585E8A480258BAA005AA767", "not_full_market_price": 1}}, {"type": "Feature", "geometry": {"type": "Point", "coordinates": [-6.3208295821419735, 53.704769718068384]}, "properties": {"ppr_id": "b7ca2e3f1676164e3410537e0fbaf4c052bedf0234397d20252d64bd1f29a5a1", "address": "145 BRYANSTOWN MANOR, DUBLIN RD, DROGHEDA", "sale_date": "2024-09-18", "price": 200000.0, "property_type": null, "beds": null, "baths": null, "floor_area_m2": null, "ber": null, "asking_price": null, "eur_per_m2": null, "sale_vs_asking": null, "daft_url": "https://www.daft.ie/sold/145-bryanstown-manor-dublin-rd-drogheda-louth/024FBF00E4D2A57E80258BAA005AABC1", "not_full_market_price": 0}}, {"type": "Feature", "geometry": {"type": "Point", "coordinates": [-6.359328452037507, 53.712705200813765]}, "properties": {"ppr_id": "3c718242785232fd5c65e519df86d74cc57e4b1d694dc1bd350fcac9a5c274f4", "address": "217 BALLSGROVE, DROGHEDA, LOUTH", "sale_date": "2024-09-18", "price": 248000.0, "property_type": "Terrace", "beds": 3.0, "baths": 1.0, "floor_area_m2": 75.0, "ber": "C2", "asking_price": 225000.0, "eur_per_m2": 3306.6666666666665, "sale_vs_asking": 0.10222222222222221, "daft_url": "https://www.daft.ie/sold/217-ballsgrove-drogheda-louth/C7F8BA4EF7FC327D80258BC60060330A", "not_full_market_price": 0}}, {"type": "Feature", "geometry": {"type": "Point", "coordinates": [-6.388495500785481, 53.71644781850239]}, "properties": {"ppr_id": "44d05428dbad8f852945640d904e4a15d9dfba50eb81948204701fc88bcbcd90", "address": "71 THE SQUARE, RIVERBANK, DROGHEDA", "sale_date": "2024-09-18", "price": 180000.0, "property_type": "Apartment", "beds": 2.0, "baths": 2.0, "floor_area_m2": null, "ber": "C2", "asking_price": null, "eur_per_m2": null, "sale_vs_asking": null, "daft_url": "https://www.daft.ie/sold/71-the-square-riverbank-drogheda-louth/6F4EE85E17178FD880258BC60060359A", "not_full_market_price": 0}}, {"type": "Feature", "geometry": {"type": "Point", "coordinates": [-6.351827405808155, 53.738340699728745]}, "properties": {"ppr_id": "7d11137f421ae2a00c2bd754c66608c04e3d57f9b4f87921f7671c330c7e69a4", "address": "27 Ballymakenny Close, Ballymakenny Park, Drogheda", "sale_date": "2024-09-19", "price": 321585.9, "property_type": null, "beds": null, "baths": null, "floor_area_m2": null, "ber": null, "asking_price": null, "eur_per_m2": null, "sale_vs_asking": null, "daft_url": "https://www.daft.ie/sold/27-ballymakenny-close-ballymakenny-park-drogheda-louth/D0C4D7CA5682972280258BAA005AA996", "not_full_market_price": 0}}, {"type": "Feature", "geometry": {"type": "Point", "coordinates": [-6.320692466497061, 53.70481650070526]}, "properties": {"ppr_id": "d4dee403951bebf1e64d8675cdf5537d616b9497e529ef84a13db7e32d752d35", "address": "16 CASTLEWOOD, DUBLIN RD, DROGHEDA", "sale_date": "2024-09-20", "price": 395000.0, "property_type": "Detached", "beds": 3.0, "baths": 3.0, "floor_area_m2": 115.0, "ber": "D1", "asking_price": 395000.0, "eur_per_m2": 3434.782608695652, "sale_vs_asking": 0.0, "daft_url": "https://www.daft.ie/sold/16-castlewood-dublin-rd-drogheda-louth/1823AFDE48C2EF5080258BC6006031D5", "not_full_market_price": 0}}, {"type": "Feature", "geometry": {"type": "Point", "coordinates": [-6.351900783157699, 53.73836437287029]}, "properties": {"ppr_id": "4cd9cac9171cb0db0aa6c32af2f8b3914fb1f45dd345d2c968e97051ec200dd3", "address": "23 Ballymakenny Close, Ballymakenny Park, Drogheda", "sale_date": "2024-09-20", "price": 321585.0, "property_type": null, "beds": null, "baths": null, "floor_area_m2": null, "ber": null, "asking_price": null, "eur_per_m2": null, "sale_vs_asking": null, "daft_url": "https://www.daft.ie/sold/23-ballymakenny-close-ballymakenny-park-drogheda-louth/205C9656CB63334980258BA3005AAB39", "not_full_market_price": 0}}, {"type": "Feature", "geometry": {"type": "Point", "coordinates": [-6.351916030399162, 53.73832886315797]}, "properties": {"ppr_id": "235e4e77b05debb95aae820ad8ad70cec5a11ef6ab17d55b98b93baaa26b146e", "address": "33 Ballymakenny Close, Ballymakenny Park, Drogheda", "sale_date": "2024-09-20", "price": 334802.0, "property_type": null, "beds": null, "baths": null, "floor_area_m2": null, "ber": null, "asking_price": null, "eur_per_m2": null, "sale_vs_asking": null, "daft_url": "https://www.daft.ie/sold/33-ballymakenny-close-ballymakenny-park-drogheda-louth/5ED0FD03AFCE025580258BA3005AABBB", "not_full_market_price": 0}}, {"type": "Feature", "geometry": {"type": "Point", "coordinates": [-6.388490738506681, 53.71642696359197]}, "properties": {"ppr_id": "6f87d09c677429feb04aacddce426e07787ad1df810fcd55d48720658abf80bc", "address": "48 THE SQUARE, RIVERBANK, DROGHEDA", "sale_date": "2024-09-20", "price": 235000.0, "property_type": "Duplex", "beds": 3.0, "baths": 3.0, "floor_area_m2": 110.0, "ber": "Exempt", "asking_price": 220000.0, "eur_per_m2": 2136.3636363636365, "sale_vs_asking": 0.06818181818181812, "daft_url": "https://www.daft.ie/sold/48-the-square-riverbank-drogheda-louth/7D03B880B9B8B83380258BA3005AAB49", "not_full_market_price": 0}}, {"type": "Feature", "geometry": {"type": "Point", "coordinates": [-6.34859609721765, 53.71706802799771]}, "properties": {"ppr_id": "cd78bcd83f178f6d5f04e52a01355de18ecade034dc0df3d63d672b3be8073b2", "address": "BASEMENT FLAT, 2 PARADISE PLACE, DROGHEDA", "sale_date": "2024-09-20", "price": 2250000.0, "property_type": null, "beds": null, "baths": null, "floor_area_m2": null, "ber": null, "asking_price": null, "eur_per_m2": null, "sale_vs_asking": null, "daft_url": "https://www.daft.ie/sold/basement-flat-2-paradise-place-drogheda-louth/955125E8D175943780258BAA005AAA49", "not_full_market_price": 0}}, {"type": "Feature", "geometry": {"type": "Point", "coordinates": [-6.351730204643825, 53.73830519001641]}, "properties": {"ppr_id": "c5bdd7c744533b609af719032cdfb9c27030d1131ad65cbe1c82944b9ac2c877", "address": "21 Ballymakenny Close, Ballymakenny Park, Drogheda", "sale_date": "2024-09-23", "price": 321585.9, "property_type": null, "beds": null, "baths": null, "floor_area_m2": null, "ber": null, "asking_price": null, "eur_per_m2": null, "sale_vs_asking": null, "daft_url": "https://www.daft.ie/sold/21-ballymakenny-close-ballymakenny-park-drogheda-louth/8CE7069A94488A0580258BAA005AA8DA", "not_full_market_price": 0}}, {"type": "Feature", "geometry": {"type": "Point", "coordinates": [-6.359535203816846, 53.726884989907916]}, "properties": {"ppr_id": "759909d1494f37213be3a3a9fb65bd2a9e2c8dfd2568984d1a3f195b67b649b6", "address": "225 MONEYMORE, DROGHEDA, LOUTH", "sale_date": "2024-09-23", "price": 66500.0, "property_type": null, "beds": null, "baths": null, "floor_area_m2": null, "ber": "D2", "asking_price": null, "eur_per_m2": null, "sale_vs_asking": null, "daft_url": "https://www.daft.ie/sold/225-moneymore-drogheda-louth/393C1176D1D6CE2F80258B2A005AA75F", "not_full_market_price": 0}}, {"type": "Feature", "geometry": {"type": "Point", "coordinates": [-6.358467763918837, 53.71927099186095]}, "properties": {"ppr_id": "9136fe11fe270998482f152b60a11313e1f77b0c1d92dbc3b0704fb4f0588790", "address": "64 GEORGIAN CLOSE, DROGHEDA, LOUTH", "sale_date": "2024-09-23", "price": 325000.0, "property_type": "Semi-D", "beds": 4.0, "baths": 2.0, "floor_area_m2": 102.0, "ber": "B3", "asking_price": 290000.0, "eur_per_m2": 3186.274509803922, "sale_vs_asking": 0.1206896551724137, "daft_url": "https://www.daft.ie/sold/64-georgian-close-drogheda-louth/46E380916C29AE0180258BAA005AA8D3", "not_full_market_price": 0}}, {"type": "Feature", "geometry": {"type": "Point", "coordinates": [-6.350919928078557, 53.70869560922407]}, "properties": {"ppr_id": "b334124b2e5b9c60b19f99f7fb397127c3141d8335af799f7c4da35a3f341745", "address": "11 KESTRAL MANOR, PLATIN ROAD, DROGHEDA", "sale_date": "2024-09-26", "price": 415000.0, "property_type": "Terrace", "beds": 2.0, "baths": 1.0, "floor_area_m2": null, "ber": "G", "asking_price": 180000.0, "eur_per_m2": null, "sale_vs_asking": 1.3055555555555554, "daft_url": "https://www.daft.ie/sold/11-platin-road-drogheda/607A15A3717BABA180258C83005AB586", "not_full_market_price": 0}}, {"type": "Feature", "geometry": {"type": "Point", "coordinates": [-6.351831217618521, 53.73829560803055]}, "properties": {"ppr_id": "8fae9b5a50584ffc4668fc66c87bf2b4901ce35d05170c62cf44f8e8b20897d7", "address": "7 Ballymakenny Close, Ballymakenny Park, Drogheda", "sale_date": "2024-09-26", "price": 330396.47, "property_type": null, "beds": null, "baths": null, "floor_area_m2": null, "ber": null, "asking_price": null, "eur_per_m2": null, "sale_vs_asking": null, "daft_url": "https://www.daft.ie/sold/7-ballymakenny-close-ballymakenny-park-drogheda-louth/8BD05B8DC233CF5780258BAA005AABAB", "not_full_market_price": 0}}, {"type": "Feature", "geometry": {"type": "Point", "coordinates": [-6.3342551948455705, 53.72248918247413]}, "properties": {"ppr_id": "7981d813277fa80fd29001c51e3a2b36f35a08f3682eff2b09cb9fc08af09180", "address": "32 WESTCOURT, DROGHEDA, LOUTH", "sale_date": "2024-09-27", "price": 275000.0, "property_type": "Semi-D", "beds": 3.0, "baths": 2.0, "floor_area_m2": null, "ber": "D2", "asking_price": null, "eur_per_m2": null, "sale_vs_asking": null, "daft_url": "https://www.daft.ie/sold/32-westcourt-drogheda-louth/DFA9D43DC855CFE980258BC6006031EE", "not_full_market_price": 0}}, {"type": "Feature", "geometry": {"type": "Point", "coordinates": [-6.350203852797607, 53.711238546337356]}, "properties": {"ppr_id": "207c953ace864837a1006917f80bde701e75f5fa2adcc6a37252756b9805ef3e", "address": "35 CONGRESS AVE, DROGHEDA, LOUTH", "sale_date": "2024-09-27", "price": 216000.0, "property_type": null, "beds": null, "baths": null, "floor_area_m2": null, "ber": null, "asking_price": null, "eur_per_m2": null, "sale_vs_asking": null, "daft_url": "https://www.daft.ie/sold/35-congress-ave-drogheda-louth/64D8DA77FEF5641080258BB8005AB819", "not_full_market_price": 0}}, {"type": "Feature", "geometry": {"type": "Point", "coordinates": [-6.325710287980104, 53.729539681063606]}, "properties": {"ppr_id": "cd43daa398f807964445433d58df80e70c397078fbbcfa8a0eb62178cb033c8b", "address": "38 BEAULIEU VILLAGE, TERMONFECKIN ROAD, DROGHEDA", "sale_date": "2024-09-27", "price": 378000.0, "property_type": "Semi-D", "beds": 3.0, "baths": 3.0, "floor_area_m2": 111.0, "ber": "A2", "asking_price": 365000.0, "eur_per_m2": 3405.4054054054054, "sale_vs_asking": 0.03561643835616435, "daft_url": "https://www.daft.ie/sold/38-beaulieu-village-termonfeckin-road-drogheda-louth/9A9CB1CB9C5FB66980258BB1005AA7FB", "not_full_market_price": 0}}, {"type": "Feature", "geometry": {"type": "Point", "coordinates": [-6.350894216504935, 53.70863924460133]}, "properties": {"ppr_id": "43d0323507d5cde958b36773661c0dc7ebbf5d8438f07fabddb786501e23744d", "address": "62 Kestrel Manor, Platin Road, Drogheda", "sale_date": "2024-09-27", "price": 339207.04, "property_type": null, "beds": null, "baths": null, "floor_area_m2": null, "ber": null, "asking_price": null, "eur_per_m2": null, "sale_vs_asking": null, "daft_url": "https://www.daft.ie/sold/62-kestrel-manor-platin-road-drogheda-louth/405FFA12846CB2C780258BB1005AA7FD", "not_full_market_price": 0}}, {"type": "Feature", "geometry": {"type": "Point", "coordinates": [-6.3694640128352455, 53.71923415355415]}, "properties": {"ppr_id": "7c0c4dd1fa2f2d330a7b46189ba7f56aabe3bda5b2f654f9a41150db77c2bcc2", "address": "24 SINGLETON COTTAGES, MELL, DROGHEDA", "sale_date": "2024-09-30", "price": 240000.0, "property_type": "Bungalow", "beds": 3.0, "baths": 1.0, "floor_area_m2": 70.0, "ber": "E1", "asking_price": 240000.0, "eur_per_m2": 3428.5714285714284, "sale_vs_asking": 0.0, "daft_url": "https://www.daft.ie/sold/24-singleton-cottages-mell-drogheda-louth/08ED048425D283DC80258C3600603A25", "not_full_market_price": 0}}, {"type": "Feature", "geometry": {"type": "Point", "coordinates": [-6.345983707742493, 53.72527316445999]}, "properties": {"ppr_id": "aedb13cfa9585413db71154790f0d7bf4dce7504e52e0c5a9cebb5e3efa2e86e", "address": "253 BROOKVILLE PARK, DROGHEDA, LOUTH", "sale_date": "2024-09-30", "price": 340000.0, "property_type": "Semi-D", "beds": 5.0, "baths": 2.0, "floor_area_m2": 140.0, "ber": "D1", "asking_price": 285000.0, "eur_per_m2": 2428.5714285714284, "sale_vs_asking": 0.1929824561403508, "daft_url": "https://www.daft.ie/sold/253-brookville-park-drogheda-louth/1A3DD89F8AF66EBD80258BB1005AAAA9", "not_full_market_price": 0}}, {"type": "Feature", "geometry": {"type": "Point", "coordinates": [-6.30721599110121, 53.70519052647869]}, "properties": {"ppr_id": "58f27d1fae1c8bdc1f24af06431d609124ab30dd06b547d6809f256de1eee6c1", "address": "59 PARK RIDGE, GRANGE RATH, DROGHEDA", "sale_date": "2024-09-30", "price": 300000.0, "property_type": "Apartment", "beds": 2.0, "baths": 2.0, "floor_area_m2": 94.0, "ber": "B3", "asking_price": 295000.0, "eur_per_m2": 3191.4893617021276, "sale_vs_asking": 0.016949152542372836, "daft_url": "https://www.daft.ie/sold/59-park-ridge-grange-rath-drogheda-louth/9B9368775D913EFF80258BBF005AB4BC", "not_full_market_price": 0}}, {"type": "Feature", "geometry": {"type": "Point", "coordinates": [-6.346637372548829, 53.73322327352131]}, "properties": {"ppr_id": "fac4fca1cc5af55394193a3e70cbceaec9954a30f548f178287c07e3515f28a0", "address": "1 AND 2 HIGHFIELD NEWS, BALLYMAKENNY RD, DROGHEDA", "sale_date": "2024-10-01", "price": 325000.0, "property_type": "Semi-D", "beds": 3.0, "baths": 2.0, "floor_area_m2": 131.0, "ber": "C2", "asking_price": 165000.0, "eur_per_m2": 2480.916030534351, "sale_vs_asking": 0.9696969696969697, "daft_url": "https://www.daft.ie/sold/1-and-2-highfield-news-ballymakenny-rd-drogheda-louth/9595FD0C81C52FFB80258BB1005AA93B", "not_full_market_price": 0}}, {"type": "Feature", "geometry": {"type": "Point", "coordinates": [-6.35442179497374, 53.71728000103077]}, "properties": {"ppr_id": "a022654ee01ba66c62cfb6fe6f702d8243e2406f00d428aba9e3dc08d266a7b4", "address": "5 BOLTON SQUARE, DROGHEDA, CO LOUTH", "sale_date": "2024-10-02", "price": 160000.0, "property_type": "Terrace", "beds": 2.0, "baths": 1.0, "floor_area_m2": 80.0, "ber": null, "asking_price": 150000.0, "eur_per_m2": 2000.0, "sale_vs_asking": 0.06666666666666665, "daft_url": "https://www.daft.ie/sold/5-bolton-square-east-drogheda/124B02733B9DE204802585D00047700C", "not_full_market_price": 0}}, {"type": "Feature", "geometry": {"type": "Point", "coordinates": [-6.360939342353816, 53.73134505539867]}, "properties": {"ppr_id": "053f52dd6f255fea997c0339e85e35b5235cbcbbde520bdaad19627535ef46d5", "address": "50-56 Ferrard Park, The Twenties, Drogheda", "sale_date": "2024-10-03", "price": 1920160.44, "property_type": null, "beds": null, "baths": null, "floor_area_m2": null, "ber": null, "asking_price": null, "eur_per_m2": null, "sale_vs_asking": null, "daft_url": "https://www.daft.ie/sold/50-56-ferrard-park-the-twenties-drogheda-louth/F1E386AFD1A0B1C280258BB8005AB774", "not_full_market_price": 1}}, {"type": "Feature", "geometry": {"type": "Point", "coordinates": [-6.339523881025006, 53.71446130092227]}, "properties": {"ppr_id": "ea0c42fdfdbf9950e817b9d7ccc52ba2b401eca4d0e604e3717fd00d0e016a3e", "address": "2 RIVERSIDE, MARSH RD, DROGHEDA", "sale_date": "2024-10-07", "price": 205000.0, "property_type": "Semi-D", "beds": 3.0, "baths": 2.0, "floor_area_m2": null, "ber": "D2", "asking_price": 295000.0, "eur_per_m2": null, "sale_vs_asking": -0.30508474576271183, "daft_url": "https://www.daft.ie/sold/2-riverside-marsh-rd-drogheda-louth/D4FD7498FFAFFB1F80258DEF005AB236", "not_full_market_price": 0}}, {"type": "Feature", "geometry": {"type": "Point", "coordinates": [-6.347199190473521, 53.71310344514384]}, "properties": {"ppr_id": "25e59c5d995496eec1da04fecd4a33fea8f0e9a193a8a4a916aea56dde9154e8", "address": "APT 2, 35/36 ST JAMES STREET, DROGHEDA", "sale_date": "2024-10-07", "price": 240000.0, "property_type": null, "beds": null, "baths": null, "floor_area_m2": null, "ber": "C2", "asking_price": null, "eur_per_m2": null, "sale_vs_asking": null, "daft_url": "https://www.daft.ie/sold/apt-2-35-36-st-james-street-drogheda-louth/AB54157F428B683B80258BB8005AB4CD", "not_full_market_price": 0}}, {"type": "Feature", "geometry": {"type": "Point", "coordinates": [-6.394412605006721, 53.726964973087306]}, "properties": {"ppr_id": "fafe49dfb340bac3dfbc44571b7936c0b2d4c783c0f24e0c3a28a1c0a44798ed", "address": "11 Gort Mell, Old Slane Road, Drogheda", "sale_date": "2024-10-09", "price": 422907.48, "property_type": null, "beds": null, "baths": null, "floor_area_m2": null, "ber": null, "asking_price": null, "eur_per_m2": null, "sale_vs_asking": null, "daft_url": "https://www.daft.ie/sold/11-gort-mell-old-slane-road-drogheda-louth/AE19798D4AC784B880258BB8005AB782", "not_full_market_price": 0}}, {"type": "Feature", "geometry": {"type": "Point", "coordinates": [-6.316533584586295, 53.703977064894]}, "properties": {"ppr_id": "a40fc5cb788c38e2be0c051e5fb80bbe420a3bca5e25f3910126eb02b9513601", "address": "14 PRIORY HALL, DUBLIN ROAD, DROGHEDA", "sale_date": "2024-10-11", "price": 151000.0, "property_type": "Apartment", "beds": 1.0, "baths": 1.0, "floor_area_m2": 48.0, "ber": "Exempt", "asking_price": 125000.0, "eur_per_m2": 3145.8333333333335, "sale_vs_asking": 0.20799999999999996, "daft_url": "https://www.daft.ie/sold/14-priory-hall-dublin-road-drogheda-louth/97F74C2C2CBC09CE80258BB8005AB913", "not_full_market_price": 0}}, {"type": "Feature", "geometry": {"type": "Point", "coordinates": [-6.3497967916086155, 53.718209499403244]}, "properties": {"ppr_id": "cb6378d20d750fb62983a9887f175b6cf99df98a1c9191da3e6528ed80eb18e5", "address": "27 MAGDALENE STREET, DROGHEDA, CO LOUTH", "sale_date": "2024-10-11", "price": 145000.0, "property_type": null, "beds": null, "baths": null, "floor_area_m2": null, "ber": "F", "asking_price": null, "eur_per_m2": null, "sale_vs_asking": null, "daft_url": "https://www.daft.ie/sold/27-magdalene-street-drogheda/7876CF565370918380258BE200602771", "not_full_market_price": 0}}, {"type": "Feature", "geometry": {"type": "Point", "coordinates": [-6.346790351686728, 53.72057728149761]}, "properties": {"ppr_id": "86c84723da65c048c3397696cb954a3b33ecaedb78f3af9094eb633288bf17f2", "address": "161 PEARSE PARK, DROGHEDA, LOUTH", "sale_date": "2024-10-14", "price": 185000.0, "property_type": "Semi-D", "beds": 4.0, "baths": 1.0, "floor_area_m2": null, "ber": "G", "asking_price": null, "eur_per_m2": null, "sale_vs_asking": null, "daft_url": "https://www.daft.ie/sold/161-pearse-park-drogheda-louth/97627F0B47B2760E80258BE9006024AF", "not_full_market_price": 0}}, {"type": "Feature", "geometry": {"type": "Point", "coordinates": [-6.350779182273709, 53.71797726326647]}, "properties": {"ppr_id": "469dc70278764e81d3ddb467aa62c67f3dbb0fd2c8d72dcf0d5e0ce6ca7f1181", "address": "31 MAGDALENE ST, DROGHEDA, LOUTH", "sale_date": "2024-10-14", "price": 240000.0, "property_type": "Terrace", "beds": 3.0, "baths": 1.0, "floor_area_m2": 76.0, "ber": "E2", "asking_price": 225000.0, "eur_per_m2": 3157.8947368421054, "sale_vs_asking": 0.06666666666666665, "daft_url": "https://www.daft.ie/sold/31-magdalene-st-drogheda-louth/29090AC812531AC480258BBF005AB735", "not_full_market_price": 0}}, {"type": "Feature", "geometry": {"type": "Point", "coordinates": [-6.395173985195856, 53.72634749066743]}, "properties": {"ppr_id": "07f5d82864f98b681b693dc4895b46d130cc62b4fe10b4dde447f3216c2c50a7", "address": "13 Gort Mell, Drogheda", "sale_date": "2024-10-15", "price": 330396.0, "property_type": null, "beds": null, "baths": null, "floor_area_m2": null, "ber": null, "asking_price": null, "eur_per_m2": null, "sale_vs_asking": null, "daft_url": "https://www.daft.ie/sold/13-gort-mell-drogheda-louth/C2FEE9A2AE4B942E80258BCD00603342", "not_full_market_price": 0}}, {"type": "Feature", "geometry": {"type": "Point", "coordinates": [-6.359340832852509, 53.71267589120993]}, "properties": {"ppr_id": "e85b579354726272543a81ebc19e162dbad0a2afd3acc067230c442e3c8f5c3c", "address": "310 BALLSGROVE, DROGHEDA, LOUTH", "sale_date": "2024-10-15", "price": 280000.0, "property_type": "End of Terrace", "beds": 3.0, "baths": 1.0, "floor_area_m2": null, "ber": "D2", "asking_price": 275000.0, "eur_per_m2": null, "sale_vs_asking": 0.018181818181818077, "daft_url": "https://www.daft.ie/sold/310-ballsgrove-drogheda-louth/EEF7A14C11F5627080258BE9006028C9", "not_full_market_price": 0}}, {"type": "Feature", "geometry": {"type": "Point", "coordinates": [-6.343520693904946, 53.72731423597401]}, "properties": {"ppr_id": "122e7409ad4e05005050cb1b0bf7f9c5f6d07e3eefce866afa12b52d29af3add", "address": "1-12 Block C, Listoke Willows, Ballymakenny Road", "sale_date": "2024-10-16", "price": 3311603.52, "property_type": null, "beds": null, "baths": null, "floor_area_m2": null, "ber": null, "asking_price": null, "eur_per_m2": null, "sale_vs_asking": null, "daft_url": "https://www.daft.ie/sold/1-listoke-elms-ballymakenny-road-drogheda-louth/80A95BB49C82EEA58025893B00603733", "not_full_market_price": 1}}, {"type": "Feature", "geometry": {"type": "Point", "coordinates": [-6.394389740352343, 53.72688098979941]}, "properties": {"ppr_id": "330901c2a719a8423330f228b6c12486a2c4039ec319221b95ef41fb1ad9dc96", "address": "10 Gort Mell, Old Slane Road, Drogheda", "sale_date": "2024-10-16", "price": 422907.48, "property_type": null, "beds": null, "baths": null, "floor_area_m2": null, "ber": null, "asking_price": null, "eur_per_m2": null, "sale_vs_asking": null, "daft_url": "https://www.daft.ie/sold/10-gort-mell-old-slane-road-drogheda-louth/8C0E442BD49E7C1980258BBF005AB734", "not_full_market_price": 0}}, {"type": "Feature", "geometry": {"type": "Point", "coordinates": [-6.348420712996822, 53.714007509766574]}, "properties": {"ppr_id": "3c3e7b80919283810781c6cba9fae2d483b76ca1887473223e57b5d1dd3e701e", "address": "6A KERMON HOUSE, NORTH QUAY, DROGHEDA", "sale_date": "2024-10-16", "price": 143000.0, "property_type": "Apartment", "beds": 1.0, "baths": 1.0, "floor_area_m2": 48.0, "ber": "D1", "asking_price": 145000.0, "eur_per_m2": 2979.1666666666665, "sale_vs_asking": -0.01379310344827589, "daft_url": "https://www.daft.ie/sold/6a-kermon-house-north-quay-drogheda-louth/6790889ADE6E752780258BBF005AB69E", "not_full_market_price": 0}}, {"type": "Feature", "geometry": {"type": "Point", "coordinates": [-6.274424703084783, 53.75978360933257]}, "properties": {"ppr_id": "3b78566f8801c0633e3737d6850ab45fe47f0a2fac387684308a8d74ab79caa2", "address": "34 PRIORY LODGE, TERMAN FECKIN, DROGHEDA", "sale_date": "2024-10-17", "price": 149981.0, "property_type": "Townhouse", "beds": 2.0, "baths": 2.0, "floor_area_m2": 73.0, "ber": "C3", "asking_price": 215000.0, "eur_per_m2": 2054.5342465753424, "sale_vs_asking": -0.3024139534883721, "daft_url": "https://www.daft.ie/sold/34-old-hill-drogheda-louth/1EB6433161FDCD3480258B4F005AB60C", "not_full_market_price": 0}}, {"type": "Feature", "geometry": {"type": "Point", "coordinates": [-6.328200669891456, 53.729301935757015]}, "properties": {"ppr_id": "54475502bb2aa51d85e2134de4d22397d82daf00d506233d179e8a00eee29b1c", "address": "172 Beaulieu Village, DROGHEDA", "sale_date": "2024-10-18", "price": 313656.38, "property_type": null, "beds": null, "baths": null, "floor_area_m2": null, "ber": null, "asking_price": null, "eur_per_m2": null, "sale_vs_asking": null, "daft_url": "https://www.daft.ie/sold/172-beaulieu-village-drogheda-louth/C9598F25649414B080258BC60060341E", "not_full_market_price": 0}}, {"type": "Feature", "geometry": {"type": "Point", "coordinates": [-6.327866022736487, 53.72907070803055]}, "properties": {"ppr_id": "10960fa26d3270dc0f746c8106cf47c1f06999c922ac3db2cf4cda337b67030a", "address": "177 Beaulieu Village, Drogheda", "sale_date": "2024-10-18", "price": 312775.33, "property_type": null, "beds": null, "baths": null, "floor_area_m2": null, "ber": null, "asking_price": null, "eur_per_m2": null, "sale_vs_asking": null, "daft_url": "https://www.daft.ie/sold/177-beaulieu-village-drogheda-louth/7C2A321B545DF01180258BC60060341F", "not_full_market_price": 0}}, {"type": "Feature", "geometry": {"type": "Point", "coordinates": [-6.373793955277853, 53.73113709099293]}, "properties": {"ppr_id": "95b430cc466d5fa027aae64143bfe4b4a95d8ba8050bcfecdd06f14ab3a5b410", "address": "8 ROSEHALL, DROGHEDA, LOUTH", "sale_date": "2024-10-18", "price": 366000.0, "property_type": "Semi-D", "beds": 3.0, "baths": 3.0, "floor_area_m2": 120.0, "ber": "C1", "asking_price": 340000.0, "eur_per_m2": 3050.0, "sale_vs_asking": 0.07647058823529407, "daft_url": "https://www.daft.ie/sold/8-rosehall-drogheda-louth/764F7483480376FF80258BC600603313", "not_full_market_price": 0}}, {"type": "Feature", "geometry": {"type": "Point", "coordinates": [-6.351318224103861, 53.736439000596754]}, "properties": {"ppr_id": "2c7d6bf5bdfd68c0da06c228e4ef65718362ab29d8adf8558677ff94202f1631", "address": "34 BALLYMAKENNY DRIVE, BALLYMAKENNY PARK, DROGHEDA", "sale_date": "2024-10-21", "price": 317180.0, "property_type": null, "beds": null, "baths": null, "floor_area_m2": null, "ber": null, "asking_price": null, "eur_per_m2": null, "sale_vs_asking": null, "daft_url": "https://www.daft.ie/sold/34-ballymakenny-drive-ballymakenny-park-drogheda-louth/4F9BD62D87C2DF8B80258BE9006025F4", "not_full_market_price": 0}}, {"type": "Feature", "geometry": {"type": "Point", "coordinates": [-6.350904691590484, 53.70870913673353]}, "properties": {"ppr_id": "8512b62b11f3011e9e9aed36669725a969cc7abc359b9c7a7ff10021c0a5edac", "address": "13 SILK PARK, PLATIN RD, DROGHEDA", "sale_date": "2024-10-22", "price": 360000.0, "property_type": "End of Terrace", "beds": 2.0, "baths": 1.0, "floor_area_m2": null, "ber": "G", "asking_price": null, "eur_per_m2": null, "sale_vs_asking": null, "daft_url": "https://www.daft.ie/sold/13-platin-rd-drogheda-louth/7600FED121AAA20F80258A400033DFF1", "not_full_market_price": 0}}, {"type": "Feature", "geometry": {"type": "Point", "coordinates": [-6.344158263111724, 53.710205190233424]}, "properties": {"ppr_id": "b40f161b0d8a49c3ff392328b5646084e00c8aa680a9f27d0e45c6ee5a90d305", "address": "2 LEGAVOUREEN PARK, DROGHEDA, LOUTH", "sale_date": "2024-10-22", "price": 385000.0, "property_type": "Semi-D", "beds": 3.0, "baths": 2.0, "floor_area_m2": null, "ber": "E2", "asking_price": 385000.0, "eur_per_m2": null, "sale_vs_asking": 0.0, "daft_url": "https://www.daft.ie/sold/2-legavoureen-park-drogheda-louth/C9D1E30AA45815FF80258BC6006034B3", "not_full_market_price": 0}}, {"type": "Feature", "geometry": {"type": "Point", "coordinates": [-6.352811434550511, 53.738195037384536]}, "properties": {"ppr_id": "731340379ca0c496e536ea98a13a079f8520c80496e6e1ba5a5efb8cb94c5742", "address": "3 Ballymakenny Drive, Ballymakenny Park, Drogheda", "sale_date": "2024-10-22", "price": 334801.76, "property_type": null, "beds": null, "baths": null, "floor_area_m2": null, "ber": null, "asking_price": null, "eur_per_m2": null, "sale_vs_asking": null, "daft_url": "https://www.daft.ie/sold/3-ballymakenny-drive-ballymakenny-park-drogheda-louth/B1592D8ADC9BD6A380258BC600603406", "not_full_market_price": 0}}, {"type": "Feature", "geometry": {"type": "Point", "coordinates": [-6.384114647460439, 53.72183291030909]}, "properties": {"ppr_id": "67848f8e532ba7838e735b836f104ff08554776d9ff241524f0607f5015abcbf", "address": "48 BOYNE MEADOWS, SLANE RD, DROGHEDA", "sale_date": "2024-10-22", "price": 259000.0, "property_type": "Duplex", "beds": 3.0, "baths": 2.0, "floor_area_m2": 120.0, "ber": "C3", "asking_price": 255000.0, "eur_per_m2": 2158.3333333333335, "sale_vs_asking": 0.015686274509803866, "daft_url": "https://www.daft.ie/sold/48-boyne-meadows-slane-rd-drogheda-louth/7A2D2DFA260B89B780258BE200602881", "not_full_market_price": 0}}, {"type": "Feature", "geometry": {"type": "Point", "coordinates": [-6.327675809611565, 53.72912349962024]}, "properties": {"ppr_id": "3c827c8e20192bebc6d29ed96fc57d3f4ce43996370cf14fbeee4cd2a88498b9", "address": "175 BEAULIEU VILLAGE, TERMONFECKIN ROAD, DROGHEDA", "sale_date": "2024-10-23", "price": 268722.46, "property_type": null, "beds": null, "baths": null, "floor_area_m2": null, "ber": null, "asking_price": null, "eur_per_m2": null, "sale_vs_asking": null, "daft_url": "https://www.daft.ie/sold/175-beaulieu-village-termonfeckin-road-drogheda-louth/A5C783270E7F91A080258BCD006033D0", "not_full_market_price": 0}}, {"type": "Feature", "geometry": {"type": "Point", "coordinates": [-6.352986776911601, 53.738187709983585]}, "properties": {"ppr_id": "51b1788259d2a05ee61497f66dfac1237b06437cfc3b20da5081e50e70a8c3ce", "address": "32 Ballymakenny Drive, Ballymakenny Park, Drogheda", "sale_date": "2024-10-23", "price": 317181.0, "property_type": null, "beds": null, "baths": null, "floor_area_m2": null, "ber": null, "asking_price": null, "eur_per_m2": null, "sale_vs_asking": null, "daft_url": "https://www.daft.ie/sold/32-ballymakenny-drive-ballymakenny-park-drogheda-louth/EA646BF014AEF71E80258BD4006034D6", "not_full_market_price": 0}}, {"type": "Feature", "geometry": {"type": "Point", "coordinates": [-6.3517330635016, 53.73833506326647]}, "properties": {"ppr_id": "55a9a79e3a4534b2ef3bf75187670d3c78a27ba19c9e15c9874fd2c7749de875", "address": "8 Ballymakenny Close, Ballymakenny Park, Drogheda", "sale_date": "2024-10-23", "price": 325991.18, "property_type": null, "beds": null, "baths": null, "floor_area_m2": null, "ber": null, "asking_price": null, "eur_per_m2": null, "sale_vs_asking": null, "daft_url": "https://www.daft.ie/sold/8-ballymakenny-close-ballymakenny-park-drogheda-louth/65CD2C5B25553F9A80258BC60060368F", "not_full_market_price": 0}}, {"type": "Feature", "geometry": {"type": "Point", "coordinates": [-6.351378257329962, 53.73646549196945]}, "properties": {"ppr_id": "6ed4def3fca4b66f890bca9ad484abce1a1e2a79a11b8c0d6bdc42ac6fef1346", "address": "28 Ballymakenny Drive, Ballymakenny Park, Drogheda", "sale_date": "2024-10-24", "price": 330396.47, "property_type": null, "beds": null, "baths": null, "floor_area_m2": null, "ber": null, "asking_price": null, "eur_per_m2": null, "sale_vs_asking": null, "daft_url": "https://www.daft.ie/sold/28-ballymakenny-drive-ballymakenny-park-drogheda-louth/DC0751A132F83F4480258BC6006036A9", "not_full_market_price": 0}}, {"type": "Feature", "geometry": {"type": "Point", "coordinates": [-6.359631626625719, 53.71919944557784]}, "properties": {"ppr_id": "59144b1a742969238c5f84ecc58ca404a67642c7c0b58e7925623d141d32c340", "address": "41 GEORGIAN CLOSE, DROGHEDA, LOUTH", "sale_date": "2024-10-24", "price": 100000.0, "property_type": null, "beds": null, "baths": null, "floor_area_m2": null, "ber": "C3", "asking_price": null, "eur_per_m2": null, "sale_vs_asking": null, "daft_url": "https://www.daft.ie/sold/41-georgian-close-drogheda-louth/E9FEA01FD2990ED280258BC600603605", "not_full_market_price": 1}}, {"type": "Feature", "geometry": {"type": "Point", "coordinates": [-6.347387451455548, 53.71724057211079]}, "properties": {"ppr_id": "5916e890b5c7a95a5a920079f13dec63b821d27ac4b4a6cef808111dfb802e03", "address": "67 SIENNA, FRANCIS ST, DROGHEDA", "sale_date": "2024-10-24", "price": 323000.0, "property_type": "End of Terrace", "beds": 3.0, "baths": 2.0, "floor_area_m2": 98.0, "ber": "C1", "asking_price": null, "eur_per_m2": 3295.918367346939, "sale_vs_asking": null, "daft_url": "https://www.daft.ie/sold/67-sienna-francis-st-drogheda-louth/22949AFA4CE5708E80258BC600603656", "not_full_market_price": 0}}, {"type": "Feature", "geometry": {"type": "Point", "coordinates": [-6.271463452815907, 53.76155073695053]}, "properties": {"ppr_id": "55937e46018c898e7b703b5fc970c41c0d28ec57d711ce6de3a8a49b82f5b409", "address": "170 BEAULIEU VILLAGE, TERMONFECKIN RD, DROGHEDA", "sale_date": "2024-10-25", "price": 272246.69, "property_type": null, "beds": null, "baths": null, "floor_area_m2": null, "ber": null, "asking_price": null, "eur_per_m2": null, "sale_vs_asking": null, "daft_url": "https://www.daft.ie/sold/170-beaulieu-village-termonfeckin-rd-drogheda-louth/57B993B5A3A5884580258BE9006025F2", "not_full_market_price": 0}}, {"type": "Feature", "geometry": {"type": "Point", "coordinates": [-6.328045225304255, 53.72904609001641]}, "properties": {"ppr_id": "05c6fc29dd71dfb6ab970222da46b73900ab4d90ca63736b680a3f68f6d53023", "address": "179 Beaulieu Village, Termonfeckin Road, Drogheda", "sale_date": "2024-10-25", "price": 330396.0, "property_type": null, "beds": null, "baths": null, "floor_area_m2": null, "ber": null, "asking_price": null, "eur_per_m2": null, "sale_vs_asking": null, "daft_url": "https://www.daft.ie/sold/179-beaulieu-village-termonfeckin-road-drogheda-louth/70F6012BB73A0E8180258BD4006034F5", "not_full_market_price": 0}}, {"type": "Feature", "geometry": {"type": "Point", "coordinates": [-6.3512419914357965, 53.73647056478549]}, "properties": {"ppr_id": "f04e0901ba521fefedc84db5d8b3459466e5410c3a0a38ef56bdd91f3a6b952d", "address": "26 Ballymakenny Drive, Ballymakenny Park, Drogheda", "sale_date": "2024-10-25", "price": 339207.0, "property_type": null, "beds": null, "baths": null, "floor_area_m2": null, "ber": null, "asking_price": null, "eur_per_m2": null, "sale_vs_asking": null, "daft_url": "https://www.daft.ie/sold/26-ballymakenny-drive-ballymakenny-park-drogheda-louth/490AD7FAD6DE21DB80258BCD006033E9", "not_full_market_price": 0}}, {"type": "Feature", "geometry": {"type": "Point", "coordinates": [-6.352992494597289, 53.7381572730873]}, "properties": {"ppr_id": "f2d68a6b358601c7a4ef14e2974c544ce80d9d3a0730c01a20729f8a011ea1e5", "address": "30 BALLYMAKENNY DRIVE, BALLYMAKENNY PARK, DROGHEDA", "sale_date": "2024-10-25", "price": 317180.61, "property_type": null, "beds": null, "baths": null, "floor_area_m2": null, "ber": null, "asking_price": null, "eur_per_m2": null, "sale_vs_asking": null, "daft_url": "https://www.daft.ie/sold/30-ballymakenny-drive-ballymakenny-park-drogheda-louth/2F1ED25EFE6E411380258BF70060380C", "not_full_market_price": 0}}, {"type": "Feature", "geometry": {"type": "Point", "coordinates": [-6.351718769212727, 53.73835197265329]}, "properties": {"ppr_id": "b8ae94b6c77181a7f9e13094c520fd144bf121cf04a8e1f6f4ab275f12e3b77e", "address": "12 Ballymakenny Close, Ballymakenny Park, Drogheda", "sale_date": "2024-10-29", "price": 330396.0, "property_type": null, "beds": null, "baths": null, "floor_area_m2": null, "ber": null, "asking_price": null, "eur_per_m2": null, "sale_vs_asking": null, "daft_url": "https://www.daft.ie/sold/12-ballymakenny-close-ballymakenny-park-drogheda-louth/16D31E7878CDC88680258BD400603515", "not_full_market_price": 0}}, {"type": "Feature", "geometry": {"type": "Point", "coordinates": [-6.359313214111349, 53.71271647373831]}, "properties": {"ppr_id": "73cc7a2b6c8e1bf9b8e822e026526dad0593c732e7789a4a892c88da4d6f8bc6", "address": "2 BALLSGROVE, DROGHEDA, LOUTH", "sale_date": "2024-10-29", "price": 275000.0, "property_type": "Terrace", "beds": 4.0, "baths": 2.0, "floor_area_m2": 139.0, "ber": "D2", "asking_price": null, "eur_per_m2": 1978.4172661870505, "sale_vs_asking": null, "daft_url": "https://www.daft.ie/sold/2-ballsgrove-drogheda-louth/003592B534C146BC80258BD400603741", "not_full_market_price": 0}}, {"type": "Feature", "geometry": {"type": "Point", "coordinates": [-6.344231158187019, 53.711542891535444]}, "properties": {"ppr_id": "9079f1a2b6a9ed771e8d635e2d2edca765d70d2eacdde76d8b2bc53887c26964", "address": "21 SUNNYSIDE COTTAGES, DROGHEDA, LOUTH", "sale_date": "2024-10-29", "price": 205000.0, "property_type": "Terrace", "beds": 2.0, "baths": 1.0, "floor_area_m2": 53.0, "ber": "G", "asking_price": null, "eur_per_m2": 3867.9245283018868, "sale_vs_asking": null, "daft_url": "https://www.daft.ie/sold/21-sunnyside-cottages-drogheda-louth/BCB0C533C14490FD80258BCD00603387", "not_full_market_price": 0}}, {"type": "Feature", "geometry": {"type": "Point", "coordinates": [-6.353038236082791, 53.738193346445854]}, "properties": {"ppr_id": "dbfd537abee83e52f4c414bfef9965f6851d40cc1b8bd549125c4133359a0cea", "address": "36 Ballymakenny Drive, BallymakennyPark, Drogheda", "sale_date": "2024-10-29", "price": 325991.18, "property_type": null, "beds": null, "baths": null, "floor_area_m2": null, "ber": null, "asking_price": null, "eur_per_m2": null, "sale_vs_asking": null, "daft_url": "https://www.daft.ie/sold/36-ballymakenny-drive-ballymakennypark-drogheda-louth/849874F6E83DBBBA80258BCD00603516", "not_full_market_price": 0}}, {"type": "Feature", "geometry": {"type": "Point", "coordinates": [-6.336583312351105, 53.70852357167677]}, "properties": {"ppr_id": "3c99a060951aeaa1177f5d74a07eb0137be1ba84adf06a0556b1fb84b8ff47d4", "address": "12 MOUNT AUBURN CLOSE, BRYANSTOWN, DROGHEDA", "sale_date": "2024-10-30", "price": 340000.0, "property_type": "End of Terrace", "beds": 2.0, "baths": 2.0, "floor_area_m2": 100.0, "ber": "C2", "asking_price": 260000.0, "eur_per_m2": 3400.0, "sale_vs_asking": 0.3076923076923077, "daft_url": "https://www.daft.ie/sold/12-mount-auburn-close-bryanstown-drogheda-louth/0A3093606FA70FC780258BCD006034DB", "not_full_market_price": 0}}, {"type": "Feature", "geometry": {"type": "Point", "coordinates": [-6.327716419057919, 53.729173900379756]}, "properties": {"ppr_id": "519626cf110e787cff200ddfc5abcdc539470b20c70606195129fb19bdb303bb", "address": "174 Beaulieu Village, Termonfeckin Road, Drogheda", "sale_date": "2024-10-30", "price": 312775.0, "property_type": null, "beds": null, "baths": null, "floor_area_m2": null, "ber": null, "asking_price": null, "eur_per_m2": null, "sale_vs_asking": null, "daft_url": "https://www.daft.ie/sold/174-beaulieu-village-termonfeckin-road-drogheda-louth/3441A618184FC23680258BDB00603677", "not_full_market_price": 0}}, {"type": "Feature", "geometry": {"type": "Point", "coordinates": [-6.327971496571518, 53.72912970933257]}, "properties": {"ppr_id": "bedfa6677be8fe32c28a25f3c168895dd5d63632f8e6392519309c81ecb007cc", "address": "178 Beaulieu Village, Termonfeckin Road, Drogheda", "sale_date": "2024-10-30", "price": 330396.0, "property_type": null, "beds": null, "baths": null, "floor_area_m2": null, "ber": null, "asking_price": null, "eur_per_m2": null, "sale_vs_asking": null, "daft_url": "https://www.daft.ie/sold/178-beaulieu-village-termonfeckin-road-drogheda-louth/A21E99FF722111FC80258BE200602762", "not_full_market_price": 0}}, {"type": "Feature", "geometry": {"type": "Point", "coordinates": [-6.355549485165721, 53.708348328323225]}, "properties": {"ppr_id": "783df572ba266c12d3c30abbd3bc55020a97e875cf62aa15fb99db7db26e33c1", "address": "36 MORANS TERRACE, DROGHEDA, LOUTH", "sale_date": "2024-10-30", "price": 325000.0, "property_type": null, "beds": null, "baths": null, "floor_area_m2": null, "ber": "D2", "asking_price": null, "eur_per_m2": null, "sale_vs_asking": null, "daft_url": "https://www.daft.ie/sold/36-morans-terrace-drogheda-louth/8F1D9927C97B225C80258BE2006028A6", "not_full_market_price": 0}}, {"type": "Feature", "geometry": {"type": "Point", "coordinates": [-6.359263690851339, 53.712638126912694]}, "properties": {"ppr_id": "bdeeedc5d01378e0d2f31674c0082f80eeba8878f533af35503fdb28235a2120", "address": "378 BALLSGROVE, DROGHEDA, LOUTH", "sale_date": "2024-10-30", "price": 200000.0, "property_type": null, "beds": null, "baths": null, "floor_area_m2": null, "ber": null, "asking_price": null, "eur_per_m2": null, "sale_vs_asking": null, "daft_url": "https://www.daft.ie/sold/378-ballsgrove-drogheda-louth/0F79C6F1D598A10A80258BCD006033AB", "not_full_market_price": 1}}, {"type": "Feature", "geometry": {"type": "Point", "coordinates": [-6.344963011405218, 53.71886340922407]}, "properties": {"ppr_id": "5999d673c157fbfcfab87fa5b70685dc1056d9b34b2e4b18644f9248e38d2301", "address": "4 ST BRIDGETS TERRACE, SCARLET ST, DROGHEDA", "sale_date": "2024-10-30", "price": 235000.0, "property_type": null, "beds": null, "baths": null, "floor_area_m2": null, "ber": null, "asking_price": null, "eur_per_m2": null, "sale_vs_asking": null, "daft_url": "https://www.daft.ie/sold/4-st-bridgets-terrace-scarlet-st-drogheda-louth/1B4AB5533E75717480258BCD0060330B", "not_full_market_price": 0}}, {"type": "Feature", "geometry": {"type": "Point", "coordinates": [-6.32793235622365, 53.72912674525234]}, "properties": {"ppr_id": "e894e97ab1c31d9c835e56b209031e6a6cb4a9f7e1c95b298f92d5dc35b2b82d", "address": "176 Beaulieu Village, Termonfeckin Road, Drogheda", "sale_date": "2024-10-31", "price": 268700.0, "property_type": null, "beds": null, "baths": null, "floor_area_m2": null, "ber": null, "asking_price": null, "eur_per_m2": null, "sale_vs_asking": null, "daft_url": "https://www.daft.ie/sold/176-beaulieu-village-termonfeckin-road-drogheda-louth/E9BBCEEC8819FEA180258BF0006024FA", "not_full_market_price": 0}}, {"type": "Feature", "geometry": {"type": "Point", "coordinates": [-6.387854288616577, 53.71496231709187]}, "properties": {"ppr_id": "56e84e42650c9553361b78170f6bf8036291f7fa235f16645c354a717b67b536", "address": "20 THE GREEN, RIVERBANK, DROGHEDA", "sale_date": "2024-10-31", "price": 285000.0, "property_type": "End of Terrace", "beds": 3.0, "baths": 2.0, "floor_area_m2": null, "ber": "C3", "asking_price": 249000.0, "eur_per_m2": null, "sale_vs_asking": 0.14457831325301207, "daft_url": "https://www.daft.ie/sold/20-the-green-riverbank-drogheda-louth/CD88AE1D346398F180258BF700603627", "not_full_market_price": 0}}, {"type": "Feature", "geometry": {"type": "Point", "coordinates": [-6.351767369794892, 53.73838579142694]}, "properties": {"ppr_id": "9759f218216c1eb4e35d4f76042671b61fc8e1cc91da10d416c4d43ef6a53be0", "address": "10 Ballymakenny Close, Drogheda, Co Louth", "sale_date": "2024-11-01", "price": 330396.0, "property_type": null, "beds": null, "baths": null, "floor_area_m2": null, "ber": null, "asking_price": null, "eur_per_m2": null, "sale_vs_asking": null, "daft_url": "https://www.daft.ie/sold/10-ballymakenny-close-drogheda/C82BBC78D80DDBE680258BD400603707", "not_full_market_price": 0}}, {"type": "Feature", "geometry": {"type": "Point", "coordinates": [-6.351764510937118, 53.73832040846455]}, "properties": {"ppr_id": "bac949c2dc36c366152841dc9c2d306961416b1f0a9fd25f6e8c45303b2a62a9", "address": "14 Ballymakenny Close, Ballymakenny Park, Drogheda", "sale_date": "2024-11-04", "price": 325991.18, "property_type": null, "beds": null, "baths": null, "floor_area_m2": null, "ber": null, "asking_price": null, "eur_per_m2": null, "sale_vs_asking": null, "daft_url": "https://www.daft.ie/sold/14-ballymakenny-close-ballymakenny-park-drogheda-louth/CE95A07253C3636380258BF0006025CA", "not_full_market_price": 0}}, {"type": "Feature", "geometry": {"type": "Point", "coordinates": [-6.3513906451385225, 53.73645590998358]}, "properties": {"ppr_id": "dea0cc014a3cad0b51128101a0ec9adcbf24c784c173327263aad49c4f5d51ad", "address": "52 Ballymakenny Drive, Ballymakenny Park, Drogheda", "sale_date": "2024-11-04", "price": 325991.0, "property_type": null, "beds": null, "baths": null, "floor_area_m2": null, "ber": null, "asking_price": null, "eur_per_m2": null, "sale_vs_asking": null, "daft_url": "https://www.daft.ie/sold/52-ballymakenny-drive-ballymakenny-park-drogheda-louth/23F92AC155098ED980258BD400603591", "not_full_market_price": 0}}, {"type": "Feature", "geometry": {"type": "Point", "coordinates": [-6.34789742811083, 53.713475745794845]}, "properties": {"ppr_id": "b6863a3bf400dcae0741d259f22781a356b1357a329ab958e09645246f528aa3", "address": "APARTMENT 25 NEW STREET, SCOTCH HALL, DROGHEDA", "sale_date": "2024-11-04", "price": 211000.0, "property_type": "Apartment", "beds": 2.0, "baths": 2.0, "floor_area_m2": 65.0, "ber": "C2", "asking_price": 189000.0, "eur_per_m2": 3246.153846153846, "sale_vs_asking": 0.1164021164021165, "daft_url": "https://www.daft.ie/sold/apartment-25-new-street-scotch-hall-drogheda-louth/17AC8CC1C543401780258BE900602412", "not_full_market_price": 0}}, {"type": "Feature", "geometry": {"type": "Point", "coordinates": [-6.32813819938929, 53.72925012604468]}, "properties": {"ppr_id": "297cd5f7b295f6ae1efc465f7392001566b71fd69ffc43989dd174a6809e0471", "address": "169 Beaulieu Village, Termonfeckin Road, Drogheda", "sale_date": "2024-11-05", "price": 314537.0, "property_type": null, "beds": null, "baths": null, "floor_area_m2": null, "ber": null, "asking_price": null, "eur_per_m2": null, "sale_vs_asking": null, "daft_url": "https://www.daft.ie/sold/169-beaulieu-village-termonfeckin-road-drogheda-louth/1758CDB3D8B413F980258BE90060265C", "not_full_market_price": 0}}, {"type": "Feature", "geometry": {"type": "Point", "coordinates": [-6.360918380917688, 53.73127967243629]}, "properties": {"ppr_id": "c2b1fefd3b2306905e68664ff2ac2cd6affb8d54db6ffedc042079f1dae0f949", "address": "43-49 Ferrard Park, The Twenties, Drogheda", "sale_date": "2024-11-05", "price": 1920160.44, "property_type": null, "beds": null, "baths": null, "floor_area_m2": null, "ber": null, "asking_price": null, "eur_per_m2": null, "sale_vs_asking": null, "daft_url": "https://www.daft.ie/sold/43-49-ferrard-park-the-twenties-drogheda-louth/37047DACC46C235180258BD400603683", "not_full_market_price": 1}}, {"type": "Feature", "geometry": {"type": "Point", "coordinates": [-6.34594387973911, 53.71798169164395]}, "properties": {"ppr_id": "c5d76200a70ea6e70a476f88f243e4f2a95be9f41bc5771201f571f357103f90", "address": "14 ST CATHERINES, SIENNA CONVENT, DROGHEDA", "sale_date": "2024-11-06", "price": 180000.0, "property_type": null, "beds": null, "baths": null, "floor_area_m2": null, "ber": null, "asking_price": null, "eur_per_m2": null, "sale_vs_asking": null, "daft_url": "https://www.daft.ie/sold/14-st-catherines-sienna-convent-drogheda-louth/B8084C24D1D727FA80258BE900602682", "not_full_market_price": 0}}, {"type": "Feature", "geometry": {"type": "Point", "coordinates": [-6.352818105183814, 53.738145436516525]}, "properties": {"ppr_id": "f77f66f9958a77793c2253ce09309b2e3cff92bbf30e274f07dc4087a04df917", "address": "50 BALLYMAKENNY DRIVE, BALLYMAKENNY PARK  DROGHEDA", "sale_date": "2024-11-06", "price": 330396.48, "property_type": null, "beds": null, "baths": null, "floor_area_m2": null, "ber": null, "asking_price": null, "eur_per_m2": null, "sale_vs_asking": null, "daft_url": "https://www.daft.ie/sold/50-ballymakenny-drive-ballymakenny-park-drogheda-louth/8CB092DE587208C180258BF000602450", "not_full_market_price": 0}}, {"type": "Feature", "geometry": {"type": "Point", "coordinates": [-6.351329659004071, 53.73635952647869]}, "properties": {"ppr_id": "0da8b7800f249dc7c666f3a4be27ad4d5249fb12ddb2f61150a2d7ff1fd98d4a", "address": "1 Ballymakenny Drive, Ballymakenny Park, Drogheda", "sale_date": "2024-11-08", "price": 339207.04, "property_type": null, "beds": null, "baths": null, "floor_area_m2": null, "ber": null, "asking_price": null, "eur_per_m2": null, "sale_vs_asking": null, "daft_url": "https://www.daft.ie/sold/1-ballymakenny-drive-ballymakenny-park-drogheda-louth/A366570990125DEB80258BDB00603255", "not_full_market_price": 0}}, {"type": "Feature", "geometry": {"type": "Point", "coordinates": [-6.35966026070398, 53.71681823597402]}, "properties": {"ppr_id": "82d412e0994dd5f8daa334442d1be7b8e621d59c010ea6dfa866050badd8b748", "address": "74 APT 1 THE COURTYARD, TRINITY ST, DROGHEDA", "sale_date": "2024-11-08", "price": 210000.0, "property_type": null, "beds": null, "baths": null, "floor_area_m2": null, "ber": null, "asking_price": null, "eur_per_m2": null, "sale_vs_asking": null, "daft_url": "https://www.daft.ie/sold/74-apt-1-the-courtyard-trinity-st-drogheda-louth/B505B93416B92CE480258BE900602672", "not_full_market_price": 0}}, {"type": "Feature", "geometry": {"type": "Point", "coordinates": [-6.356192197919326, 53.72193781926191]}, "properties": {"ppr_id": "6b1ae14e58e4ba8888c057251f217e0b479b81a95eb8023a8202ff5bf06b02ca", "address": "11 WINDMILL COURT, WINDMILL RD, DROGHEDA", "sale_date": "2024-11-11", "price": 160000.0, "property_type": null, "beds": null, "baths": null, "floor_area_m2": null, "ber": null, "asking_price": null, "eur_per_m2": null, "sale_vs_asking": null, "daft_url": "https://www.daft.ie/sold/11-windmill-court-windmill-rd-drogheda-louth/086140D274D8DF8880258BDB00603349", "not_full_market_price": 0}}, {"type": "Feature", "geometry": {"type": "Point", "coordinates": [-6.332024220425742, 53.72708769940324]}, "properties": {"ppr_id": "c151324726f8f2d99ec4303275a80c29b27871baf112059f53fc091d8ed18dd8", "address": "65 CHERRYWOOD DR, TERMON ABBEY, DROGHEDA", "sale_date": "2024-11-11", "price": 55000.0, "property_type": null, "beds": null, "baths": null, "floor_area_m2": null, "ber": "C2", "asking_price": null, "eur_per_m2": null, "sale_vs_asking": null, "daft_url": "https://www.daft.ie/sold/65-cherrywood-dr-termon-abbey-drogheda-louth/12B9CB275CFBBDEC80258BDB006033A3", "not_full_market_price": 1}}, {"type": "Feature", "geometry": {"type": "Point", "coordinates": [-6.348300289520295, 53.72282361709187]}, "properties": {"ppr_id": "a5f9e89075294e08180bd540873f2a043e649da66a8e2da41c95bf6745745903", "address": "BALLYMAKENNY, DROGHEDA, CO LOUTH", "sale_date": "2024-11-12", "price": 200000.0, "property_type": "Bungalow", "beds": 3.0, "baths": null, "floor_area_m2": 80.2, "ber": "D1", "asking_price": 299000.0, "eur_per_m2": 2493.7655860349128, "sale_vs_asking": -0.3311036789297659, "daft_url": "https://www.daft.ie/sold/ballymakenny-rd-townrath-drogheda-louth/99EF557DEEE0CA9180258DC5006033F0", "not_full_market_price": 0}}, {"type": "Feature", "geometry": {"type": "Point", "coordinates": [-6.369518306506953, 53.719315318610896]}, "properties": {"ppr_id": "e6e5aa742eac2e8fd64656ad0a64e71b1482b70bb11610c5f353211e0774b297", "address": "17 BOYNE VALLEY COTTAGES, MELL, DROGHEDA", "sale_date": "2024-11-13", "price": 300000.0, "property_type": "Semi-D", "beds": 3.0, "baths": 1.0, "floor_area_m2": null, "ber": "E2", "asking_price": null, "eur_per_m2": null, "sale_vs_asking": null, "daft_url": "https://www.daft.ie/sold/17-boyne-valley-cottages-mell-drogheda-louth/591F0480C1E8BFC980258BFE006033D6", "not_full_market_price": 0}}, {"type": "Feature", "geometry": {"type": "Point", "coordinates": [-6.346766005300614, 53.733121253554145]}, "properties": {"ppr_id": "c1316f08e6f71971f4e44a210944d0fe34114ed277a7ed863a673798eb97a0cd", "address": "SPIRE VIEW HOUSE, CARTOWN RD, BALLYMAKENNY", "sale_date": "2024-11-14", "price": 610000.0, "property_type": null, "beds": null, "baths": null, "floor_area_m2": null, "ber": null, "asking_price": null, "eur_per_m2": null, "sale_vs_asking": null, "daft_url": "https://www.daft.ie/sold/2-ballymakenny-view-ballymakenny-road-louth/340E8B84D6C7D0BF80258DCC005AB976", "not_full_market_price": 0}}, {"type": "Feature", "geometry": {"type": "Point", "coordinates": [-6.3518016760881855, 53.73840777362981]}, "properties": {"ppr_id": "f0c92a3cb399798add04aaa6c302ac6d571d485978a9a77b60372228d2111958", "address": "11 Ballymakenny Close, Ballymakenny Park, Drogheda", "sale_date": "2024-11-15", "price": 339207.05, "property_type": null, "beds": null, "baths": null, "floor_area_m2": null, "ber": null, "asking_price": null, "eur_per_m2": null, "sale_vs_asking": null, "daft_url": "https://www.daft.ie/sold/11-ballymakenny-close-ballymakenny-park-drogheda-louth/A2700C95E570CA7280258BFE00603AA8", "not_full_market_price": 0}}, {"type": "Feature", "geometry": {"type": "Point", "coordinates": [-6.336591882854379, 53.70858726370047]}, "properties": {"ppr_id": "fd7dbfbdb7f1626698346c8b883e5ec337f63fc26c1c142987f8e82ad608bfdc", "address": "13 THE GROVE, BRYANSTOWN, DROGHEDA", "sale_date": "2024-11-15", "price": 280000.0, "property_type": "Duplex", "beds": 3.0, "baths": 3.0, "floor_area_m2": null, "ber": "C3", "asking_price": 280000.0, "eur_per_m2": null, "sale_vs_asking": 0.0, "daft_url": "https://www.daft.ie/sold/13-the-grove-bryanstown-drogheda-louth/8348655B554BBBDE80258BE9006027B1", "not_full_market_price": 0}}, {"type": "Feature", "geometry": {"type": "Point", "coordinates": [-6.337325531144483, 53.71994308279963]}, "properties": {"ppr_id": "6bf6548c84b8b4d40d9f66ed40822851c9ec200ceabd9a4a3db0c057b8f8e760", "address": "5 BREDIN ST DROGHEDA, DROGHEDA, LOUTH", "sale_date": "2024-11-15", "price": 250000.0, "property_type": "Terrace", "beds": 3.0, "baths": 1.0, "floor_area_m2": null, "ber": "D2", "asking_price": null, "eur_per_m2": null, "sale_vs_asking": null, "daft_url": "https://www.daft.ie/sold/5-bredin-st-drogheda-drogheda-louth/611B84F2E8FCA58E80258BE90060277C", "not_full_market_price": 0}}, {"type": "Feature", "geometry": {"type": "Point", "coordinates": [-6.358378455391964, 53.713919126370186]}, "properties": {"ppr_id": "62ad6b0b97ac2b97693cf6ae29a294346adbb449f15a94c1849c44aa770e9881", "address": "35 RIVERCOURT, RATHMULLAN RD, DROGHEDA", "sale_date": "2024-11-18", "price": 263000.0, "property_type": "Apartment", "beds": 3.0, "baths": 2.0, "floor_area_m2": 104.1, "ber": "C1", "asking_price": 245000.0, "eur_per_m2": 2526.416906820365, "sale_vs_asking": 0.07346938775510203, "daft_url": "https://www.daft.ie/sold/35-rivercourt-rathmullan-rd-drogheda-louth/90A6A8DDBE12799580258C050060324F", "not_full_market_price": 0}}, {"type": "Feature", "geometry": {"type": "Point", "coordinates": [-6.369450677547458, 53.71928600900707]}, "properties": {"ppr_id": "c676a4218c9e3110393dca2d52c34c30502f88e743504e348d74e84ee1378896", "address": "11 LOUGHBOY, MELL, DROGHEDA", "sale_date": "2024-11-19", "price": 200000.0, "property_type": null, "beds": null, "baths": null, "floor_area_m2": null, "ber": null, "asking_price": null, "eur_per_m2": null, "sale_vs_asking": null, "daft_url": "https://www.daft.ie/sold/11-loughboy-mell-drogheda-louth/D251241FBB103E3E80258BFE0060340A", "not_full_market_price": 0}}, {"type": "Feature", "geometry": {"type": "Point", "coordinates": [-6.352496356182036, 53.71532629907773]}, "properties": {"ppr_id": "5753bed1bb872ab7dbb324c57692c90ca5c0e3ec50a4ad43c60de62a67922f9c", "address": "2 CHURCH ST, DROGHEDA, LOUTH", "sale_date": "2024-11-19", "price": 208000.0, "property_type": "Terrace", "beds": 3.0, "baths": 1.0, "floor_area_m2": 75.0, "ber": "E1", "asking_price": 165000.0, "eur_per_m2": 2773.3333333333335, "sale_vs_asking": 0.2606060606060605, "daft_url": "https://www.daft.ie/sold/2-church-st-drogheda-louth/602C7307E88EC2D580258BFE006037EB", "not_full_market_price": 0}}, {"type": "Feature", "geometry": {"type": "Point", "coordinates": [-6.383200215531688, 53.71256926478549]}, "properties": {"ppr_id": "b0499ff2481617170479eb97f4036438965b1412629e2c6c808eadaf1fa429f6", "address": "41 THE AVENUE HIGHLANDS, DROGHEDA, LOUTH", "sale_date": "2024-11-19", "price": 300000.0, "property_type": null, "beds": null, "baths": null, "floor_area_m2": null, "ber": null, "asking_price": null, "eur_per_m2": null, "sale_vs_asking": null, "daft_url": "https://www.daft.ie/sold/41-the-avenue-highlands-drogheda-louth/4740F9C59A107F7B80258BE20060266C", "not_full_market_price": 0}}, {"type": "Feature", "geometry": {"type": "Point", "coordinates": [-6.359415117742525, 53.71259247156827]}, "properties": {"ppr_id": "4067faad0f77f940c66681e815513c5c135228e2a36c0f33ade0c224d040aa2e", "address": "238 BALLSGROVE, DROGHEDA, LOUTH", "sale_date": "2024-11-20", "price": 270000.0, "property_type": "End of Terrace", "beds": 3.0, "baths": 2.0, "floor_area_m2": null, "ber": "D2", "asking_price": null, "eur_per_m2": null, "sale_vs_asking": null, "daft_url": "https://www.daft.ie/sold/238-ballsgrove-drogheda-louth/2A54DEE94E3DC89680258BE900602527", "not_full_market_price": 0}}, {"type": "Feature", "geometry": {"type": "Point", "coordinates": [-6.329724533076389, 53.732982719153405]}, "properties": {"ppr_id": "8bde6553b829a4ba1f488684cf18ebe629dacf720e8e0fc6060393885480a21f", "address": "10 HERON ST, ASTON VILLAGE, DROGHEDA", "sale_date": "2024-11-22", "price": 285000.0, "property_type": "Semi-D", "beds": 3.0, "baths": 3.0, "floor_area_m2": 93.0, "ber": "C2", "asking_price": 255000.0, "eur_per_m2": 3064.516129032258, "sale_vs_asking": 0.11764705882352944, "daft_url": "https://www.daft.ie/sold/10-heron-st-aston-village-drogheda-louth/99E8E4492EFC256C80258BE9006024AD", "not_full_market_price": 0}}, {"type": "Feature", "geometry": {"type": "Point", "coordinates": [-6.328235356671714, 53.72929991763437]}, "properties": {"ppr_id": "c5e665a38fd7155b7599a74ecec2c971d1f77f0cb152499535c5ee7d2b99dcca", "address": "171 Beaulieu Village, Termonfeckin Road, Drogheda", "sale_date": "2024-11-22", "price": 272246.7, "property_type": null, "beds": null, "baths": null, "floor_area_m2": null, "ber": null, "asking_price": null, "eur_per_m2": null, "sale_vs_asking": null, "daft_url": "https://www.daft.ie/sold/171-beaulieu-village-termonfeckin-road-drogheda-louth/66B9F7D5370F7A4580258BE200602981", "not_full_market_price": 0}}, {"type": "Feature", "geometry": {"type": "Point", "coordinates": [-6.329267527719059, 53.72831851009209]}, "properties": {"ppr_id": "62962858912c697862cf1db887d309f1cca581d7af65039497440c24a23d15aa", "address": "22 SYCAMORE CLOSE, TERMON ABBEY, DROGHEDA", "sale_date": "2024-11-22", "price": 300000.0, "property_type": "Semi-D", "beds": 3.0, "baths": 2.0, "floor_area_m2": null, "ber": "C2", "asking_price": null, "eur_per_m2": null, "sale_vs_asking": null, "daft_url": "https://www.daft.ie/sold/22-sycamore-close-termon-abbey-drogheda-louth/C1C4989E525F94FE80258BF7006036D5", "not_full_market_price": 0}}, {"type": "Feature", "geometry": {"type": "Point", "coordinates": [-6.361896952637605, 53.71494136445999]}, "properties": {"ppr_id": "890b0ec161c2788a8db20dbb83f1933be5cbb2ce1beb4263e30a7691f5129e4d", "address": "280 RATHMULLEN, DROGHEDA, CO LOUTH", "sale_date": "2024-11-22", "price": 225000.0, "property_type": "End of Terrace", "beds": 3.0, "baths": 1.0, "floor_area_m2": 79.6, "ber": "D2", "asking_price": 185000.0, "eur_per_m2": 2826.633165829146, "sale_vs_asking": 0.21621621621621623, "daft_url": "https://www.daft.ie/sold/280-rathmullen-drogheda/A94756F59A10366180258BF700603372", "not_full_market_price": 0}}, {"type": "Feature", "geometry": {"type": "Point", "coordinates": [-6.347188650490761, 53.715867490992935]}, "properties": {"ppr_id": "0f744be67d9a479bcc11eee6b9ba56af36cb700723d3260d930ad95cb83a0a56", "address": "3 ROSE HILL COTTAGES, CORD RD, DROGHEDA", "sale_date": "2024-11-22", "price": 270000.0, "property_type": "Terrace", "beds": 3.0, "baths": 2.0, "floor_area_m2": 116.1, "ber": "C3", "asking_price": 270000.0, "eur_per_m2": 2325.5813953488373, "sale_vs_asking": 0.0, "daft_url": "https://www.daft.ie/sold/3-rose-hill-cottages-cord-rd-drogheda-louth/71F8B68D1DAAC95480258C1400603330", "not_full_market_price": 0}}, {"type": "Feature", "geometry": {"type": "Point", "coordinates": [-6.351274390319724, 53.73640123629952]}, "properties": {"ppr_id": "07c8fa63cc38a9be6fa57290f30ff84311a67ffe6662e006b7df17c83735a35d", "address": "11 BALLYMAKENNY DRIVE, BALLYMAKENNY PARK  DROGHEDA", "sale_date": "2024-11-28", "price": 383259.91, "property_type": null, "beds": null, "baths": null, "floor_area_m2": null, "ber": null, "asking_price": null, "eur_per_m2": null, "sale_vs_asking": null, "daft_url": "https://www.daft.ie/sold/11-ballymakenny-drive-ballymakenny-park-drogheda-louth/DA732B0F2D3415B780258C140060333B", "not_full_market_price": 0}}, {"type": "Feature", "geometry": {"type": "Point", "coordinates": [-6.353640347417177, 53.73752019875223]}, "properties": {"ppr_id": "6cb778f4c4fda2f32ccf2c45fc6fa5b13e39da1c884fb459eab4f8e6e3fc28d5", "address": "13 Ballymakenny Dene, Ballymakenny Park, Drogheda", "sale_date": "2024-11-28", "price": 343612.0, "property_type": null, "beds": null, "baths": null, "floor_area_m2": null, "ber": null, "asking_price": null, "eur_per_m2": null, "sale_vs_asking": null, "daft_url": "https://www.daft.ie/sold/13-ballymakenny-dene-ballymakenny-park-drogheda-louth/F7747AF4A956AE2A80258BE900602866", "not_full_market_price": 0}}, {"type": "Feature", "geometry": {"type": "Point", "coordinates": [-6.353699429402879, 53.73752978073809]}, "properties": {"ppr_id": "8aed14e42d7c069b8258d7c94801d16bd04ede2ddb8a252bf4be96846ec1c06d", "address": "18 Ballymakenny Dene, Ballymakenny Park, Drogheda", "sale_date": "2024-11-28", "price": 361233.0, "property_type": null, "beds": null, "baths": null, "floor_area_m2": null, "ber": null, "asking_price": null, "eur_per_m2": null, "sale_vs_asking": null, "daft_url": "https://www.daft.ie/sold/18-ballymakenny-dene-ballymakenny-park-drogheda-louth/88CEC3F390D7E98380258BE900602846", "not_full_market_price": 0}}, {"type": "Feature", "geometry": {"type": "Point", "coordinates": [-6.346722720629054, 53.720528244275826]}, "properties": {"ppr_id": "afc2de67e991f5c1375e6ec93a0c7201cf0edc4e99fde1ac119b546c19dd9837", "address": "218 PEARSE PARK, DROGHEDA, LOUTH", "sale_date": "2024-11-28", "price": 147000.0, "property_type": null, "beds": null, "baths": null, "floor_area_m2": null, "ber": "C2", "asking_price": null, "eur_per_m2": null, "sale_vs_asking": null, "daft_url": "https://www.daft.ie/sold/218-pearse-park-drogheda-louth/34D6696F532E711180258BF7006037FD", "not_full_market_price": 1}}, {"type": "Feature", "geometry": {"type": "Point", "coordinates": [-6.33987859918824, 53.725946090124914]}, "properties": {"ppr_id": "a7ec918e9bf9889cadb6a3b6247622c6e1c8cb96f3c88b025fcb73039915781f", "address": "30 BALLYPARK, DROGHEDA, CO. LOUTH", "sale_date": "2024-11-28", "price": 343000.0, "property_type": "Semi-D", "beds": 3.0, "baths": 2.0, "floor_area_m2": 105.0, "ber": "D1", "asking_price": 295000.0, "eur_per_m2": 3266.6666666666665, "sale_vs_asking": 0.16271186440677976, "daft_url": "https://www.daft.ie/sold/30-ballypark-drogheda/F19DACFE65851E2280258BF000602731", "not_full_market_price": 0}}, {"type": "Feature", "geometry": {"type": "Point", "coordinates": [-6.343762580315943, 53.72726871828539]}, "properties": {"ppr_id": "267c8255838ff568608eadf26c85fee9ca97275049d5c9820ba06bb25f873ef4", "address": "39 ASCAL A TRI, YELLOWBATTER, DROGHEDA", "sale_date": "2024-11-28", "price": 208000.0, "property_type": "Terrace", "beds": 3.0, "baths": 1.0, "floor_area_m2": 86.0, "ber": "D1", "asking_price": 195000.0, "eur_per_m2": 2418.6046511627906, "sale_vs_asking": 0.06666666666666665, "daft_url": "https://www.daft.ie/sold/39-ascal-a-tri-yellowbatter-drogheda-louth/88751B8A48C80E3B80258BF000602558", "not_full_market_price": 0}}, {"type": "Feature", "geometry": {"type": "Point", "coordinates": [-6.353718488107945, 53.73760530933257]}, "properties": {"ppr_id": "0b9c7268728f4f76cd84542d017cd83aa19bef073452aa97a995862b20ad1e8e", "address": "5 Ballymakenny Dene, Ballymakenny Park, Drogheda", "sale_date": "2024-11-28", "price": 321586.0, "property_type": null, "beds": null, "baths": null, "floor_area_m2": null, "ber": null, "asking_price": null, "eur_per_m2": null, "sale_vs_asking": null, "daft_url": "https://www.daft.ie/sold/5-ballymakenny-dene-ballymakenny-park-drogheda-louth/319B92BB170B365D80258BE90060284C", "not_full_market_price": 0}}, {"type": "Feature", "geometry": {"type": "Point", "coordinates": [-6.362078865048427, 53.7149436190449]}, "properties": {"ppr_id": "f9d58182130de2f4b93015681549341741d5ee26adef330bab8c4fa702616e68", "address": "6 HIGHBURY, RATHMULLEN RD, DROGHEDA", "sale_date": "2024-11-28", "price": 271921.0, "property_type": null, "beds": null, "baths": null, "floor_area_m2": null, "ber": null, "asking_price": null, "eur_per_m2": null, "sale_vs_asking": null, "daft_url": "https://www.daft.ie/sold/6-highbury-rathmullen-rd-drogheda-louth/6D6C019B37EF9F4580258BF7006036A7", "not_full_market_price": 1}}, {"type": "Feature", "geometry": {"type": "Point", "coordinates": [-6.353817593374284, 53.737552890233424]}, "properties": {"ppr_id": "8ee274d001617d80056a009ffa58823c4d20fe49c2be2f52dbaec6d5f8d964de", "address": "8 Ballymakenny Dene, Ballymakenny Park, Drogheda", "sale_date": "2024-11-28", "price": 361234.0, "property_type": null, "beds": null, "baths": null, "floor_area_m2": null, "ber": null, "asking_price": null, "eur_per_m2": null, "sale_vs_asking": null, "daft_url": "https://www.daft.ie/sold/8-ballymakenny-dene-ballymakenny-park-drogheda-louth/DF4454ADA91394CB80258BF0006029B9", "not_full_market_price": 0}}, {"type": "Feature", "geometry": {"type": "Point", "coordinates": [-6.351453537089676, 53.73646154644585]}, "properties": {"ppr_id": "e79ad752c819d36d4bbbdd9e43590135c36ecb3061877a44f9a3c2f268bb6a95", "address": "9 BALLYMAKENNY DRIVE, BALLYMAKENNY PARK  DROGHEDA", "sale_date": "2024-11-28", "price": 383260.0, "property_type": null, "beds": null, "baths": null, "floor_area_m2": null, "ber": null, "asking_price": null, "eur_per_m2": null, "sale_vs_asking": null, "daft_url": "https://www.daft.ie/sold/9-ballymakenny-drive-ballymakenny-park-drogheda-louth/7390383EB1882C3C80258BF700603377", "not_full_market_price": 0}}, {"type": "Feature", "geometry": {"type": "Point", "coordinates": [-6.353735640942504, 53.73761376402599]}, "properties": {"ppr_id": "b5f7380871bb6a3a61a2178037b5b30a00aafd3df7f16f3bd92a36cc831eeb46", "address": "21  Ballymakenny Dene, Ballymakenny Park", "sale_date": "2024-11-29", "price": 330396.48, "property_type": null, "beds": null, "baths": null, "floor_area_m2": null, "ber": null, "asking_price": null, "eur_per_m2": null, "sale_vs_asking": null, "daft_url": "https://www.daft.ie/sold/21-listoke-wood-ballymakenny-road-drogheda-louth/7BBD227C81CC076F80258E0B005AB408", "not_full_market_price": 0}}, {"type": "Feature", "geometry": {"type": "Point", "coordinates": [-6.342506195812445, 53.71822990113927]}, "properties": {"ppr_id": "d6caa930ea9f914bd27d3d6660490b032d2a86b3886b7a61a517222204c36cb5", "address": "22 SANDYFORD TCE, DROGHEDA, LOUTH", "sale_date": "2024-11-29", "price": 220000.0, "property_type": "Bungalow", "beds": 3.0, "baths": 1.0, "floor_area_m2": 55.0, "ber": "G", "asking_price": 165000.0, "eur_per_m2": 4000.0, "sale_vs_asking": 0.33333333333333326, "daft_url": "https://www.daft.ie/sold/22-sandyford-tce-drogheda-louth/B75661BF173AB3B580258BF00060242B", "not_full_market_price": 0}}, {"type": "Feature", "geometry": {"type": "Point", "coordinates": [-6.354714728987153, 53.737397064894]}, "properties": {"ppr_id": "89cf379343d5d0a2fb126c08973643cecf6f7205669dab224a6dce36f551dc0c", "address": "24 Ballymakenny Avenue, Ballymakenny Park, Drogheda", "sale_date": "2024-11-29", "price": 321585.9, "property_type": null, "beds": null, "baths": null, "floor_area_m2": null, "ber": null, "asking_price": null, "eur_per_m2": null, "sale_vs_asking": null, "daft_url": "https://www.daft.ie/sold/24-ballymakenny-avenue-ballymakenny-park-drogheda-louth/EAB2C5F3032D64C980258BE900602913", "not_full_market_price": 0}}, {"type": "Feature", "geometry": {"type": "Point", "coordinates": [-6.274836678296502, 53.75819921774288]}, "properties": {"ppr_id": "c6a0b8649a70355602f550d685aef919849683a53065670520edfe9961791033", "address": "31 ORIEL HEIGHTS, DROGHEDA RD, COLLON", "sale_date": "2024-11-29", "price": 226904.0, "property_type": "Semi-D", "beds": 3.0, "baths": 1.0, "floor_area_m2": 95.0, "ber": "E1", "asking_price": null, "eur_per_m2": 2388.463157894737, "sale_vs_asking": null, "daft_url": "https://www.daft.ie/sold/31-harmony-heights-drogheda-louth/C861E49D8862E99B802585B400476F3F", "not_full_market_price": 0}}, {"type": "Feature", "geometry": {"type": "Point", "coordinates": [-6.358662732758004, 53.72116937287029]}, "properties": {"ppr_id": "394a5e06f5bd5e4f33c6770e334f7d2c1f491c726d7c79c0d6ac6f586e557635", "address": "7 ASHFIELD CRESCENT, RD NORTH, DROGHEDA", "sale_date": "2024-11-29", "price": 425000.0, "property_type": "Detached", "beds": 4.0, "baths": 3.0, "floor_area_m2": 128.0, "ber": "C1", "asking_price": 425000.0, "eur_per_m2": 3320.3125, "sale_vs_asking": 0.0, "daft_url": "https://www.daft.ie/sold/7-ashfield-crescent-rd-north-drogheda-louth/B2323836B59C33A880258BFE00603B58", "not_full_market_price": 0}}, {"type": "Feature", "geometry": {"type": "Point", "coordinates": [-6.353724205719464, 53.73764983738454]}, "properties": {"ppr_id": "cb02897f9acf85ff068db59dc18348a2dfe6830cf55d62ac1c639fdd0da627c9", "address": "9 BALLYMAKENNY DENE, BALLYMAKENNY PARK, DROGHEDA", "sale_date": "2024-11-29", "price": 321585.9, "property_type": null, "beds": null, "baths": null, "floor_area_m2": null, "ber": null, "asking_price": null, "eur_per_m2": null, "sale_vs_asking": null, "daft_url": "https://www.daft.ie/sold/9-ballymakenny-dene-ballymakenny-park-drogheda-louth/A6234E0D0C3CECBB80258BE90060286A", "not_full_market_price": 0}}, {"type": "Feature", "geometry": {"type": "Point", "coordinates": [-6.353599371201287, 53.73760080016275]}, "properties": {"ppr_id": "8fea4d4d00d9aab2a3728c6b8ada4d434913798e0996d72af88086d605203c71", "address": "10 Ballymakenny Dene, Ballymakenny Park, Drogheda", "sale_date": "2024-12-02", "price": 361233.0, "property_type": null, "beds": null, "baths": null, "floor_area_m2": null, "ber": null, "asking_price": null, "eur_per_m2": null, "sale_vs_asking": null, "daft_url": "https://www.daft.ie/sold/10-ballymakenny-dene-ballymakenny-park-drogheda-louth/D7E5B7414B3C5D5480258BF0006024BF", "not_full_market_price": 0}}, {"type": "Feature", "geometry": {"type": "Point", "coordinates": [-6.353004901461122, 53.72039490987508]}, "properties": {"ppr_id": "218e2f53cbd0b4ad057dc9b8e7f41bdc0c8c33b2bb7fa78f39c6fba4ec50a768", "address": "2 BOTHAR BRUGHA, DROGHEDA, LOUTH", "sale_date": "2024-12-02", "price": 248000.0, "property_type": "End of Terrace", "beds": 3.0, "baths": 1.0, "floor_area_m2": 81.0, "ber": "G", "asking_price": 210000.0, "eur_per_m2": 3061.7283950617284, "sale_vs_asking": 0.18095238095238098, "daft_url": "https://www.daft.ie/sold/2-bothar-brugha-drogheda-louth/F9478470E92E7D0780258BFE0060345B", "not_full_market_price": 0}}, {"type": "Feature", "geometry": {"type": "Point", "coordinates": [-6.353609853489073, 53.73761827319581]}, "properties": {"ppr_id": "14fe9f7f797e86a96d18b8390411164e3aa2abf69dc1991efcc5498e04b9c54a", "address": "4 Ballymakenny Dene, Ballymakenny Park, Drogheda", "sale_date": "2024-12-02", "price": 361233.48, "property_type": null, "beds": null, "baths": null, "floor_area_m2": null, "ber": null, "asking_price": null, "eur_per_m2": null, "sale_vs_asking": null, "daft_url": "https://www.daft.ie/sold/4-ballymakenny-dene-ballymakenny-park-drogheda-louth/CA4DDBBB9BDC12AD80258BF00060277A", "not_full_market_price": 0}}, {"type": "Feature", "geometry": {"type": "Point", "coordinates": [-6.32969404253188, 53.73288689929473]}, "properties": {"ppr_id": "1c4d9124bb82fe2299a1e5cc93db1cc9ff0d379ed03dc4396a52f4df79735d28", "address": "5 MALLARD SQ, ASTON VILLAGE, DROGHEDA", "sale_date": "2024-12-02", "price": 277000.0, "property_type": "Terrace", "beds": 2.0, "baths": 3.0, "floor_area_m2": 80.0, "ber": "B3", "asking_price": 235000.0, "eur_per_m2": 3462.5, "sale_vs_asking": 0.17872340425531918, "daft_url": "https://www.daft.ie/sold/5-mallard-sq-aston-village-drogheda-louth/50D2A1B8275DD05B80258BF000602503", "not_full_market_price": 0}}, {"type": "Feature", "geometry": {"type": "Point", "coordinates": [-6.353771852482128, 53.73752019875223]}, "properties": {"ppr_id": "a6aeaa8673667275598baba453feec12707180a43fb7f16ad5bb346b589947c7", "address": "6 Ballymakenny Dene, Ballymakenny Park, Drogheda", "sale_date": "2024-12-02", "price": 370044.05, "property_type": null, "beds": null, "baths": null, "floor_area_m2": null, "ber": null, "asking_price": null, "eur_per_m2": null, "sale_vs_asking": null, "daft_url": "https://www.daft.ie/sold/6-ballymakenny-dene-ballymakenny-park-drogheda-louth/002E7DC1DD69076480258BF0006024AE", "not_full_market_price": 0}}, {"type": "Feature", "geometry": {"type": "Point", "coordinates": [-6.329052020979465, 53.710048462506954]}, "properties": {"ppr_id": "e28966b1622eef02ded36424e98863cbdbf904b92b09286b7bed9faab091361b", "address": "8 CHESTNUT GR, WHEATON HALL, DROGHEDA", "sale_date": "2024-12-02", "price": 400000.0, "property_type": "Bungalow", "beds": 2.0, "baths": 3.0, "floor_area_m2": 136.0, "ber": "C3", "asking_price": 395000.0, "eur_per_m2": 2941.176470588235, "sale_vs_asking": 0.012658227848101333, "daft_url": "https://www.daft.ie/sold/8-chestnut-gr-wheaton-hall-drogheda-louth/387E46F5BADD90C580258BF0006025E0", "not_full_market_price": 0}}, {"type": "Feature", "geometry": {"type": "Point", "coordinates": [-6.351339188087579, 53.73638319962024]}, "properties": {"ppr_id": "f0908217e1a8f846e236ac37f9bdd1cacdebe4ee4d3f6da69accb4620630ac42", "address": "19  Ballymakenny Drive, Ballymakenny Park", "sale_date": "2024-12-03", "price": 383259.91, "property_type": null, "beds": null, "baths": null, "floor_area_m2": null, "ber": null, "asking_price": null, "eur_per_m2": null, "sale_vs_asking": null, "daft_url": "https://www.daft.ie/sold/19-ballymakenny-close-ballymakenny-park-drogheda/FC88A3DCD0DE630B80258B9C005AA838", "not_full_market_price": 0}}, {"type": "Feature", "geometry": {"type": "Point", "coordinates": [-6.3288377522860255, 53.72110555529017]}, "properties": {"ppr_id": "0932d435564eea09c07d421ca6e95138f191f42ad69f592ee19a1c62a7bc68bc", "address": "45 SHREWSBURY MANOR, DROGHEDA, LOUTH", "sale_date": "2024-12-03", "price": 313000.0, "property_type": "Semi-D", "beds": 3.0, "baths": 3.0, "floor_area_m2": 96.0, "ber": "D1", "asking_price": 275000.0, "eur_per_m2": 3260.4166666666665, "sale_vs_asking": 0.13818181818181818, "daft_url": "https://www.daft.ie/sold/45-shrewsbury-manor-drogheda-louth/55ABBC47B781174E80258BFE006034C4", "not_full_market_price": 0}}, {"type": "Feature", "geometry": {"type": "Point", "coordinates": [-6.347097860510889, 53.72416816294097]}, "properties": {"ppr_id": "0315ddb5ba71fa8e5781df8868ba9f0b1ff4b2b19e8d7bbcd08ef11afdaab723", "address": "13 Ballymakenny Road, Drogheda", "sale_date": "2024-12-04", "price": 383300.0, "property_type": null, "beds": null, "baths": null, "floor_area_m2": null, "ber": null, "asking_price": null, "eur_per_m2": null, "sale_vs_asking": null, "daft_url": "https://www.daft.ie/sold/13-listoke-pines-ballymakenny-road-drogheda-louth/F65763D0C4EE7A3380258D320060252E", "not_full_market_price": 0}}, {"type": "Feature", "geometry": {"type": "Point", "coordinates": [-6.352855270140783, 53.738087944601325]}, "properties": {"ppr_id": "1e3a929af3356da24514b6aeab3396a09db84bb2f309f944e91a96eb2e6de693", "address": "15 Ballymakenny Drive, Ballymakenny Park, Drogheda", "sale_date": "2024-12-04", "price": 383259.91, "property_type": null, "beds": null, "baths": null, "floor_area_m2": null, "ber": null, "asking_price": null, "eur_per_m2": null, "sale_vs_asking": null, "daft_url": "https://www.daft.ie/sold/15-ballymakenny-drive-ballymakenny-park-drogheda-louth/1F4D33A9A431048880258BF000602785", "not_full_market_price": 0}}, {"type": "Feature", "geometry": {"type": "Point", "coordinates": [-6.320716271296525, 53.70483735561567]}, "properties": {"ppr_id": "64a97737764cd9f53a750dd37f1151f876d91bc7a2395a8622ee0d6c23e6deb0", "address": "2 BRYANSTOWN, DUBLIN RD, DROGHEDA", "sale_date": "2024-12-05", "price": 480000.0, "property_type": "Bungalow", "beds": 4.0, "baths": 2.0, "floor_area_m2": 143.0, "ber": "E2", "asking_price": 495000.0, "eur_per_m2": 3356.6433566433566, "sale_vs_asking": -0.030303030303030276, "daft_url": "https://www.daft.ie/sold/2-bryanstown-dublin-rd-drogheda-louth/1D2CD3650C3C143F80258C1A00602E85", "not_full_market_price": 0}}, {"type": "Feature", "geometry": {"type": "Point", "coordinates": [-6.321105620147925, 53.706000709983584]}, "properties": {"ppr_id": "b8f98e068861da0686c459ac7f5550056939bffd24c98643edb75c07bd212554", "address": "20 BEECHMOUNT AVE, STAMEEN, DROGHEDA", "sale_date": "2024-12-05", "price": 410000.0, "property_type": null, "beds": null, "baths": null, "floor_area_m2": null, "ber": "D2", "asking_price": null, "eur_per_m2": null, "sale_vs_asking": null, "daft_url": "https://www.daft.ie/sold/20-beechmount-ave-stameen-drogheda-louth/C8E5E2C033CBEC1E80258BF7006032DF", "not_full_market_price": 1}}, {"type": "Feature", "geometry": {"type": "Point", "coordinates": [-6.3538156875037775, 53.737640819044906]}, "properties": {"ppr_id": "aab7d225b660a01924a93cc526879cf055e2efd4c8d3828071c0a2ad108b7502", "address": "11 Ballymakenny Dene, Ballymakenny Park, Drogheda", "sale_date": "2024-12-06", "price": 334801.76, "property_type": null, "beds": null, "baths": null, "floor_area_m2": null, "ber": null, "asking_price": null, "eur_per_m2": null, "sale_vs_asking": null, "daft_url": "https://www.daft.ie/sold/11-ballymakenny-dene-ballymakenny-park-drogheda-louth/2B1EEBDBDD8FD94680258BF7006033BF", "not_full_market_price": 0}}, {"type": "Feature", "geometry": {"type": "Point", "coordinates": [-6.347104528934424, 53.72418056315797]}, "properties": {"ppr_id": "680dda2d8a61d670c966b65846a528d9ca7ae23cf27f7fe57879d6e5f94ebcf1", "address": "14 LISTOKE AVENUE, BALLYMAKENNY ROAD, DROGHEDA", "sale_date": "2024-12-06", "price": 350000.0, "property_type": "Terrace", "beds": 3.0, "baths": 3.0, "floor_area_m2": 112.0, "ber": "A2", "asking_price": 345000.0, "eur_per_m2": 3125.0, "sale_vs_asking": 0.01449275362318847, "daft_url": "https://www.daft.ie/sold/14-listoke-avenue-ballymakenny-road-drogheda-louth/88ACE9A2D06CC78480258BF000602979", "not_full_market_price": 0}}, {"type": "Feature", "geometry": {"type": "Point", "coordinates": [-6.307203612470261, 53.70517587167677]}, "properties": {"ppr_id": "531defb41cd34e8f5512d9f2cf3a4cdc7ce2dc874705d714d7c20f6acf434244", "address": "29 THE BOULEVARD, GRANGE RATH, DROGHEDA", "sale_date": "2024-12-06", "price": 490000.0, "property_type": "Detached", "beds": 4.0, "baths": 3.0, "floor_area_m2": 140.0, "ber": "C3", "asking_price": 485000.0, "eur_per_m2": 3500.0, "sale_vs_asking": 0.010309278350515427, "daft_url": "https://www.daft.ie/sold/29-the-boulevard-grange-rath-drogheda-louth/EE0169BCE7E1B5FC80258BFE006033D4", "not_full_market_price": 0}}, {"type": "Feature", "geometry": {"type": "Point", "coordinates": [-6.369476395602478, 53.71930573662503]}, "properties": {"ppr_id": "b6fcd833c9cf4b86f1f204ccb85c393a7985db3b75c984e0d792f2fd6f2e00ac", "address": "44 FOUNTAIN HILL, MELL, DROGHEDA", "sale_date": "2024-12-06", "price": 326000.0, "property_type": "Semi-D", "beds": 3.0, "baths": 3.0, "floor_area_m2": 110.0, "ber": "C3", "asking_price": 295000.0, "eur_per_m2": 2963.6363636363635, "sale_vs_asking": 0.10508474576271176, "daft_url": "https://www.daft.ie/sold/44-fountain-hill-mell-drogheda-louth/45F54DD13B4D506B80258BF70060387D", "not_full_market_price": 0}}, {"type": "Feature", "geometry": {"type": "Point", "coordinates": [-6.344324918362526, 53.710298755507175]}, "properties": {"ppr_id": "45fb97789496657b1980ef88283d6161df066ccb8081f4ecf90238dcbb06b589", "address": "19 LEGAVOUREEN PARK, DROGHEDA, LOUTH", "sale_date": "2024-12-07", "price": 172500.0, "property_type": null, "beds": null, "baths": null, "floor_area_m2": null, "ber": null, "asking_price": null, "eur_per_m2": null, "sale_vs_asking": null, "daft_url": "https://www.daft.ie/sold/19-legavoureen-park-drogheda-louth/4BB2A19724427C3280258C1A00602FA4", "not_full_market_price": 0}}, {"type": "Feature", "geometry": {"type": "Point", "coordinates": [-6.327061683735448, 53.72762616359197]}, "properties": {"ppr_id": "cc8cbdd4008d32023de56acf79a993afcb5259aae83743163a55a9d3316deafe", "address": "204 Beaulieu Village, Termonfeckin Road, Drogheda", "sale_date": "2024-12-09", "price": 339207.0, "property_type": null, "beds": null, "baths": null, "floor_area_m2": null, "ber": null, "asking_price": null, "eur_per_m2": null, "sale_vs_asking": null, "daft_url": "https://www.daft.ie/sold/204-beaulieu-village-termonfeckin-road-drogheda-louth/42ACA8184D1509FC80258BF7006035C1", "not_full_market_price": 0}}, {"type": "Feature", "geometry": {"type": "Point", "coordinates": [-6.354770951810872, 53.73727137178528]}, "properties": {"ppr_id": "48ba9d039239e692fd9e480a0751c707ee730e8a0e5ef022856daab5cfc95afe", "address": "26 BALLYMAKENNY AVENUE, BALLYMAKENNY PARK, DROGHEDA", "sale_date": "2024-12-09", "price": 321585.9, "property_type": null, "beds": null, "baths": null, "floor_area_m2": null, "ber": null, "asking_price": null, "eur_per_m2": null, "sale_vs_asking": null, "daft_url": "https://www.daft.ie/sold/26-ballymakenny-avenue-ballymakenny-park-drogheda-louth/3A94CB643668D6DC80258C1400603453", "not_full_market_price": 0}}, {"type": "Feature", "geometry": {"type": "Point", "coordinates": [-6.353610806424326, 53.73765152832323]}, "properties": {"ppr_id": "891ef38bdc060941d7da72996e09a17572a5c30e2d9bfb6b282fa826f6b510ae", "address": "14 Ballymakenny Dene, Ballymakenny Park, Drogheda", "sale_date": "2024-12-10", "price": 365638.0, "property_type": null, "beds": null, "baths": null, "floor_area_m2": null, "ber": null, "asking_price": null, "eur_per_m2": null, "sale_vs_asking": null, "daft_url": "https://www.daft.ie/sold/14-ballymakenny-dene-ballymakenny-park-drogheda-louth/4EC115F2F027ADAB80258BF700603465", "not_full_market_price": 0}}, {"type": "Feature", "geometry": {"type": "Point", "coordinates": [-6.345014001435853, 53.706838118827896]}, "properties": {"ppr_id": "d28532d959cf82d9d79a8a963bef68e25cb6edef70715cbb9c98d8d50ceafa5c", "address": "151 MEADOW VIEW, DROGHEDA, LOUTH", "sale_date": "2024-12-10", "price": 310000.0, "property_type": "Semi-D", "beds": 4.0, "baths": 1.0, "floor_area_m2": 104.0, "ber": "E1", "asking_price": 315000.0, "eur_per_m2": 2980.769230769231, "sale_vs_asking": -0.015873015873015928, "daft_url": "https://www.daft.ie/sold/151-meadow-view-drogheda-louth/B6043F16500B3BF180258BFE0060380E", "not_full_market_price": 0}}, {"type": "Feature", "geometry": {"type": "Point", "coordinates": [-6.3518016760881855, 53.73832886315797]}, "properties": {"ppr_id": "56ffed17338c6148d513408af7b66cea2765f22476ec746e6d2f15aee2582580", "address": "16 Ballymakenny Close, Ballymakenny Park, Drogheda", "sale_date": "2024-12-10", "price": 334802.0, "property_type": null, "beds": null, "baths": null, "floor_area_m2": null, "ber": null, "asking_price": null, "eur_per_m2": null, "sale_vs_asking": null, "daft_url": "https://www.daft.ie/sold/16-ballymakenny-close-ballymakenny-park-drogheda-louth/18B9D872AD98EA0180258C050060329C", "not_full_market_price": 0}}, {"type": "Feature", "geometry": {"type": "Point", "coordinates": [-6.3538156875037775, 53.7376346189364]}, "properties": {"ppr_id": "9ae5327882e33e743acf99e5335559676f97c9154d53150e112af5396e851195", "address": "16 Ballymakenny Dene, Ballymakenny Park, Drogheda", "sale_date": "2024-12-10", "price": 361233.48, "property_type": null, "beds": null, "baths": null, "floor_area_m2": null, "ber": null, "asking_price": null, "eur_per_m2": null, "sale_vs_asking": null, "daft_url": "https://www.daft.ie/sold/16-ballymakenny-dene-ballymakenny-park-drogheda-louth/C58612AF75CE79E380258C2100602E81", "not_full_market_price": 0}}, {"type": "Feature", "geometry": {"type": "Point", "coordinates": [-6.354668988384805, 53.73731139066743]}, "properties": {"ppr_id": "d7f59881b52512783577648a0c652d3e51c242fd08b8d23c7c2dd4348f87fd06", "address": "22 BALLYMAKENNY AVENUE, DROGHEDA", "sale_date": "2024-12-10", "price": 281939.0, "property_type": null, "beds": null, "baths": null, "floor_area_m2": null, "ber": null, "asking_price": null, "eur_per_m2": null, "sale_vs_asking": null, "daft_url": "https://www.daft.ie/sold/22-ballymakenny-avenue-drogheda-louth/E5DFF275614EF3D380258BFE0060371F", "not_full_market_price": 0}}, {"type": "Feature", "geometry": {"type": "Point", "coordinates": [-6.351924606972486, 53.73833055409665]}, "properties": {"ppr_id": "afc2e77d008b7030fe9097a473bc9f60b31cc47a4e44e5f26518fb3cd1004a7b", "address": "20 Ballymakenny Close, Ballymakenny Park, Drogheda", "sale_date": "2024-12-11", "price": 321585.9, "property_type": null, "beds": null, "baths": null, "floor_area_m2": null, "ber": null, "asking_price": null, "eur_per_m2": null, "sale_vs_asking": null, "daft_url": "https://www.daft.ie/sold/20-ballymakenny-close-ballymakenny-park-drogheda-louth/A2DC354EA311ED3D80258C2100602EAF", "not_full_market_price": 0}}, {"type": "Feature", "geometry": {"type": "Point", "coordinates": [-6.35194652488209, 53.73836662745521]}, "properties": {"ppr_id": "f2cd5c0e48d4421649b8eafdbd84e4e20588079972f1ee222443fa07ea6edce1", "address": "26 bALLYMAKENNY CLOSE, Ballymakenny Park, Drogheda", "sale_date": "2024-12-11", "price": 321585.9, "property_type": null, "beds": null, "baths": null, "floor_area_m2": null, "ber": null, "asking_price": null, "eur_per_m2": null, "sale_vs_asking": null, "daft_url": "https://www.daft.ie/sold/26-ballymakenny-close-ballymakenny-park-drogheda-louth/BEC28A2E8888FD2E80258C2100602EB4", "not_full_market_price": 0}}, {"type": "Feature", "geometry": {"type": "Point", "coordinates": [-6.354937610237318, 53.70261963586551]}, "properties": {"ppr_id": "d4f40953688a4e9e502e35c79a50d020cd9bf1473f5f06fae558ad9517b03d46", "address": "4 THE ELMS, AVOURWEN, DROGHEDA", "sale_date": "2024-12-11", "price": 330396.0, "property_type": null, "beds": null, "baths": null, "floor_area_m2": null, "ber": null, "asking_price": null, "eur_per_m2": null, "sale_vs_asking": null, "daft_url": "https://www.daft.ie/sold/4-the-elms-avourwen-drogheda-louth/CE52852C0A45BC6A80258C2100602DD0", "not_full_market_price": 0}}, {"type": "Feature", "geometry": {"type": "Point", "coordinates": [-6.348439760997764, 53.713915635431505]}, "properties": {"ppr_id": "7ba29b332f659be9dbfce36f5a6fe07d3884a3c73db2630dfdc56b948ffc3cf4", "address": "APARTMENT, 9 NORTH QUAY, DROGHEDA", "sale_date": "2024-12-11", "price": 185000.0, "property_type": null, "beds": null, "baths": null, "floor_area_m2": null, "ber": null, "asking_price": null, "eur_per_m2": null, "sale_vs_asking": null, "daft_url": "https://www.daft.ie/sold/apartment-9-north-quay-drogheda-louth/10A48F1B653E66C280258BF700603719", "not_full_market_price": 0}}, {"type": "Feature", "geometry": {"type": "Point", "coordinates": [-6.353602230007047, 53.737555708464555]}, "properties": {"ppr_id": "ebe5aca7dde19f28bc265a7c8383a0bf34804469050ddb196d5eee2511f48887", "address": "1 Ballymakenny Dene, Ballymakenny Park, Drogheda", "sale_date": "2024-12-12", "price": 281938.32, "property_type": null, "beds": null, "baths": null, "floor_area_m2": null, "ber": null, "asking_price": null, "eur_per_m2": null, "sale_vs_asking": null, "daft_url": "https://www.daft.ie/sold/1-ballymakenny-dene-ballymakenny-park-drogheda-louth/33221CDAF8B9F07E80258BFE006032E5", "not_full_market_price": 0}}, {"type": "Feature", "geometry": {"type": "Point", "coordinates": [-6.34365216689366, 53.72736834601185]}, "properties": {"ppr_id": "816bfd15819a9613fd3343e04e27cd8c2f65f585105f045e1caa82ebf5d2ef39", "address": "11 Ballymakenny View, Ballymakenny Road, Drogheda", "sale_date": "2024-12-12", "price": 343568.0, "property_type": null, "beds": null, "baths": null, "floor_area_m2": null, "ber": null, "asking_price": null, "eur_per_m2": null, "sale_vs_asking": null, "daft_url": "https://www.daft.ie/sold/11-ballymakenny-view-ballymakenny-road-drogheda-louth/E9B51B79F3B472DA80258C2100602D77", "not_full_market_price": 0}}, {"type": "Feature", "geometry": {"type": "Point", "coordinates": [-6.3485607158037425, 53.71397030911557]}, "properties": {"ppr_id": "f17677805986e15bc19cb1d5f3431f9a0d2badbe3d80700bf6be517317ce513e", "address": "11B KERMON HOUSE, NORTH QUAY, DROGHEDA", "sale_date": "2024-12-12", "price": 162000.0, "property_type": "Apartment", "beds": 1.0, "baths": 1.0, "floor_area_m2": 45.0, "ber": "D2", "asking_price": 135000.0, "eur_per_m2": 3600.0, "sale_vs_asking": 0.19999999999999996, "daft_url": "https://www.daft.ie/sold/11b-kermon-house-north-quay-drogheda-louth/88F6AAD3DA120F4C80258BFE0060361E", "not_full_market_price": 0}}, {"type": "Feature", "geometry": {"type": "Point", "coordinates": [-6.327052801965947, 53.727712573846816]}, "properties": {"ppr_id": "7f0944d7b1c41944812803143ed0f998888cea0c6fb343cdaa72f2782a65e8ed", "address": "203  Beaulieu Village, Termonfeckin Road, Drogheda", "sale_date": "2024-12-12", "price": 339207.05, "property_type": null, "beds": null, "baths": null, "floor_area_m2": null, "ber": null, "asking_price": null, "eur_per_m2": null, "sale_vs_asking": null, "daft_url": "https://www.daft.ie/sold/203-beaulieu-village-termonfeckin-road-drogheda-louth/BEAC87D1E0F4EEB580258C1A00602E46", "not_full_market_price": 0}}, {"type": "Feature", "geometry": {"type": "Point", "coordinates": [-6.341401886261595, 53.71843856261546]}, "properties": {"ppr_id": "4461c38a91520221ef2e8a6ac5c3d3963f5882efa903af8b6a25f6ec7c8e2e98", "address": "31 THOMAS ST, DROGHEDA, CO LOUTH", "sale_date": "2024-12-12", "price": 225000.0, "property_type": "Terrace", "beds": 3.0, "baths": 1.0, "floor_area_m2": 101.0, "ber": "F", "asking_price": 245000.0, "eur_per_m2": 2227.7227722772277, "sale_vs_asking": -0.08163265306122447, "daft_url": "https://www.daft.ie/sold/31-thomas-st-drogheda/057B270AEBDC239880258C2100602B96", "not_full_market_price": 0}}, {"type": "Feature", "geometry": {"type": "Point", "coordinates": [-6.350764799318919, 53.73832857221929]}, "properties": {"ppr_id": "bc98e9728f286e0d77d7f6498b723fdb3037b5a77aa6107ef222ae349bb3ecc3", "address": "10 Ballymakenny Mews, Ballymakenny Park, Drogheda", "sale_date": "2024-12-13", "price": 317180.0, "property_type": null, "beds": null, "baths": null, "floor_area_m2": null, "ber": null, "asking_price": null, "eur_per_m2": null, "sale_vs_asking": null, "daft_url": "https://www.daft.ie/sold/10-ballymakenny-mews-ballymakenny-park-drogheda-louth/906997331E0E1FF280258BFE00603319", "not_full_market_price": 0}}, {"type": "Feature", "geometry": {"type": "Point", "coordinates": [-6.353655594381229, 53.73753992637019]}, "properties": {"ppr_id": "07701bdd9d8f1ae8f8510283bcb841e0f505e4985dc289631ee8fa0c32cd2da7", "address": "15 Ballymakenny Dene, Ballymakenny Park, Drogheda", "sale_date": "2024-12-13", "price": 330306.48, "property_type": null, "beds": null, "baths": null, "floor_area_m2": null, "ber": null, "asking_price": null, "eur_per_m2": null, "sale_vs_asking": null, "daft_url": "https://www.daft.ie/sold/15-ballymakenny-dene-ballymakenny-park-drogheda-louth/290DA2BF6761E44580258BFE0060389D", "not_full_market_price": 0}}, {"type": "Feature", "geometry": {"type": "Point", "coordinates": [-6.353797581733966, 53.73755063564851]}, "properties": {"ppr_id": "fabed1ec501e2cefab62ca496e82ac3c4c0e065a4c8cd3c3d48326d3ac9eb1e8", "address": "17 Ballymakenny Dene, Ballymakenny Park, Drogheda", "sale_date": "2024-12-13", "price": 321585.0, "property_type": null, "beds": null, "baths": null, "floor_area_m2": null, "ber": null, "asking_price": null, "eur_per_m2": null, "sale_vs_asking": null, "daft_url": "https://www.daft.ie/sold/17-ballymakenny-dene-ballymakenny-park-drogheda-louth/11541BB1CD89F77A80258BF70060392D", "not_full_market_price": 0}}, {"type": "Feature", "geometry": {"type": "Point", "coordinates": [-6.320626765250539, 53.704733644709826]}, "properties": {"ppr_id": "d14ba2d412b7b3ed1d0bdb5c2560cf18f55f6057fb9ab7b0dbf8db12d9a0acad", "address": "19 PINES HAMLET, DUBLIN RD, DROGHEDA", "sale_date": "2024-12-13", "price": 236500.0, "property_type": "End of Terrace", "beds": 2.0, "baths": 1.0, "floor_area_m2": 72.0, "ber": "B3", "asking_price": 235000.0, "eur_per_m2": 3284.722222222222, "sale_vs_asking": 0.006382978723404209, "daft_url": "https://www.daft.ie/sold/19-pines-hamlet-dublin-rd-drogheda-louth/2A868784722C673E80258BFE006032F1", "not_full_market_price": 0}}, {"type": "Feature", "geometry": {"type": "Point", "coordinates": [-6.351442769891892, 53.737386672653294]}, "properties": {"ppr_id": "29511551451308071ca427d6700bfa6b9e7fc52a6a1a6deedb03fda50dc90219", "address": "30 BALLYMAKENNY AVENUE, BALLYMAKENNY PARK  DROGHEDA", "sale_date": "2024-12-13", "price": 281938.32, "property_type": null, "beds": null, "baths": null, "floor_area_m2": null, "ber": null, "asking_price": null, "eur_per_m2": null, "sale_vs_asking": null, "daft_url": "https://www.daft.ie/sold/30-ballymakenny-avenue-ballymakenny-park-drogheda-louth/95AC6AD451856EC280258C0C00603331", "not_full_market_price": 0}}, {"type": "Feature", "geometry": {"type": "Point", "coordinates": [-6.329396145428291, 53.72823678138911]}, "properties": {"ppr_id": "9cc67d599457a7a5d6a86df1b629231ce04eea1e140d7d44e29f389c81be7af9", "address": "6 SYCAMORE CLOSE, DROGHEDA, LOUTH", "sale_date": "2024-12-13", "price": 276000.0, "property_type": "Semi-D", "beds": 3.0, "baths": 2.0, "floor_area_m2": null, "ber": "C3", "asking_price": 255000.0, "eur_per_m2": null, "sale_vs_asking": 0.08235294117647052, "daft_url": "https://www.daft.ie/sold/6-sycamore-close-drogheda-louth/0FB0295F4AEC9D6680258C2100602B94", "not_full_market_price": 0}}, {"type": "Feature", "geometry": {"type": "Point", "coordinates": [-6.332234507392103, 53.7193744187194]}, "properties": {"ppr_id": "7f9719fb43c76670444293eae4fe3e48812d5859970c158d9b40a51587ddfac0", "address": "6 Pinewood, Greenhills, Drogheda", "sale_date": "2024-12-15", "price": 100000.0, "property_type": null, "beds": null, "baths": null, "floor_area_m2": null, "ber": "D1", "asking_price": null, "eur_per_m2": null, "sale_vs_asking": null, "daft_url": "https://www.daft.ie/sold/6-pinewood-greenhills-drogheda-louth/E074245EA13353F980258C140060345B", "not_full_market_price": 0}}, {"type": "Feature", "geometry": {"type": "Point", "coordinates": [-6.343559754720434, 53.72730747221929]}, "properties": {"ppr_id": "0530690de2a0a7919aa8b8c1417de66d883c8af144f650aaab4404f3aaed811e", "address": "19 Ballymakenny View, Ballymakenny Road, Drogheda", "sale_date": "2024-12-16", "price": 352378.85, "property_type": null, "beds": null, "baths": null, "floor_area_m2": null, "ber": null, "asking_price": null, "eur_per_m2": null, "sale_vs_asking": null, "daft_url": "https://www.daft.ie/sold/19-ballymakenny-view-ballymakenny-road-drogheda-louth/B21F6342E48BB7AD80258C1A00602C07", "not_full_market_price": 0}}, {"type": "Feature", "geometry": {"type": "Point", "coordinates": [-6.327340641845464, 53.72767342832323]}, "properties": {"ppr_id": "df5fbdf63d3da9d3e78322fb83d95c01e87901228e410313d3011a0661b95b61", "address": "205 BEAULIEU VILLAGE, Drogheda, Louth", "sale_date": "2024-12-16", "price": 316255.0, "property_type": null, "beds": null, "baths": null, "floor_area_m2": null, "ber": null, "asking_price": null, "eur_per_m2": null, "sale_vs_asking": null, "daft_url": "https://www.daft.ie/sold/205-beaulieu-village-drogheda-louth/A04E97A584DC069480258BFE00603719", "not_full_market_price": 0}}, {"type": "Feature", "geometry": {"type": "Point", "coordinates": [-6.35374326442453, 53.73764589186095]}, "properties": {"ppr_id": "6f0cb2c86542d9042fa9c973986fddacbf0f1c3575a32fdfb3d2353f1acd388d", "address": "3 Ballymakenny Dene, Ballymakenny Park, Drogheda", "sale_date": "2024-12-16", "price": 330396.47, "property_type": null, "beds": null, "baths": null, "floor_area_m2": null, "ber": null, "asking_price": null, "eur_per_m2": null, "sale_vs_asking": null, "daft_url": "https://www.daft.ie/sold/3-ballymakenny-dene-ballymakenny-park-drogheda-louth/C6B50931BF598D7280258BFE006034D8", "not_full_market_price": 0}}, {"type": "Feature", "geometry": {"type": "Point", "coordinates": [-6.329744542496223, 53.73289422669569]}, "properties": {"ppr_id": "4c287400dcebb0337e76b81ccab35c7d57b4aa908a2ae2afa588acd2c83e3cc9", "address": "8 DUNLIN ST, ASTON VILLAGE, DROGHEDA", "sale_date": "2024-12-16", "price": 230000.0, "property_type": "Terrace", "beds": 2.0, "baths": 3.0, "floor_area_m2": 80.0, "ber": "B3", "asking_price": null, "eur_per_m2": 2875.0, "sale_vs_asking": null, "daft_url": "https://www.daft.ie/sold/8-dunlin-st-aston-village-drogheda-louth/72DAFE937E0178DA80258C0C006033FB", "not_full_market_price": 0}}, {"type": "Feature", "geometry": {"type": "Point", "coordinates": [-6.343544511475366, 53.72738300081377]}, "properties": {"ppr_id": "1ef64b0e9dc7d71f16a3169c334f8ddc26db49e124363b73b386342f03cec150", "address": "17 Ballymakenny View, Ballymakenny Road, Drogheda", "sale_date": "2024-12-17", "price": 352378.85, "property_type": null, "beds": null, "baths": null, "floor_area_m2": null, "ber": null, "asking_price": null, "eur_per_m2": null, "sale_vs_asking": null, "daft_url": "https://www.daft.ie/sold/17-ballymakenny-view-ballymakenny-road-drogheda-louth/5F48354F581F5B8F80258C1A00602CDC", "not_full_market_price": 0}}, {"type": "Feature", "geometry": {"type": "Point", "coordinates": [-6.351788334751905, 53.738340699728745]}, "properties": {"ppr_id": "afc0324ba07e96849ac1e18ab7d700fc80121097cfe02605a026220f6889ae01", "address": "18 Ballymakenny Close, Ballymakenny Park, Drogheda", "sale_date": "2024-12-17", "price": 321585.9, "property_type": null, "beds": null, "baths": null, "floor_area_m2": null, "ber": null, "asking_price": null, "eur_per_m2": null, "sale_vs_asking": null, "daft_url": "https://www.daft.ie/sold/18-ballymakenny-close-ballymakenny-park-drogheda-louth/11C9641C57B9561480258BFE006036DB", "not_full_market_price": 0}}, {"type": "Feature", "geometry": {"type": "Point", "coordinates": [-6.354715681916368, 53.73731420889857]}, "properties": {"ppr_id": "2d3d155f0ef8253dedd3a1b1b92611b753170146edba6696bd7ffcd16c8c1506", "address": "28 Ballymakenny Avenue, Ballymakenny Park, Drogheda", "sale_date": "2024-12-17", "price": 330396.0, "property_type": null, "beds": null, "baths": null, "floor_area_m2": null, "ber": null, "asking_price": null, "eur_per_m2": null, "sale_vs_asking": null, "daft_url": "https://www.daft.ie/sold/28-ballymakenny-avenue-ballymakenny-park-drogheda-louth/297FC7B1DB29646D80258BFE0060371C", "not_full_market_price": 0}}, {"type": "Feature", "geometry": {"type": "Point", "coordinates": [-6.343539747961281, 53.72732607254479]}, "properties": {"ppr_id": "37ed303b434b523d8065d5fa40c7c25477d4a7604dd3001af77773b04751a5b5", "address": "3 Ballymakenny View, Ballymakenny Road, Drogheda", "sale_date": "2024-12-17", "price": 343568.0, "property_type": null, "beds": null, "baths": null, "floor_area_m2": null, "ber": null, "asking_price": null, "eur_per_m2": null, "sale_vs_asking": null, "daft_url": "https://www.daft.ie/sold/3-ballymakenny-view-ballymakenny-road-drogheda-louth/F67127136B16BC4B80258C1400603429", "not_full_market_price": 0}}, {"type": "Feature", "geometry": {"type": "Point", "coordinates": [-6.329052020979465, 53.710077208464554]}, "properties": {"ppr_id": "3fde06aba198e522dea1f607b8cd2f210603b2eaa044318c3f7686578455ef09", "address": "30 FOREST VIEW, WHEATON HALL, DROGHEDA", "sale_date": "2024-12-17", "price": 419000.0, "property_type": "Detached", "beds": 4.0, "baths": 3.0, "floor_area_m2": 121.0, "ber": "C3", "asking_price": 415000.0, "eur_per_m2": 3462.809917355372, "sale_vs_asking": 0.009638554216867545, "daft_url": "https://www.daft.ie/sold/30-forest-view-wheaton-hall-drogheda-louth/78600BCD4ED3A62A80258C1400603447", "not_full_market_price": 0}}, {"type": "Feature", "geometry": {"type": "Point", "coordinates": [-6.354700435048919, 53.737302935974014]}, "properties": {"ppr_id": "37021f3a900d6af97d2bf2c156409dde789c526502f2f1d7cb09e7cff0ccc2d9", "address": "38 Ballymakenny Avenue, Ballymakenny Park, Drogheda", "sale_date": "2024-12-17", "price": 321585.9, "property_type": null, "beds": null, "baths": null, "floor_area_m2": null, "ber": null, "asking_price": null, "eur_per_m2": null, "sale_vs_asking": null, "daft_url": "https://www.daft.ie/sold/38-ballymakenny-avenue-ballymakenny-park-drogheda-louth/B22A1475355281C380258C0C006033BD", "not_full_market_price": 0}}, {"type": "Feature", "geometry": {"type": "Point", "coordinates": [-6.34352259931058, 53.727306908573055]}, "properties": {"ppr_id": "005dd2ca1af0734e9ee7082d9d05f964d09a7c0e187f52698670563d13ba2fdb", "address": "5 Ballymakenny View, Ballymakenny Road, Drogheda", "sale_date": "2024-12-17", "price": 343568.0, "property_type": null, "beds": null, "baths": null, "floor_area_m2": null, "ber": null, "asking_price": null, "eur_per_m2": null, "sale_vs_asking": null, "daft_url": "https://www.daft.ie/sold/5-ballymakenny-view-ballymakenny-road-drogheda-louth/1B1F58322372E6DE80258BFE00603CE9", "not_full_market_price": 0}}, {"type": "Feature", "geometry": {"type": "Point", "coordinates": [-6.413262521199748, 53.74746769055893]}, "properties": {"ppr_id": "03abe5b5f28b2b7a72bcb3945d19178a82fb7c101bc68def9dc03ebece742de3", "address": "BALGATHERN, COLLON RD, DROGHEDA", "sale_date": "2024-12-17", "price": 513320.0, "property_type": null, "beds": null, "baths": null, "floor_area_m2": null, "ber": null, "asking_price": null, "eur_per_m2": null, "sale_vs_asking": null, "daft_url": "https://www.daft.ie/sold/chord-rd-drogheda-louth/94D3A16014AEF78D80258DEF005AB398", "not_full_market_price": 0}}, {"type": "Feature", "geometry": {"type": "Point", "coordinates": [-6.343594052021837, 53.72728323543151]}, "properties": {"ppr_id": "aa3d676034d9051afec94ba4af1987b7be8b99660f3a9bb7ea03ff1eca6c80a3", "address": "16 Ballymakenny View, Ballymakenny Road, Drogheda", "sale_date": "2024-12-18", "price": 350616.74, "property_type": null, "beds": null, "baths": null, "floor_area_m2": null, "ber": null, "asking_price": null, "eur_per_m2": null, "sale_vs_asking": null, "daft_url": "https://www.daft.ie/sold/16-ballymakenny-view-ballymakenny-road-drogheda-louth/4870C221230074A680258C2800602BEF", "not_full_market_price": 0}}, {"type": "Feature", "geometry": {"type": "Point", "coordinates": [-6.3517549814112035, 53.73834351795988]}, "properties": {"ppr_id": "1a5b31cb1cfaa4ae739df2164f8e03046d844bf52b7dc747c48c17b63c12dee2", "address": "28 Ballymakenny Close, Ballymakenny Park, Drogheda", "sale_date": "2024-12-18", "price": 321585.9, "property_type": null, "beds": null, "baths": null, "floor_area_m2": null, "ber": null, "asking_price": null, "eur_per_m2": null, "sale_vs_asking": null, "daft_url": "https://www.daft.ie/sold/28-ballymakenny-close-ballymakenny-park-drogheda-louth/EA1A90A7ADE5911E80258BFE006039BD", "not_full_market_price": 0}}, {"type": "Feature", "geometry": {"type": "Point", "coordinates": [-6.351924606972486, 53.7383480271297]}, "properties": {"ppr_id": "a3fa91565ca71aec07d0c682093be663c4756424dc7c5aba90fac42ff311c344", "address": "30 Ballymakenny Close, Ballymakenny Park, Drogheda", "sale_date": "2024-12-18", "price": 343612.33, "property_type": null, "beds": null, "baths": null, "floor_area_m2": null, "ber": null, "asking_price": null, "eur_per_m2": null, "sale_vs_asking": null, "daft_url": "https://www.daft.ie/sold/30-ballymakenny-close-ballymakenny-park-drogheda-louth/5CCA87F6BEE2E73B80258BFE006037D3", "not_full_market_price": 0}}, {"type": "Feature", "geometry": {"type": "Point", "coordinates": [-6.34351974120213, 53.72728041720037]}, "properties": {"ppr_id": "7c97905804e2366faf0d3933cc7346aca4eb4dc50387365d48203cc7da8c90a1", "address": "6 Ballymakenny View, Ballymakenny Road, Drogheda", "sale_date": "2024-12-18", "price": 339207.05, "property_type": null, "beds": null, "baths": null, "floor_area_m2": null, "ber": null, "asking_price": null, "eur_per_m2": null, "sale_vs_asking": null, "daft_url": "https://www.daft.ie/sold/6-ballymakenny-view-ballymakenny-road-drogheda-louth/B30F03DC1058C3B380258BFE00603BDB", "not_full_market_price": 0}}, {"type": "Feature", "geometry": {"type": "Point", "coordinates": [-6.343536889852831, 53.727363273195806]}, "properties": {"ppr_id": "3568e73741c59ef376ef4c5340bba7658ee08cf26ec373ea0e2346f373873e26", "address": "Ballymakenny View, Ballymakenny Road, Drogheda", "sale_date": "2024-12-18", "price": 339207.05, "property_type": null, "beds": null, "baths": null, "floor_area_m2": null, "ber": null, "asking_price": null, "eur_per_m2": null, "sale_vs_asking": null, "daft_url": "https://www.daft.ie/sold/1-ballymakenny-view-ballymakenna-road-drogheda-louth/7471A037008153B680258C83005AB6DA", "not_full_market_price": 0}}, {"type": "Feature", "geometry": {"type": "Point", "coordinates": [-6.245732849539194, 53.77329651861089]}, "properties": {"ppr_id": "b85ee8d42bcb532b06b7c7551b0fc59cc0976ba58bdb185869eed74417532b86", "address": "GANDERSTOWN, CLOGHERHEAD, DROGHEDA", "sale_date": "2024-12-18", "price": 70000.0, "property_type": null, "beds": null, "baths": null, "floor_area_m2": null, "ber": null, "asking_price": null, "eur_per_m2": null, "sale_vs_asking": null, "daft_url": null, "not_full_market_price": 1}}, {"type": "Feature", "geometry": {"type": "Point", "coordinates": [-6.391693536165062, 53.74883923662503]}, "properties": {"ppr_id": "0fc7a7171f6080c8387e15b283e440a7b0e57394fe8c4a63b18caf89d023ba5a", "address": "KILLINEER, DROGHEDA, CO LOUTH", "sale_date": "2024-12-18", "price": 800000.0, "property_type": null, "beds": null, "baths": null, "floor_area_m2": null, "ber": null, "asking_price": null, "eur_per_m2": null, "sale_vs_asking": null, "daft_url": "https://www.daft.ie/sold/rosehall-killineer-drogheda-louth/995FE8BB7AE997B58025842500477BCB", "not_full_market_price": 0}}, {"type": "Feature", "geometry": {"type": "Point", "coordinates": [-6.3435578493148, 53.72728323543151]}, "properties": {"ppr_id": "8c609f186a1816614bdfbefca3ece000040ecc099fd774be2d4091deb81cde28", "address": "12 Ballymakenny View, Ballymakenny Road, Drogheda", "sale_date": "2024-12-19", "price": 343568.0, "property_type": null, "beds": null, "baths": null, "floor_area_m2": null, "ber": null, "asking_price": null, "eur_per_m2": null, "sale_vs_asking": null, "daft_url": "https://www.daft.ie/sold/12-ballymakenny-view-ballymakenny-road-drogheda-louth/1073FFFAAD47149C80258C140060338D", "not_full_market_price": 0}}, {"type": "Feature", "geometry": {"type": "Point", "coordinates": [-6.32969880667946, 53.73294833673353]}, "properties": {"ppr_id": "98d61317adbeba5f7d1b4a5c0037603419b767c895f1029b01d7c7f56e20ffbe", "address": "14 Heron Street, Aston Village, Drogheda", "sale_date": "2024-12-19", "price": 330000.0, "property_type": null, "beds": null, "baths": null, "floor_area_m2": null, "ber": null, "asking_price": null, "eur_per_m2": null, "sale_vs_asking": null, "daft_url": "https://www.daft.ie/sold/14-heron-street-aston-village-drogheda-louth/5DCBD34661DFAADF80258BFE00603B2A", "not_full_market_price": 0}}, {"type": "Feature", "geometry": {"type": "Point", "coordinates": [-6.3206715182735325, 53.70484637395531]}, "properties": {"ppr_id": "da93d900e77d8600491d22e06dd88f479fac4e60937094d04671d8d999b95e17", "address": "19 FOREST VIEW, WHEATON HALL, DUBLIN RD", "sale_date": "2024-12-19", "price": 445000.0, "property_type": "Detached", "beds": 4.0, "baths": 3.0, "floor_area_m2": null, "ber": "D1", "asking_price": 425000.0, "eur_per_m2": null, "sale_vs_asking": 0.04705882352941182, "daft_url": "https://www.daft.ie/sold/19-forest-view-wheaton-hall-dublin-rd-louth/6EE0AFB2C366628080258BFE00603BEF", "not_full_market_price": 0}}, {"type": "Feature", "geometry": {"type": "Point", "coordinates": [-6.347007740087336, 53.711378445252336]}, "properties": {"ppr_id": "305bd12b79f10e7cdb6310cebedb03c66481e2fe3895b0fb651bdceb6a5e491f", "address": "2 HILLVIEW APARTMENTS, MARY STREET, DROGHEDA", "sale_date": "2024-12-19", "price": 175000.0, "property_type": null, "beds": null, "baths": null, "floor_area_m2": null, "ber": null, "asking_price": null, "eur_per_m2": null, "sale_vs_asking": null, "daft_url": "https://www.daft.ie/sold/2-hillview-apartments-mary-street-drogheda-louth/22F4E4CD484A362980258C140060343F", "not_full_market_price": 0}}, {"type": "Feature", "geometry": {"type": "Point", "coordinates": [-6.351446581614713, 53.73742274601185]}, "properties": {"ppr_id": "c4568bfc0238963ae8fa3719fc46a232690f8548fa2f2b41bb6c8aadf7ecd6b2", "address": "32 Ballymakenny Avenue, Ballymakenny Park, Drogheda", "sale_date": "2024-12-19", "price": 281938.0, "property_type": null, "beds": null, "baths": null, "floor_area_m2": null, "ber": null, "asking_price": null, "eur_per_m2": null, "sale_vs_asking": null, "daft_url": "https://www.daft.ie/sold/32-ballymakenny-avenue-ballymakenny-park-drogheda-louth/EA39843E41D63F6D80258C2800602D1B", "not_full_market_price": 0}}, {"type": "Feature", "geometry": {"type": "Point", "coordinates": [-6.34718836054458, 53.72416139918624]}, "properties": {"ppr_id": "8ee373fc4008fa46c5e4d04aef5f9bc2ca2dba92e84200bff8fdcc9b803023d1", "address": "40 LISTOKE PINES, BALLYMAKENNY ROAD, DROGHEDA", "sale_date": "2024-12-19", "price": 370574.0, "property_type": null, "beds": null, "baths": null, "floor_area_m2": null, "ber": null, "asking_price": null, "eur_per_m2": null, "sale_vs_asking": null, "daft_url": "https://www.daft.ie/sold/40-listoke-pines-ballymakenny-road-drogheda-louth/736F92B10515BF9D80258C1A00602CC2", "not_full_market_price": 0}}, {"type": "Feature", "geometry": {"type": "Point", "coordinates": [-6.347028691603951, 53.71140662756371]}, "properties": {"ppr_id": "1d4e19eace8840f558f44f290bc69d84dac875e3039e54dad2822e5178c38e12", "address": "49 MARY STREET, DROGHEDA, CO LOUTH", "sale_date": "2024-12-19", "price": 216000.0, "property_type": "Terrace", "beds": 2.0, "baths": 1.0, "floor_area_m2": null, "ber": "F", "asking_price": null, "eur_per_m2": null, "sale_vs_asking": null, "daft_url": "https://www.daft.ie/sold/49-mary-street-drogheda/C24B8EBBD1E2178080258C1A00602EE5", "not_full_market_price": 0}}, {"type": "Feature", "geometry": {"type": "Point", "coordinates": [-6.38504310972587, 53.713350126804194]}, "properties": {"ppr_id": "f3560027157a19e229a944537bdfec4ec4ebc93a1810ead25bf7e429dfac756f", "address": "6 THE PARK HIGHLANDS, DROGHEDA, CO LOUTH", "sale_date": "2024-12-19", "price": 340000.0, "property_type": "Semi-D", "beds": 4.0, "baths": 3.0, "floor_area_m2": 124.0, "ber": "C1", "asking_price": 340000.0, "eur_per_m2": 2741.935483870968, "sale_vs_asking": 0.0, "daft_url": "https://www.daft.ie/sold/6-the-park-highlands-drogheda/BC077168706C10EF80258C2800602C1E", "not_full_market_price": 0}}, {"type": "Feature", "geometry": {"type": "Point", "coordinates": [-6.343520693904946, 53.72733678182311]}, "properties": {"ppr_id": "7d85b3572b65407997f198308f565561c2c92954cf9f32fbd672eec1e1e36270", "address": "37 Listoke Pines, Ballymakenny Road, Drogheda", "sale_date": "2024-12-20", "price": 370574.0, "property_type": null, "beds": null, "baths": null, "floor_area_m2": null, "ber": null, "asking_price": null, "eur_per_m2": null, "sale_vs_asking": null, "daft_url": "https://www.daft.ie/sold/37-listoke-pines-ballymakenny-road-drogheda-louth/E4D749B83134680880258C2800602C20", "not_full_market_price": 0}}, {"type": "Feature", "geometry": {"type": "Point", "coordinates": [-6.343654072299294, 53.72735425485617]}, "properties": {"ppr_id": "372c60fa2715009e3a9b2f0d0ac6b190289c747b5ac41c61d615d52ff0d784a0", "address": "46 Listoke Pines, Ballymakenny Road, Drogheda", "sale_date": "2024-12-20", "price": 370574.0, "property_type": null, "beds": null, "baths": null, "floor_area_m2": null, "ber": null, "asking_price": null, "eur_per_m2": null, "sale_vs_asking": null, "daft_url": "https://www.daft.ie/sold/46-listoke-pines-ballymakenny-road-drogheda-louth/233A54F80A778D7680258C2800602C45", "not_full_market_price": 0}}, {"type": "Feature", "geometry": {"type": "Point", "coordinates": [-6.343738862849986, 53.72731818149761]}, "properties": {"ppr_id": "315df82432e47d7375a3f2f325d694388bb0f3a7afcf9d4c546b53904ef97a55", "address": "6 Ellwood Park, Ballymakenny Road, Drogheda", "sale_date": "2024-12-20", "price": 343786.0, "property_type": null, "beds": null, "baths": null, "floor_area_m2": null, "ber": null, "asking_price": null, "eur_per_m2": null, "sale_vs_asking": null, "daft_url": "https://www.daft.ie/sold/6-ellwood-park-ballymakenny-road-drogheda-louth/6E184230CC39E49F80258C050060327E", "not_full_market_price": 0}}, {"type": "Feature", "geometry": {"type": "Point", "coordinates": [-6.358257504810232, 53.71992763738454]}, "properties": {"ppr_id": "96d635bb14c4dcbfdcee75cc1cff85e7a0371122b9df798d6357bda6bd22127a", "address": "6 LABURNUM DR, TERMON ABBEY, DROGHEDA", "sale_date": "2024-12-20", "price": 312000.0, "property_type": "Semi-D", "beds": 3.0, "baths": 2.0, "floor_area_m2": null, "ber": "C1", "asking_price": null, "eur_per_m2": null, "sale_vs_asking": null, "daft_url": "https://www.daft.ie/sold/6-laburnum-dr-termon-abbey-drogheda-louth/47B5875B7873CB1080258BFE00603BB2", "not_full_market_price": 0}}, {"type": "Feature", "geometry": {"type": "Point", "coordinates": [-6.331953720777295, 53.72705895344564]}, "properties": {"ppr_id": "d640d68c25e4e639828cb1ab8767698bc927565e40dd890fb96fa8be39965a28", "address": "79 CHERRYWOOD DR, DROGHEDA, LOUTH", "sale_date": "2024-12-20", "price": 295000.0, "property_type": "Detached", "beds": 3.0, "baths": 2.0, "floor_area_m2": null, "ber": "C3", "asking_price": 295000.0, "eur_per_m2": null, "sale_vs_asking": 0.0, "daft_url": "https://www.daft.ie/sold/79-cherrywood-dr-drogheda-louth/236D421AB8D5252780258C1A00602F95", "not_full_market_price": 0}}, {"type": "Feature", "geometry": {"type": "Point", "coordinates": [-6.3436855114922475, 53.727387509983586]}, "properties": {"ppr_id": "e41fc20b65fd8089b74d280cf12ad0628212109f2a90d5e3083c794372b88900", "address": "8 Ellwood Park, Ballymakenny Road, Drogheda", "sale_date": "2024-12-20", "price": 392898.0, "property_type": null, "beds": null, "baths": null, "floor_area_m2": null, "ber": null, "asking_price": null, "eur_per_m2": null, "sale_vs_asking": null, "daft_url": "https://www.daft.ie/sold/8-ellwood-park-ballymakenny-road-drogheda-louth/DB9E4E4CD244A2E180258C0500603282", "not_full_market_price": 0}}, {"type": "Feature", "geometry": {"type": "Point", "coordinates": [-6.384168944324176, 53.721791200488255]}, "properties": {"ppr_id": "afe9a191467dbdf481fa6a109703f26e998b1858abbf9891be759925946a06da", "address": "1 Gort Mell, Slane Road, DROGHEDA", "sale_date": "2024-12-23", "price": 349375.0, "property_type": null, "beds": null, "baths": null, "floor_area_m2": null, "ber": null, "asking_price": null, "eur_per_m2": null, "sale_vs_asking": null, "daft_url": "https://www.daft.ie/sold/1-gort-mell-slane-road-drogheda-louth/A5D9F25A7D1D9C3580258C14006034D2", "not_full_market_price": 0}}, {"type": "Feature", "geometry": {"type": "Point", "coordinates": [-6.349206165890154, 53.71538153564851]}, "properties": {"ppr_id": "d300598e8ed5f238c7c72943061c4eb11a26119314cd441e9ab34b9d83824ef0", "address": "APARTMENT 10, FAIR STREET HOUSE, FAIR STREET DROGHEDA", "sale_date": "2024-12-23", "price": 153000.0, "property_type": null, "beds": null, "baths": null, "floor_area_m2": null, "ber": null, "asking_price": null, "eur_per_m2": null, "sale_vs_asking": null, "daft_url": "https://www.daft.ie/sold/apartment-10-fair-street-house-fair-street-drogheda-louth/6A43C3298C98393680258C2800602CDA", "not_full_market_price": 0}}, {"type": "Feature", "geometry": {"type": "Point", "coordinates": [-6.351837197791814, 53.72351839929473]}, "properties": {"ppr_id": "08316551d7b305262d7b545bdf59fa7c788b5247582ebfc8d6fbf723732608a5", "address": "19 BOYLE O REILLY TERRACE, DROGHEDA, LOUTH", "sale_date": "2025-01-06", "price": 245000.0, "property_type": "Terrace", "beds": 3.0, "baths": 1.0, "floor_area_m2": 103.0, "ber": "D1", "asking_price": 225000.0, "eur_per_m2": 2378.640776699029, "sale_vs_asking": 0.0888888888888888, "daft_url": "https://www.daft.ie/sold/19-boyle-o-reilly-terrace-drogheda-louth/4859280349A95BDD80258C14006034FE", "not_full_market_price": 0}}, {"type": "Feature", "geometry": {"type": "Point", "coordinates": [-6.351926512877669, 53.7382905352145]}, "properties": {"ppr_id": "aaf51a2531f52aef31e78eb9de4f2409805658e0bc9f91f84759963fa1a360d4", "address": "24 Ballymakenny Close, Ballymakenny Park, Drogheda", "sale_date": "2025-01-06", "price": 321586.0, "property_type": null, "beds": null, "baths": null, "floor_area_m2": null, "ber": null, "asking_price": null, "eur_per_m2": null, "sale_vs_asking": null, "daft_url": "https://www.daft.ie/sold/24-ballymakenny-close-ballymakenny-park-drogheda-louth/53D61E3D1F3EC11580258C14006033EB", "not_full_market_price": 0}}, {"type": "Feature", "geometry": {"type": "Point", "coordinates": [-6.35148660470433, 53.73738103619102]}, "properties": {"ppr_id": "f4c81168b622816a5689d510f7bbd34f212740dd1bbcad781f4bea4ab7f5648b", "address": "36 Ballymakenny Avenue, Ballymakenny Park, Drogheda", "sale_date": "2025-01-06", "price": 321585.0, "property_type": null, "beds": null, "baths": null, "floor_area_m2": null, "ber": null, "asking_price": null, "eur_per_m2": null, "sale_vs_asking": null, "daft_url": "https://www.daft.ie/sold/36-ballymakenny-avenue-ballymakenny-park-drogheda-louth/1F8BEC9B9054FA4780258C140060332A", "not_full_market_price": 0}}, {"type": "Feature", "geometry": {"type": "Point", "coordinates": [-6.347255997411865, 53.72418056315797]}, "properties": {"ppr_id": "6a05632b162f0e058404a64a28061a293e415dd90a283b1e474767f4a144ed9a", "address": "39 LISTOKE PINES, BALLYMAKENNY ROAD, DROGHEDA", "sale_date": "2025-01-06", "price": 365638.77, "property_type": null, "beds": null, "baths": null, "floor_area_m2": null, "ber": null, "asking_price": null, "eur_per_m2": null, "sale_vs_asking": null, "daft_url": "https://www.daft.ie/sold/39-listoke-pines-ballymakenny-road-drogheda-louth/03FF547394ACAC4080258C1A00602CED", "not_full_market_price": 0}}, {"type": "Feature", "geometry": {"type": "Point", "coordinates": [-6.343682653383797, 53.727377927997715]}, "properties": {"ppr_id": "5d32746f554f6a3eac808cac11781c2097841bcb0e5e9181fa611d3181c6f98c", "address": "42 Listoke Pines, Ballymakenny Road, Drogheda", "sale_date": "2025-01-06", "price": 365638.75, "property_type": null, "beds": null, "baths": null, "floor_area_m2": null, "ber": null, "asking_price": null, "eur_per_m2": null, "sale_vs_asking": null, "daft_url": "https://www.daft.ie/sold/42-listoke-pines-ballymakenny-road-drogheda-louth/065B12621F4AF80280258C14006033DF", "not_full_market_price": 0}}, {"type": "Feature", "geometry": {"type": "Point", "coordinates": [-6.41937135864053, 53.73806351937041]}, "properties": {"ppr_id": "64f09d71c995ffb872aa9a7dca2fe835b4af0d3a146c5af7fd9bdf828fbe60e7", "address": "67 TOWNLEY MANOR, TULLYALLEN, DROGHEDA", "sale_date": "2025-01-06", "price": 208000.0, "property_type": null, "beds": null, "baths": null, "floor_area_m2": null, "ber": "D2", "asking_price": null, "eur_per_m2": null, "sale_vs_asking": null, "daft_url": "https://www.daft.ie/sold/67-ard-ri-drogheda-louth/3E75FA00FEECFF7E80257EA600477DDC", "not_full_market_price": 0}}, {"type": "Feature", "geometry": {"type": "Point", "coordinates": [-6.350809444376295, 53.71545809962024]}, "properties": {"ppr_id": "b864841afc497974ed2151b7474eb289d7b5573267a2221be6f984f58d424d7d", "address": "APT 3, 30 PETER ST, DROGHEDA", "sale_date": "2025-01-06", "price": 120000.0, "property_type": "Apartment", "beds": 1.0, "baths": 1.0, "floor_area_m2": 24.2, "ber": "D1", "asking_price": 110000.0, "eur_per_m2": 4958.677685950413, "sale_vs_asking": 0.09090909090909083, "daft_url": "https://www.daft.ie/sold/apt-3-30-peter-st-drogheda-louth/DA66143EAE80CA2E80258C1400603559", "not_full_market_price": 0}}, {"type": "Feature", "geometry": {"type": "Point", "coordinates": [-6.3435521330979, 53.72739371009209]}, "properties": {"ppr_id": "1935897c75c061107a0650ded14b949cb1b4513278ba99613f409edb14af9d17", "address": "44 Listoke Pines, Ballymakenny Road, Drogheda", "sale_date": "2025-01-09", "price": 406292.0, "property_type": null, "beds": null, "baths": null, "floor_area_m2": null, "ber": null, "asking_price": null, "eur_per_m2": null, "sale_vs_asking": null, "daft_url": "https://www.daft.ie/sold/44-listoke-pines-ballymakenny-road-drogheda-louth/A4004B19E5B656E080258C2800602C5B", "not_full_market_price": 0}}, {"type": "Feature", "geometry": {"type": "Point", "coordinates": [-6.353581265431474, 53.737551199294735]}, "properties": {"ppr_id": "42e3adb31b1f63b3074830c41f6ada5c656d943ee8bf51a85e3418055f880431", "address": "7 Ballymakenny Dene, Ballymakenny Park, Drogheda", "sale_date": "2025-01-09", "price": 321586.0, "property_type": null, "beds": null, "baths": null, "floor_area_m2": null, "ber": null, "asking_price": null, "eur_per_m2": null, "sale_vs_asking": null, "daft_url": "https://www.daft.ie/sold/7-ballymakenny-dene-ballymakenny-park-drogheda-louth/1C1810A6CF034A0980258C3600603780", "not_full_market_price": 0}}, {"type": "Feature", "geometry": {"type": "Point", "coordinates": [-6.347244565828661, 53.72422001839389]}, "properties": {"ppr_id": "adcae4cddeaf1415e85a1126093b158f35fd8c7ec4aaaf421815a28b794c6cb7", "address": "15 Ballymakenny View, BALLYMAKENNY ROAD, DROGHEDA", "sale_date": "2025-01-10", "price": 343568.0, "property_type": null, "beds": null, "baths": null, "floor_area_m2": null, "ber": null, "asking_price": null, "eur_per_m2": null, "sale_vs_asking": null, "daft_url": "https://www.daft.ie/sold/15-ballymakenny-view-ballymakenny-road-drogheda-louth/81219D2DE2B576EC80258C36006038A4", "not_full_market_price": 0}}, {"type": "Feature", "geometry": {"type": "Point", "coordinates": [-6.326625443167359, 53.72767402647869]}, "properties": {"ppr_id": "aa7431eed3ebea065b2ed65ec2e8279530b0d7f3067984a381dbb45c9c3058fb", "address": "199 Beaulieu Village, Termonfeckin Road, Drogheda", "sale_date": "2025-01-13", "price": 321585.9, "property_type": null, "beds": null, "baths": null, "floor_area_m2": null, "ber": null, "asking_price": null, "eur_per_m2": null, "sale_vs_asking": null, "daft_url": "https://www.daft.ie/sold/199-beaulieu-village-termonfeckin-road-drogheda-louth/5857E33405CAD5B480258C1A00602C35", "not_full_market_price": 0}}, {"type": "Feature", "geometry": {"type": "Point", "coordinates": [-6.351392550955224, 53.73644181882789]}, "properties": {"ppr_id": "8d50892769fa498db9020079ba2fa2dbf7a23c800e281123f9b32f47498c7b89", "address": "8 Ballymakenny Drive, Ballymakenny Park, Drogheda", "sale_date": "2025-01-14", "price": 330396.0, "property_type": null, "beds": null, "baths": null, "floor_area_m2": null, "ber": null, "asking_price": null, "eur_per_m2": null, "sale_vs_asking": null, "daft_url": "https://www.daft.ie/sold/8-ballymakenny-drive-ballymakenny-park-drogheda-louth/62A05E933901DCC980258C1A00602DAD", "not_full_market_price": 0}}, {"type": "Feature", "geometry": {"type": "Point", "coordinates": [-6.327353594072922, 53.72764337352131]}, "properties": {"ppr_id": "4d4c20d6b543e0e66a0e262984ee72625818dc2f2404c2c174cfe5b0a8817c6e", "address": "206 BEAULIEU VILLAGE, TERMONFECKIN ROAD, DROGHEDA", "sale_date": "2025-01-15", "price": 299515.0, "property_type": null, "beds": null, "baths": null, "floor_area_m2": null, "ber": null, "asking_price": null, "eur_per_m2": null, "sale_vs_asking": null, "daft_url": "https://www.daft.ie/sold/206-beaulieu-village-termonfeckin-road-drogheda-louth/6938F7064B895EFC80258C1A00602FB2", "not_full_market_price": 0}}, {"type": "Feature", "geometry": {"type": "Point", "coordinates": [-6.328547692625651, 53.73016681763438]}, "properties": {"ppr_id": "e7c26a86efeb1ac4e295de91fb970604655fc3494d143341ae6afa25f9e2cf43", "address": "24 CHERRYWOOD CLOSE, TERMONABBEY, DROGHEDA", "sale_date": "2025-01-16", "price": 305000.0, "property_type": "Semi-D", "beds": 3.0, "baths": 2.0, "floor_area_m2": 93.0, "ber": "B3", "asking_price": 270000.0, "eur_per_m2": 3279.569892473118, "sale_vs_asking": 0.12962962962962954, "daft_url": "https://www.daft.ie/sold/24-cherrywood-close-termonabbey-drogheda-louth/514DAA23B7ED84D080258C2100602BAA", "not_full_market_price": 0}}, {"type": "Feature", "geometry": {"type": "Point", "coordinates": [-6.347141681579834, 53.724263982799634]}, "properties": {"ppr_id": "d7a1442e3936f0064965fbeb9ec57254936db4574c38664218bcf7601ba335fd", "address": "43 LISTOKE PINES, BALLYMAKENNY ROAD, DROGHEDA", "sale_date": "2025-01-16", "price": 365639.0, "property_type": null, "beds": null, "baths": null, "floor_area_m2": null, "ber": null, "asking_price": null, "eur_per_m2": null, "sale_vs_asking": null, "daft_url": "https://www.daft.ie/sold/43-listoke-pines-ballymakenny-road-drogheda-louth/BB645FB4BC86419680258C3D00603788", "not_full_market_price": 0}}, {"type": "Feature", "geometry": {"type": "Point", "coordinates": [-6.343554038503533, 53.727314799620245]}, "properties": {"ppr_id": "fbae9e2390846db7c783e3621b231d6df5107816bf8b6e30f08afcd7ad187e96", "address": "45 Listoke Pines, Ballymakenny Road, Drogheda", "sale_date": "2025-01-16", "price": 388433.0, "property_type": null, "beds": null, "baths": null, "floor_area_m2": null, "ber": null, "asking_price": null, "eur_per_m2": null, "sale_vs_asking": null, "daft_url": "https://www.daft.ie/sold/45-listoke-pines-ballymakenny-road-drogheda-louth/E31AFE3E2B2DF00780258C2800602C63", "not_full_market_price": 0}}, {"type": "Feature", "geometry": {"type": "Point", "coordinates": [-6.34352259931058, 53.72730352669569]}, "properties": {"ppr_id": "d47c297580587a62bab7e08727efa51b2c0a2c2c2a9db5df097443415835566c", "address": "47 Listoke Pines, Ballymakenny Road, Drogheda", "sale_date": "2025-01-16", "price": 388433.0, "property_type": null, "beds": null, "baths": null, "floor_area_m2": null, "ber": null, "asking_price": null, "eur_per_m2": null, "sale_vs_asking": null, "daft_url": "https://www.daft.ie/sold/47-listoke-pines-ballymakenny-road-drogheda-louth/24C8E96B5267999C80258C2800602C5F", "not_full_market_price": 0}}, {"type": "Feature", "geometry": {"type": "Point", "coordinates": [-6.274699388214676, 53.758193017634376]}, "properties": {"ppr_id": "d39c2f09ef7ade6cf65bf80c4d75d685d96a2438d198aff46395b10bcebdd428", "address": "DROGHEDA RD, ARDEE, LOUTH", "sale_date": "2025-01-16", "price": 210000.0, "property_type": null, "beds": null, "baths": null, "floor_area_m2": null, "ber": null, "asking_price": null, "eur_per_m2": null, "sale_vs_asking": null, "daft_url": "https://www.daft.ie/sold/chord-rd-drogheda-louth/94D3A16014AEF78D80258DEF005AB398", "not_full_market_price": 0}}, {"type": "Feature", "geometry": {"type": "Point", "coordinates": [-6.343616817040478, 53.72732339196945]}, "properties": {"ppr_id": "d253747513e1171713c2675c411828d6ccce597db98b85d8e84198bf17222949", "address": "13 Ballymakenny View, Yellowbatter, Drogheda", "sale_date": "2025-01-17", "price": 343568.0, "property_type": null, "beds": null, "baths": null, "floor_area_m2": null, "ber": null, "asking_price": null, "eur_per_m2": null, "sale_vs_asking": null, "daft_url": "https://www.daft.ie/sold/13-ballymakenny-view-yellowbatter-drogheda-louth/36D7108FF52DA20080258C1A00602F7E", "not_full_market_price": 0}}, {"type": "Feature", "geometry": {"type": "Point", "coordinates": [-6.334243763739769, 53.722467763917486]}, "properties": {"ppr_id": "f710b05a5d137db58bbedb68d0b95f172a2412bb0b3dc4489d3838d74720b601", "address": "2 THE PRIORY, WESTCOURT, DROGHEDA", "sale_date": "2025-01-17", "price": 395000.0, "property_type": "Detached", "beds": 4.0, "baths": 3.0, "floor_area_m2": 120.0, "ber": "C3", "asking_price": 385000.0, "eur_per_m2": 3291.6666666666665, "sale_vs_asking": 0.025974025974025983, "daft_url": "https://www.daft.ie/sold/2-the-priory-westcourt-drogheda-louth/86F05154024D83CA80258C2F00602D81", "not_full_market_price": 0}}, {"type": "Feature", "geometry": {"type": "Point", "coordinates": [-6.343683606086614, 53.727391455507174]}, "properties": {"ppr_id": "bac2cbe14aeff79e6c243670d7f4ac113a9c0f8d7ec6c07394fcb76caf049a32", "address": "18 Ballymakenny View, Ballymakenny Road, Drogheda", "sale_date": "2025-01-20", "price": 352378.85, "property_type": null, "beds": null, "baths": null, "floor_area_m2": null, "ber": null, "asking_price": null, "eur_per_m2": null, "sale_vs_asking": null, "daft_url": "https://www.daft.ie/sold/18-ballymakenny-view-ballymakenny-road-drogheda-louth/2C7828984B67EE9A80258C2800602B86", "not_full_market_price": 0}}, {"type": "Feature", "geometry": {"type": "Point", "coordinates": [-6.346584966612918, 53.733193400271254]}, "properties": {"ppr_id": "3797209aa4f9573b7334c26231a887bd9640eef2c78199c0c5958f139e807e1e", "address": "2 Listoke Pines, Ballymakenny", "sale_date": "2025-01-21", "price": 365638.76, "property_type": null, "beds": null, "baths": null, "floor_area_m2": null, "ber": null, "asking_price": null, "eur_per_m2": null, "sale_vs_asking": null, "daft_url": "https://www.daft.ie/sold/2-listoke-pines-ballymakenny-road-drogheda-louth/721D6BA41AA8592480258D2B005AAEBF", "not_full_market_price": 0}}, {"type": "Feature", "geometry": {"type": "Point", "coordinates": [-6.359245595814028, 53.71268772778071]}, "properties": {"ppr_id": "cf82bec960d4219204abbfc1ed054a74ff4b48cac972072cd8de500a7bab3ad1", "address": "293 BALLSGROVE, DROGHEDA, CO LOUTH", "sale_date": "2025-01-21", "price": 251500.0, "property_type": "Terrace", "beds": 3.0, "baths": 1.0, "floor_area_m2": null, "ber": "E2", "asking_price": null, "eur_per_m2": null, "sale_vs_asking": null, "daft_url": "https://www.daft.ie/sold/293-ballsgrove-drogheda/F053364C96935ED680258C2100602D58", "not_full_market_price": 0}}, {"type": "Feature", "geometry": {"type": "Point", "coordinates": [-6.347255997411865, 53.724265673738316]}, "properties": {"ppr_id": "1eb68aaeb953a39a6eb21e05386e4b4184e943c3d34a140db7275c3a47610af9", "address": "7 BALLYMAKENNY VIEW, BALLYMAKENNY ROAD, DROGHEDA", "sale_date": "2025-01-21", "price": 339207.0, "property_type": null, "beds": null, "baths": null, "floor_area_m2": null, "ber": null, "asking_price": null, "eur_per_m2": null, "sale_vs_asking": null, "daft_url": "https://www.daft.ie/sold/7-ballymakenny-view-ballymakenny-road-drogheda-louth/B54628EEB87D6BF180258C3D00603795", "not_full_market_price": 0}}, {"type": "Feature", "geometry": {"type": "Point", "coordinates": [-6.35473474050068, 53.73737339175245]}, "properties": {"ppr_id": "12255b7a57b84d3ed36898fc0b9a3dd1113929056b451ccd5e8e74bc9b1f171c", "address": "34 Ballymakenny Avenue, Ballymakenny Park, Drogheda", "sale_date": "2025-01-22", "price": 321585.9, "property_type": null, "beds": null, "baths": null, "floor_area_m2": null, "ber": null, "asking_price": null, "eur_per_m2": null, "sale_vs_asking": null, "daft_url": "https://www.daft.ie/sold/34-ballymakenny-avenue-ballymakenny-park-drogheda-louth/121B1BE7EAF25E2B80258C5900603865", "not_full_market_price": 0}}, {"type": "Feature", "geometry": {"type": "Point", "coordinates": [-6.347147397371436, 53.72419127243629]}, "properties": {"ppr_id": "9c774316e09c962f6cc10c490b72fe3dad0cc0f9245fd1e9bca3a8ac9ba0f7cd", "address": "8 BALLYMAKENNY VIEW, BALLYMAKENNY ROAD, DROGHEDA", "sale_date": "2025-01-23", "price": 339207.0, "property_type": null, "beds": null, "baths": null, "floor_area_m2": null, "ber": null, "asking_price": null, "eur_per_m2": null, "sale_vs_asking": null, "daft_url": "https://www.daft.ie/sold/8-ballymakenny-view-ballymakenny-road-drogheda-louth/EB489B2E70B4496E80258C3D0060379E", "not_full_market_price": 0}}, {"type": "Feature", "geometry": {"type": "Point", "coordinates": [-6.346662146263988, 53.733116180738094]}, "properties": {"ppr_id": "411158d7e51bc0c797b80fe29ad4f4dd89f4631b38cbaf11936d755606a67223", "address": "36 Listoke pines, ballymakenny road, drogheda", "sale_date": "2025-01-24", "price": 365638.75, "property_type": null, "beds": null, "baths": null, "floor_area_m2": null, "ber": null, "asking_price": null, "eur_per_m2": null, "sale_vs_asking": null, "daft_url": "https://www.daft.ie/sold/36-listoke-pines-ballymakenny-road-drogheda-louth/0630CC6FF3C261A680258C2800602B72", "not_full_market_price": 0}}, {"type": "Feature", "geometry": {"type": "Point", "coordinates": [-6.350847706197139, 53.73839057330431]}, "properties": {"ppr_id": "d85ff63e185a67efed10588bb0238b9e49cac9db2241d072f41baae477bc3d2a", "address": "14 Ballymakenny Mews, Ballymakenny Park, Drogheda", "sale_date": "2025-01-27", "price": 325991.18, "property_type": null, "beds": null, "baths": null, "floor_area_m2": null, "ber": null, "asking_price": null, "eur_per_m2": null, "sale_vs_asking": null, "daft_url": "https://www.daft.ie/sold/14-ballymakenny-mews-ballymakenny-park-drogheda-louth/55AF53498D338E4A80258C2800602D5C", "not_full_market_price": 0}}, {"type": "Feature", "geometry": {"type": "Point", "coordinates": [-6.351901736110291, 53.738360427346706]}, "properties": {"ppr_id": "e9c6c54f7ee643ed5e2f5a482dc7a2c6b92d23dc23d3c029f0b99d4dab609c59", "address": "22 Ballymakenny Close, Ballymakenny Park, Drogheda", "sale_date": "2025-01-27", "price": 321585.9, "property_type": null, "beds": null, "baths": null, "floor_area_m2": null, "ber": null, "asking_price": null, "eur_per_m2": null, "sale_vs_asking": null, "daft_url": "https://www.daft.ie/sold/22-ballymakenny-close-ballymakenny-park-drogheda-louth/717C949DA049CF6D80258C36006038E8", "not_full_market_price": 0}}, {"type": "Feature", "geometry": {"type": "Point", "coordinates": [-6.320856243517373, 53.70484073749304]}, "properties": {"ppr_id": "4369d2578bfc52c760f05b344ebef743ab80c0c8d0e6ad861495d7f96c8d7236", "address": "112 BRYANSTOWN MANOR, DUBLIN RD, DROGHEDA", "sale_date": "2025-01-31", "price": 267000.0, "property_type": "Duplex", "beds": 3.0, "baths": 3.0, "floor_area_m2": 122.0, "ber": "C1", "asking_price": 260000.0, "eur_per_m2": 2188.5245901639346, "sale_vs_asking": 0.026923076923076827, "daft_url": "https://www.daft.ie/sold/112-bryanstown-manor-dublin-rd-drogheda-louth/03AFE5E3734B016F80258C3D0060398F", "not_full_market_price": 0}}, {"type": "Feature", "geometry": {"type": "Point", "coordinates": [-6.343708376359849, 53.72737285518167]}, "properties": {"ppr_id": "0a5a616412334d23696ed998782a6cd6c090555e783692c345137c40a9ca781f", "address": "20 Ballymakenny View, Ballymakenny Road, Drogheda", "sale_date": "2025-01-31", "price": 356828.0, "property_type": null, "beds": null, "baths": null, "floor_area_m2": null, "ber": null, "asking_price": null, "eur_per_m2": null, "sale_vs_asking": null, "daft_url": "https://www.daft.ie/sold/20-ballymakenny-view-ballymakenny-road-drogheda-louth/3EB366F852BD8DFB80258C2800602F64", "not_full_market_price": 0}}, {"type": "Feature", "geometry": {"type": "Point", "coordinates": [-6.33666052575395, 53.70754802647869]}, "properties": {"ppr_id": "5d39dbb25a4633950a81d119a6e2884c5ea48733748e3a590441bd25f2c27b95", "address": "40 THE PARK, MARTELLO VILLAGE, DROGHEDA", "sale_date": "2025-01-31", "price": 350000.0, "property_type": "End of Terrace", "beds": 3.0, "baths": 3.0, "floor_area_m2": null, "ber": "C1", "asking_price": 335000.0, "eur_per_m2": null, "sale_vs_asking": 0.04477611940298498, "daft_url": "https://www.daft.ie/sold/40-the-park-martello-village-drogheda-louth/E361BD034B39414780258C4B00603923", "not_full_market_price": 0}}, {"type": "Feature", "geometry": {"type": "Point", "coordinates": [-6.343612153375356, 53.727384128106216]}, "properties": {"ppr_id": "fac51c635700e763853ee6efda503dc22d27fd16cbcccd211fb6e67436a4ffaf", "address": "49 Listoke Pines, Ballymakenny Road, Drogheda", "sale_date": "2025-01-31", "price": 400881.06, "property_type": null, "beds": null, "baths": null, "floor_area_m2": null, "ber": null, "asking_price": null, "eur_per_m2": null, "sale_vs_asking": null, "daft_url": "https://www.daft.ie/sold/49-listoke-pines-ballymakenny-road-drogheda-louth/20442FCCD417AC1D80258C2F00602BA0", "not_full_market_price": 0}}, {"type": "Feature", "geometry": {"type": "Point", "coordinates": [-6.351223886177131, 53.73647169207795]}, "properties": {"ppr_id": "e6c574540079f2796917274bc774326f4e80eea28c81785e80862e8f0bda28e2", "address": "6 Ballymakenny Drive, Ballymakenny Park, Drogheda", "sale_date": "2025-01-31", "price": 330396.48, "property_type": null, "beds": null, "baths": null, "floor_area_m2": null, "ber": null, "asking_price": null, "eur_per_m2": null, "sale_vs_asking": null, "daft_url": "https://www.daft.ie/sold/6-ballymakenny-drive-ballymakenny-park-drogheda-louth/BAB5C1DAB9FD6E9280258C3D006037D5", "not_full_market_price": 0}}, {"type": "Feature", "geometry": {"type": "Point", "coordinates": [-6.350759081603179, 53.73840635539867]}, "properties": {"ppr_id": "9409591839d5e23d894913e4b9b2925d9eb0b0b0b5633e492a0bfe8070d10551", "address": "6 Ballymakenny Mews, Ballymakenny Park, Drogheda", "sale_date": "2025-01-31", "price": 317180.62, "property_type": null, "beds": null, "baths": null, "floor_area_m2": null, "ber": null, "asking_price": null, "eur_per_m2": null, "sale_vs_asking": null, "daft_url": "https://www.daft.ie/sold/6-ballymakenny-mews-ballymakenny-park-drogheda-louth/EE7066D9406AD32880258C3D0060388C", "not_full_market_price": 0}}, {"type": "Feature", "geometry": {"type": "Point", "coordinates": [-6.3298245801755595, 53.73297764633735]}, "properties": {"ppr_id": "438d2da8b8cac97060030477ab1b31dd5fcad68e1a746988d8fe3ddc4a883f2d", "address": "6 MALLARD SQ, ASTON VILLAGE, DROGHEDA", "sale_date": "2025-02-04", "price": 235000.0, "property_type": "Terrace", "beds": 2.0, "baths": 3.0, "floor_area_m2": 80.0, "ber": "B3", "asking_price": 215000.0, "eur_per_m2": 2937.5, "sale_vs_asking": 0.09302325581395343, "daft_url": "https://www.daft.ie/sold/6-mallard-sq-aston-village-drogheda-louth/74E450E340ADB5A580258C3600603AAC", "not_full_market_price": 0}}, {"type": "Feature", "geometry": {"type": "Point", "coordinates": [-6.347190555376613, 53.71587763662503]}, "properties": {"ppr_id": "58d6f81002c4e596b52c45c3edf972223f751d3fbfd0a58877c3d925df98c657", "address": "110 CORD RD, DROGHEDA, LOUTH", "sale_date": "2025-02-05", "price": 191000.0, "property_type": "End of Terrace", "beds": 2.0, "baths": 2.0, "floor_area_m2": null, "ber": "D2", "asking_price": 190000.0, "eur_per_m2": null, "sale_vs_asking": 0.0052631578947368585, "daft_url": "https://www.daft.ie/sold/110-cord-rd-drogheda-louth/C5CEC04C2AD1424280258C4B0060373C", "not_full_market_price": 0}}, {"type": "Feature", "geometry": {"type": "Point", "coordinates": [-6.351367775338104, 53.73644632799771]}, "properties": {"ppr_id": "e1c0e6d981b519a3bf1d0d9cc67a10fc2e753c163cb87724e7c27eb2e498b0fa", "address": "12 Ballymakenny Drive, Ballymakenny Park, Drogheda", "sale_date": "2025-02-05", "price": 339207.04, "property_type": null, "beds": null, "baths": null, "floor_area_m2": null, "ber": null, "asking_price": null, "eur_per_m2": null, "sale_vs_asking": null, "daft_url": "https://www.daft.ie/sold/12-ballymakenny-drive-ballymakenny-park-drogheda-louth/503D5D919932014A80258C3600603AFE", "not_full_market_price": 0}}, {"type": "Feature", "geometry": {"type": "Point", "coordinates": [-6.3530296595542595, 53.73809809023342]}, "properties": {"ppr_id": "111e82b6c725ac6517d06584760d8390a24e30d8fe23a1f302ed425547bfd224", "address": "4 Ballymakenny Drive, Ballymakenny Park, Drogheda", "sale_date": "2025-02-05", "price": 330396.48, "property_type": null, "beds": null, "baths": null, "floor_area_m2": null, "ber": null, "asking_price": null, "eur_per_m2": null, "sale_vs_asking": null, "daft_url": "https://www.daft.ie/sold/4-ballymakenny-drive-ballymakenny-park-drogheda-louth/4D9CA51532E7C2BC80258C2F00602D76", "not_full_market_price": 0}}, {"type": "Feature", "geometry": {"type": "Point", "coordinates": [-6.351245803069199, 53.73633585333713]}, "properties": {"ppr_id": "519b5377268e37245e633fdc403de522a82ef0d9b590ee0a9bacd385e2b3a425", "address": "10 Ballymakenny Drive, Ballymakenny Park, Drogheda", "sale_date": "2025-02-06", "price": 334801.0, "property_type": null, "beds": null, "baths": null, "floor_area_m2": null, "ber": null, "asking_price": null, "eur_per_m2": null, "sale_vs_asking": null, "daft_url": "https://www.daft.ie/sold/10-ballymakenny-drive-ballymakenny-park-drogheda-louth/F5CD144C0F9B29B380258C2F00602DFE", "not_full_market_price": 0}}, {"type": "Feature", "geometry": {"type": "Point", "coordinates": [-6.339132074497092, 53.73026860792205]}, "properties": {"ppr_id": "f85b4139acc97209a2fe679ad08c6e6df63ca52c519aa92edc890c17e3e05578", "address": "70 FOREST PARK, DROGHEDA, LOUTH", "sale_date": "2025-02-06", "price": 285000.0, "property_type": null, "beds": null, "baths": null, "floor_area_m2": null, "ber": null, "asking_price": null, "eur_per_m2": null, "sale_vs_asking": null, "daft_url": "https://www.daft.ie/sold/70-forest-park-drogheda-louth/E1AB546FBC76ECAE80258C2F00602DBD", "not_full_market_price": 0}}, {"type": "Feature", "geometry": {"type": "Point", "coordinates": [-6.359410355890601, 53.712623472110785]}, "properties": {"ppr_id": "8a5dfdd05145e538b93b43bf8c6b89c5537bd563ad455746a6f704aafe850296", "address": "82 BALLSGROVE, DROGHEDA, LOUTH", "sale_date": "2025-02-06", "price": 215000.0, "property_type": "Terrace", "beds": 3.0, "baths": 1.0, "floor_area_m2": null, "ber": "C1", "asking_price": 220000.0, "eur_per_m2": null, "sale_vs_asking": -0.022727272727272707, "daft_url": "https://www.daft.ie/sold/82-ballsgrove-drogheda-louth/5FE828134C16F84080258C52006038B6", "not_full_market_price": 0}}, {"type": "Feature", "geometry": {"type": "Point", "coordinates": [-6.338695130997472, 53.71897379918623]}, "properties": {"ppr_id": "434dff93218808bc3dcbd2bc0e886e80cfb82e6e1171d7081a94764cc34dd647", "address": "23 HAND ST, DROGHEDA, LOUTH", "sale_date": "2025-02-07", "price": 290000.0, "property_type": "Terrace", "beds": 2.0, "baths": 1.0, "floor_area_m2": 65.0, "ber": "G", "asking_price": 135000.0, "eur_per_m2": 4461.538461538462, "sale_vs_asking": 1.1481481481481484, "daft_url": "https://www.daft.ie/sold/23-hand-st-drogheda-louth/F204CB9F722F84A180258C4400603783", "not_full_market_price": 0}}, {"type": "Feature", "geometry": {"type": "Point", "coordinates": [-6.386520071420469, 53.715123845143836]}, "properties": {"ppr_id": "54c59b2170dbf9d20f02d37efa013e990a19501dded1452369a7f999e590ddea", "address": "32 THE GREEN, RIVERBANK, DROGHEDA", "sale_date": "2025-02-07", "price": 324000.0, "property_type": "Semi-D", "beds": 4.0, "baths": 3.0, "floor_area_m2": null, "ber": "C1", "asking_price": null, "eur_per_m2": null, "sale_vs_asking": null, "daft_url": "https://www.daft.ie/sold/32-the-green-riverbank-drogheda-louth/5E58DA6596DE0AB280258C360060383A", "not_full_market_price": 0}}, {"type": "Feature", "geometry": {"type": "Point", "coordinates": [-6.3320849614766725, 53.719310726695696]}, "properties": {"ppr_id": "4295741274ccf43c4fc2101565c8be844ad2e3b9ecfdb6ac6b0ec80033c0a193", "address": "4 THE MOORINGS, GREENHILLS, DROGHEDA", "sale_date": "2025-02-07", "price": 375000.0, "property_type": "Apartment", "beds": 3.0, "baths": 2.0, "floor_area_m2": 117.0, "ber": null, "asking_price": 350000.0, "eur_per_m2": 3205.128205128205, "sale_vs_asking": 0.0714285714285714, "daft_url": "https://www.daft.ie/sold/4-the-moorings-greenhills-drogheda-louth/32158E384483D8C980258C3D0060371D", "not_full_market_price": 0}}, {"type": "Feature", "geometry": {"type": "Point", "coordinates": [-6.353760417259089, 53.737661673955316]}, "properties": {"ppr_id": "55afe79f319fdf3c65089fdbed6e29fa006921084a210868d1a83b70eb9e0f42", "address": "2 Ballymakenny Dene, Ballymakenny Park, Drogheda", "sale_date": "2025-02-10", "price": 281938.0, "property_type": null, "beds": null, "baths": null, "floor_area_m2": null, "ber": null, "asking_price": null, "eur_per_m2": null, "sale_vs_asking": null, "daft_url": "https://www.daft.ie/sold/2-ballymakenny-dene-ballymakenny-park-drogheda-louth/42F0288B90181B7580258C36006037B7", "not_full_market_price": 0}}, {"type": "Feature", "geometry": {"type": "Point", "coordinates": [-6.358444170998023, 53.71404031030909]}, "properties": {"ppr_id": "a34ad276600e57d47d1b1a45bc040045995cc8b72ab57ecc3cfb8e186aea811d", "address": "23 THE WILLOWS, RATHMULLAN RD, DROGHEDA", "sale_date": "2025-02-11", "price": 200000.0, "property_type": null, "beds": null, "baths": null, "floor_area_m2": null, "ber": null, "asking_price": null, "eur_per_m2": null, "sale_vs_asking": null, "daft_url": "https://www.daft.ie/sold/23-the-willows-rathmullan-rd-drogheda-louth/79EB37D15950685780258C3D0060378B", "not_full_market_price": 0}}, {"type": "Feature", "geometry": {"type": "Point", "coordinates": [-6.348988031728849, 53.73629194503533]}, "properties": {"ppr_id": "692d903093aa54b1917a0a696ce74e1dd1381debc06d31c04764025052ab50ee", "address": "7 Ballymakenny Place, Ballymakenny Park, Drogheda", "sale_date": "2025-02-11", "price": 334801.76, "property_type": null, "beds": null, "baths": null, "floor_area_m2": null, "ber": null, "asking_price": null, "eur_per_m2": null, "sale_vs_asking": null, "daft_url": "https://www.daft.ie/sold/7-ballymakenny-place-ballymakenny-park-drogheda-louth/618039AC3B2046FC80258C36006039CA", "not_full_market_price": 0}}, {"type": "Feature", "geometry": {"type": "Point", "coordinates": [-6.349085372296307, 53.73576347330431]}, "properties": {"ppr_id": "fd0b55fdc911857acb1b36a50a83d14a04c7921c239199a5355d156690cee908", "address": "8 Ballymakenny Place, Ballymakenny Park, Drogheda", "sale_date": "2025-02-11", "price": 325991.18, "property_type": null, "beds": null, "baths": null, "floor_area_m2": null, "ber": null, "asking_price": null, "eur_per_m2": null, "sale_vs_asking": null, "daft_url": "https://www.daft.ie/sold/8-ballymakenny-place-ballymakenny-park-drogheda-louth/0090ED487BFB661780258C36006039E1", "not_full_market_price": 0}}, {"type": "Feature", "geometry": {"type": "Point", "coordinates": [-6.3509903968358925, 53.70874239186095]}, "properties": {"ppr_id": "5f94a17d43b76e316501a0dba6252ee2e7f2be3e203246c8f16e4890a5f739a0", "address": "8 COOLAGH WELL, PLATIN RD, DROGHEDA", "sale_date": "2025-02-11", "price": 234000.0, "property_type": null, "beds": null, "baths": null, "floor_area_m2": null, "ber": "C2", "asking_price": null, "eur_per_m2": null, "sale_vs_asking": null, "daft_url": "https://www.daft.ie/sold/8-coolagh-well-platin-rd-drogheda-louth/9EC424AD975C62D680258C3600603818", "not_full_market_price": 0}}, {"type": "Feature", "geometry": {"type": "Point", "coordinates": [-6.370714306039367, 53.723042264134484]}, "properties": {"ppr_id": "7839c4284298e1ba3ced0b6c0f7570b9364c401baef67b744f90fe58ddb1c3eb", "address": "17 GREEN PARK, CEMENT RD, DROGHEDA", "sale_date": "2025-02-12", "price": 320000.0, "property_type": "Semi-D", "beds": 4.0, "baths": 3.0, "floor_area_m2": 103.0, "ber": "B3", "asking_price": 320000.0, "eur_per_m2": 3106.7961165048546, "sale_vs_asking": 0.0, "daft_url": "https://www.daft.ie/sold/17-green-park-cement-rd-drogheda-louth/2BEBC4F439F900CF80258C36006039E6", "not_full_market_price": 0}}, {"type": "Feature", "geometry": {"type": "Point", "coordinates": [-6.344512541192951, 53.73805451030909]}, "properties": {"ppr_id": "4af14e8d415d76f273bdc9a4bd9baba4235dc87a5b493aafaed3b0c7aa6f0a44", "address": "5 Linenfield, Drogheda", "sale_date": "2025-02-12", "price": 409693.0, "property_type": null, "beds": null, "baths": null, "floor_area_m2": null, "ber": null, "asking_price": null, "eur_per_m2": null, "sale_vs_asking": null, "daft_url": "https://www.daft.ie/sold/5-linenfield-drogheda-louth/918AB9F7687BB48980258C36006039E8", "not_full_market_price": 0}}, {"type": "Feature", "geometry": {"type": "Point", "coordinates": [-6.35512232613983, 53.70266980037975]}, "properties": {"ppr_id": "efa1508fe86e66c7fe1e557e17876d381013bd5cb33b4aabf5b53c9daa86dd77", "address": "5 The Elms, Avourwen, Drogheda", "sale_date": "2025-02-12", "price": 330396.0, "property_type": null, "beds": null, "baths": null, "floor_area_m2": null, "ber": null, "asking_price": null, "eur_per_m2": null, "sale_vs_asking": null, "daft_url": "https://www.daft.ie/sold/5-the-elms-avourwen-drogheda-louth/8854D03DF92B7B7480258C3D006038E3", "not_full_market_price": 0}}, {"type": "Feature", "geometry": {"type": "Point", "coordinates": [-6.359203691517096, 53.71260487178528]}, "properties": {"ppr_id": "424bccdb00e2d7545248c5b4a34546c7e297203b4f68e157c46f076f83c4eb82", "address": "72 BALLSGROVE, DROGHEDA, LOUTH", "sale_date": "2025-02-12", "price": 200000.0, "property_type": null, "beds": null, "baths": null, "floor_area_m2": null, "ber": null, "asking_price": null, "eur_per_m2": null, "sale_vs_asking": null, "daft_url": "https://www.daft.ie/sold/72-ballsgrove-drogheda-louth/BA0235DDF40FE85280258C3600603A06", "not_full_market_price": 0}}, {"type": "Feature", "geometry": {"type": "Point", "coordinates": [-6.329825533005076, 53.73298328279963]}, "properties": {"ppr_id": "66ba9f1e90b8501d2fb53adeb5486e88339234808a9272d537cf81d9ec2a6eef", "address": "18 SHELDUCK ST, ASTON VILLAGE, DROGHEDA", "sale_date": "2025-02-13", "price": 285000.0, "property_type": "Terrace", "beds": 2.0, "baths": 2.0, "floor_area_m2": 82.0, "ber": "C2", "asking_price": 235000.0, "eur_per_m2": 3475.609756097561, "sale_vs_asking": 0.2127659574468086, "daft_url": "https://www.daft.ie/sold/18-shelduck-st-aston-village-drogheda-louth/F373621D9F58CA4B80258C3600603AB1", "not_full_market_price": 0}}, {"type": "Feature", "geometry": {"type": "Point", "coordinates": [-6.346548758875379, 53.733237364676995]}, "properties": {"ppr_id": "3581bf9d4badd4e81854b2b9b7d8fbc5cf4c7e5e6401fbbd6be75512136ae564", "address": "1  linenfield crescent, ballymakenny road, drogheda", "sale_date": "2025-02-14", "price": 409691.0, "property_type": null, "beds": null, "baths": null, "floor_area_m2": null, "ber": null, "asking_price": null, "eur_per_m2": null, "sale_vs_asking": null, "daft_url": "https://www.daft.ie/sold/1-linenfield-crescent-ballymakenny-road-drogheda-louth/D3CD754AD56B15B180258C4400603854", "not_full_market_price": 0}}, {"type": "Feature", "geometry": {"type": "Point", "coordinates": [-6.350700951493163, 53.73838211861089]}, "properties": {"ppr_id": "e9ab9c0895693524e4fa0cbbf8ecd6405520aaf047d78b4a4bc73e99b50b3d2c", "address": "2 Ballymakenny Mews, Ballymakenny Park, Drogheda", "sale_date": "2025-02-14", "price": 325991.19, "property_type": null, "beds": null, "baths": null, "floor_area_m2": null, "ber": null, "asking_price": null, "eur_per_m2": null, "sale_vs_asking": null, "daft_url": "https://www.daft.ie/sold/2-ballymakenny-mews-ballymakenny-park-drogheda-louth/E573575538A92AA880258C3D006039F5", "not_full_market_price": 0}}, {"type": "Feature", "geometry": {"type": "Point", "coordinates": [-6.349316562541234, 53.71000369896923]}, "properties": {"ppr_id": "86a0b869e244c7b8bfa78a7ac33bdeed443594842d141b78791773b1efd474ff", "address": "97 DULEEK ST, DROGHEDA, LOUTH", "sale_date": "2025-02-14", "price": 196667.0, "property_type": null, "beds": null, "baths": null, "floor_area_m2": null, "ber": null, "asking_price": null, "eur_per_m2": null, "sale_vs_asking": null, "daft_url": "https://www.daft.ie/sold/97-duleek-st-drogheda-louth/4F693A4C6B32A8F780258C3D00603781", "not_full_market_price": 1}}, {"type": "Feature", "geometry": {"type": "Point", "coordinates": [-6.350266753333582, 53.716853146662864]}, "properties": {"ppr_id": "da5efc843d6280a7a132f6165e9240b77804cba898ae51accba5ecf72ed8bae6", "address": "FIELDSTOWN, BROWNSTOWN MONESTERBOICE, DROGHEDA  LOUTH", "sale_date": "2025-02-14", "price": 235000.0, "property_type": null, "beds": null, "baths": null, "floor_area_m2": null, "ber": null, "asking_price": null, "eur_per_m2": null, "sale_vs_asking": null, "daft_url": null, "not_full_market_price": 0}}, {"type": "Feature", "geometry": {"type": "Point", "coordinates": [-6.324902707851408, 53.70752283662503]}, "properties": {"ppr_id": "144c427e41dab334eaedac7d89160573f74e509cc521f3e411e5e199b9396c46", "address": "14 WESTWOOD, ROSCHOILL, DROGHEDA", "sale_date": "2025-02-17", "price": 655000.0, "property_type": "Detached", "beds": 5.0, "baths": 4.0, "floor_area_m2": null, "ber": "C3", "asking_price": 575000.0, "eur_per_m2": null, "sale_vs_asking": 0.13913043478260878, "daft_url": "https://www.daft.ie/sold/14-westwood-roschoill-drogheda-louth/4A6D2A70EFC66E7680258C3D00603907", "not_full_market_price": 0}}, {"type": "Feature", "geometry": {"type": "Point", "coordinates": [-6.35291435289289, 53.73810823586551]}, "properties": {"ppr_id": "392a0520786934b42dca8a7470d5e18074d87c3699f7afade76fb9f182a8d4bb", "address": "2 Ballymakenny Drive, Ballymakenny Park Drogheda", "sale_date": "2025-02-17", "price": 339207.0, "property_type": null, "beds": null, "baths": null, "floor_area_m2": null, "ber": null, "asking_price": null, "eur_per_m2": null, "sale_vs_asking": null, "daft_url": "https://www.daft.ie/sold/2-ballymakenny-drive-ballymakenny-park-drogheda-louth/68D75F5011018A9280258C3D00603883", "not_full_market_price": 0}}, {"type": "Feature", "geometry": {"type": "Point", "coordinates": [-6.320649617858026, 53.704712226153184]}, "properties": {"ppr_id": "40e22cd982187587f9d18fd42fbe6950aeb442a447db602afdd511190938cf82", "address": "30 CASTLEWOOD, DUBLIN RD, DROGHEDA", "sale_date": "2025-02-17", "price": 450000.0, "property_type": null, "beds": null, "baths": null, "floor_area_m2": null, "ber": null, "asking_price": null, "eur_per_m2": null, "sale_vs_asking": null, "daft_url": "https://www.daft.ie/sold/30-castlewood-dublin-rd-drogheda-louth/89D90628FBBDD8B280258C3D00603909", "not_full_market_price": 0}}, {"type": "Feature", "geometry": {"type": "Point", "coordinates": [-6.384130841261905, 53.72179176413449]}, "properties": {"ppr_id": "1d4c372c2974fb00cd74181f8b20dad7d032f1effc90d2c6bf6e56d1a3a9674a", "address": "55 BOYNE HALL, SLANE ROAD, DROGHEDA", "sale_date": "2025-02-17", "price": 365000.0, "property_type": null, "beds": null, "baths": null, "floor_area_m2": null, "ber": null, "asking_price": null, "eur_per_m2": null, "sale_vs_asking": null, "daft_url": "https://www.daft.ie/sold/55-boyne-hall-slane-road-drogheda-louth/263D07A4D6C33BAB80258C3D00603802", "not_full_market_price": 1}}, {"type": "Feature", "geometry": {"type": "Point", "coordinates": [-6.320677231425403, 53.70474435398815]}, "properties": {"ppr_id": "f71010b011e6a4643910dda256cb18d0ffb3aa75fb4f1af7f164a9f9528f66d1", "address": "WOODBROOK, DUBLIN RD, DROGHEDA", "sale_date": "2025-02-17", "price": 695000.0, "property_type": "Detached", "beds": 4.0, "baths": 3.0, "floor_area_m2": 243.0, "ber": "F", "asking_price": 800000.0, "eur_per_m2": 2860.082304526749, "sale_vs_asking": -0.13124999999999998, "daft_url": "https://www.daft.ie/sold/woodbrook-dublin-rd-drogheda-louth/2B6660A03E26745780258C3D0060390E", "not_full_market_price": 0}}, {"type": "Feature", "geometry": {"type": "Point", "coordinates": [-6.350711433972019, 53.73832575398815]}, "properties": {"ppr_id": "39bb2ec14542557b77bdc904892466cf7f06b406e2fb5212708460951bb2dcfb", "address": "12 Ballymakenny Mews, Ballymakenny Park, Drogheda", "sale_date": "2025-02-18", "price": 317180.0, "property_type": null, "beds": null, "baths": null, "floor_area_m2": null, "ber": null, "asking_price": null, "eur_per_m2": null, "sale_vs_asking": null, "daft_url": "https://www.daft.ie/sold/12-ballymakenny-mews-ballymakenny-park-drogheda-louth/5A2980A2477A73A880258C440060390A", "not_full_market_price": 0}}, {"type": "Feature", "geometry": {"type": "Point", "coordinates": [-6.320857195709352, 53.70472800824755]}, "properties": {"ppr_id": "99999bb545590245b0a1bf1375854a92550b775e5c94037cd574c195be23f152", "address": "148 BRYANSTOWN MANOR, DUBLIN RD, DROGHEDA", "sale_date": "2025-02-18", "price": 255000.0, "property_type": "Duplex", "beds": 3.0, "baths": 3.0, "floor_area_m2": null, "ber": "C1", "asking_price": 260000.0, "eur_per_m2": null, "sale_vs_asking": -0.019230769230769273, "daft_url": "https://www.daft.ie/sold/148-bryanstown-manor-dublin-rd-drogheda-louth/AD5108543D5B1EB280258C3D006038A6", "not_full_market_price": 0}}, {"type": "Feature", "geometry": {"type": "Point", "coordinates": [-6.326957780279137, 53.727695409549575]}, "properties": {"ppr_id": "fff4c9a280bef43eb523b48f3786678ba23d96f6fd40132d3e5ffcb5c787439e", "address": "202 Beaulieu Village, Termonfeckin Road, Drogheda", "sale_date": "2025-02-18", "price": 316255.51, "property_type": null, "beds": null, "baths": null, "floor_area_m2": null, "ber": null, "asking_price": null, "eur_per_m2": null, "sale_vs_asking": null, "daft_url": "https://www.daft.ie/sold/202-beaulieu-village-termonfeckin-road-drogheda-louth/81EA80D282CAE21E80258C3D006038D0", "not_full_market_price": 0}}, {"type": "Feature", "geometry": {"type": "Point", "coordinates": [-6.3437093290626665, 53.72728492637019]}, "properties": {"ppr_id": "fd3cc08713ee6948aba4ad2d2389536c523bec89d5ac8ef3e174dd4843faeea8", "address": "38 Listoke Pines, Ballymakenny Road, Drogheda", "sale_date": "2025-02-18", "price": 370574.0, "property_type": null, "beds": null, "baths": null, "floor_area_m2": null, "ber": null, "asking_price": null, "eur_per_m2": null, "sale_vs_asking": null, "daft_url": "https://www.daft.ie/sold/38-listoke-pines-ballymakenny-road-drogheda-louth/94BE969E89B948A780258C67005AAF97", "not_full_market_price": 0}}, {"type": "Feature", "geometry": {"type": "Point", "coordinates": [-6.360800626271634, 53.72809018301663]}, "properties": {"ppr_id": "2a6fbab487686945f4a5f693b72950ac43306ec05b405f7d04391c47eeb13c64", "address": "16 BELFRY CRESCENT, LISCORRIE, DROGHEDA", "sale_date": "2025-02-20", "price": 384000.0, "property_type": "Semi-D", "beds": 3.0, "baths": 3.0, "floor_area_m2": null, "ber": "A3", "asking_price": null, "eur_per_m2": null, "sale_vs_asking": null, "daft_url": "https://www.daft.ie/sold/16-belfry-crescent-liscorrie-drogheda-louth/38A5DFCCBF81893980258C52006038D1", "not_full_market_price": 0}}, {"type": "Feature", "geometry": {"type": "Point", "coordinates": [-6.3491187235534685, 53.73568512647869]}, "properties": {"ppr_id": "1d53bf2b137916c8098e1d50ef7da6a64a6af30dc80affc174c5bca1278aba86", "address": "6 Ballymakenny Place, Ballymakenny Park, Drogheda", "sale_date": "2025-02-20", "price": 341675.0, "property_type": null, "beds": null, "baths": null, "floor_area_m2": null, "ber": null, "asking_price": null, "eur_per_m2": null, "sale_vs_asking": null, "daft_url": "https://www.daft.ie/sold/6-ballymakenny-place-ballymakenny-park-drogheda-louth/058556546F3DD74580258C4B00603AF8", "not_full_market_price": 0}}, {"type": "Feature", "geometry": {"type": "Point", "coordinates": [-6.348929904442531, 53.73636127352131]}, "properties": {"ppr_id": "7db1db6c3107ca7bfea13517b5359e6a798666a7e8ad1a98d8f16df0074a9cd4", "address": "12 Ballymakenny Place, Ballymakenny Park, Drogheda", "sale_date": "2025-02-21", "price": 325991.0, "property_type": null, "beds": null, "baths": null, "floor_area_m2": null, "ber": null, "asking_price": null, "eur_per_m2": null, "sale_vs_asking": null, "daft_url": "https://www.daft.ie/sold/12-ballymakenny-place-ballymakenny-park-drogheda-louth/7DA62CA46373817480258C3D00603A67", "not_full_market_price": 0}}, {"type": "Feature", "geometry": {"type": "Point", "coordinates": [-6.375765491625304, 53.70610749142694]}, "properties": {"ppr_id": "3049c3c35cbdb75a2c705aed9d6906ea6fc410fbc715fceb374904825b97d215", "address": "192 CEDARFIELD, DROGHEDA, LOUTH", "sale_date": "2025-02-21", "price": 281000.0, "property_type": "Terrace", "beds": 3.0, "baths": 1.0, "floor_area_m2": 80.0, "ber": "C1", "asking_price": 230000.0, "eur_per_m2": 3512.5, "sale_vs_asking": 0.22173913043478266, "daft_url": "https://www.daft.ie/sold/192-cedarfield-drogheda-louth/D3AA35DA36A7BF9980258C3D00603AEE", "not_full_market_price": 0}}, {"type": "Feature", "geometry": {"type": "Point", "coordinates": [-6.344065532385835, 53.71782670835605]}, "properties": {"ppr_id": "ad9bcd4d943212c60bf5b13ebb7f8be6fa3b347cd85cb769f8d76b92fe0a9d68", "address": "4 OULSTER LANE, DROGHEDA, CO LOUTH", "sale_date": "2025-02-21", "price": 135000.0, "property_type": "Semi-D", "beds": 1.0, "baths": 1.0, "floor_area_m2": null, "ber": "G", "asking_price": 145000.0, "eur_per_m2": null, "sale_vs_asking": -0.06896551724137934, "daft_url": "https://www.daft.ie/sold/4-oulster-lane-drogheda/A0E84396822166B080258C5900603824", "not_full_market_price": 0}}, {"type": "Feature", "geometry": {"type": "Point", "coordinates": [-6.349103401171874, 53.71833175431365]}, "properties": {"ppr_id": "3dadfcd0d987ea7023ac42a9414c08afd626098e1da3bcbdd4dcc193e37be4c8", "address": "8 UPPER MAGDALENE ST, DROGHEDA, LOUTH", "sale_date": "2025-02-21", "price": 255000.0, "property_type": "Townhouse", "beds": 2.0, "baths": 1.0, "floor_area_m2": null, "ber": null, "asking_price": 225000.0, "eur_per_m2": null, "sale_vs_asking": 0.1333333333333333, "daft_url": "https://www.daft.ie/sold/8-upper-magdalene-st-drogheda-louth/5307F2A0EBCCFF5580258C3D00603A52", "not_full_market_price": 0}}, {"type": "Feature", "geometry": {"type": "Point", "coordinates": [-6.320822600985275, 53.726882791752445]}, "properties": {"ppr_id": "895659702acd7fd9fb017b0426a354aba2b4609bfae00e7f88f4ecc71a9183b0", "address": "NEWTOWN, MONASTERBOYCE, DROGHEDA", "sale_date": "2025-02-21", "price": 395000.0, "property_type": "Detached", "beds": 5.0, "baths": 3.0, "floor_area_m2": 220.0, "ber": "E1", "asking_price": 475000.0, "eur_per_m2": 1795.4545454545455, "sale_vs_asking": -0.16842105263157892, "daft_url": "https://www.daft.ie/sold/newtown-drogheda-louth/B2BD9AAB3D2D09DC80258A310042298B", "not_full_market_price": 0}}, {"type": "Feature", "geometry": {"type": "Point", "coordinates": [-6.366628769008918, 53.70132517352131]}, "properties": {"ppr_id": "6d1cf7feed24e23208b3fb29cb789647ec396ef154ac5ac14e22af9d272fc51a", "address": "114 KNOCKBRACK DOWNS, MATTHEWS LANE, DROGHEDA", "sale_date": "2025-02-24", "price": 280000.0, "property_type": "Terrace", "beds": 3.0, "baths": 1.0, "floor_area_m2": 80.0, "ber": "C1", "asking_price": 280000.0, "eur_per_m2": 3500.0, "sale_vs_asking": 0.0, "daft_url": "https://www.daft.ie/sold/114-knockbrack-downs-matthews-lane-drogheda-louth/4FF6A1C0F75ECD7580258C5200603B84", "not_full_market_price": 0}}, {"type": "Feature", "geometry": {"type": "Point", "coordinates": [-6.349135875628581, 53.73578714644586]}, "properties": {"ppr_id": "d20172a02c39300c93ef5adc6d3dfb8ee6067603dc79ee4e3eb5e8e682cd5dac", "address": "5 Ballymakenny Place, Ballymakenny Park, Drogheda", "sale_date": "2025-02-24", "price": 325991.19, "property_type": null, "beds": null, "baths": null, "floor_area_m2": null, "ber": null, "asking_price": null, "eur_per_m2": null, "sale_vs_asking": null, "daft_url": "https://www.daft.ie/sold/5-ballymakenny-place-ballymakenny-park-drogheda-louth/CBCCD1B88B0333C480258C5200603A63", "not_full_market_price": 0}}, {"type": "Feature", "geometry": {"type": "Point", "coordinates": [-6.332195454000175, 53.71935356380899]}, "properties": {"ppr_id": "1d97c70de2e75e20b71e5645afd2882e625e68a7399ccb74fbfb928bc63cb5ff", "address": "15 GREENHILLS, DROGHEDA, LOUTH", "sale_date": "2025-02-25", "price": 207000.0, "property_type": "Terrace", "beds": 2.0, "baths": 1.0, "floor_area_m2": null, "ber": "D2", "asking_price": null, "eur_per_m2": null, "sale_vs_asking": null, "daft_url": "https://www.daft.ie/sold/15-greenhills-drogheda-louth/E80E00EE9FCC738980258C5200603915", "not_full_market_price": 0}}, {"type": "Feature", "geometry": {"type": "Point", "coordinates": [-6.3472178921345215, 53.72417661763438]}, "properties": {"ppr_id": "7642e4fdcaf42afe8487486a988dc8066e0fd8d75023f7e5c32e4a5bd0e73edb", "address": "3 LINENFIELD CRESCENT, BALLYMAKENNY ROAD, DROGHEDA", "sale_date": "2025-02-26", "price": 392070.48, "property_type": null, "beds": null, "baths": null, "floor_area_m2": null, "ber": null, "asking_price": null, "eur_per_m2": null, "sale_vs_asking": null, "daft_url": "https://www.daft.ie/sold/3-linenfield-crescent-ballymakenny-road-drogheda-louth/576D0079D3BAA2E180258C4B00603AA6", "not_full_market_price": 0}}, {"type": "Feature", "geometry": {"type": "Point", "coordinates": [-6.334285677794372, 53.722488618827896]}, "properties": {"ppr_id": "b438411662d3cf290b775846f066f1754ab69acad9f42cfff015940cef1f6468", "address": "15 THE PRIORY, WESTCOURT, DROGHEDA", "sale_date": "2025-02-27", "price": 340000.0, "property_type": "Detached", "beds": 4.0, "baths": 3.0, "floor_area_m2": 127.0, "ber": "D1", "asking_price": 325000.0, "eur_per_m2": 2677.165354330709, "sale_vs_asking": 0.04615384615384621, "daft_url": "https://www.daft.ie/sold/15-the-priory-westcourt-drogheda-louth/A66848A0F265206380258C520060383B", "not_full_market_price": 0}}, {"type": "Feature", "geometry": {"type": "Point", "coordinates": [-6.359535203816846, 53.72695995485617]}, "properties": {"ppr_id": "3aed14bf7b018eff48962ee1ab7ae7ad230194f78f7ea3d2bb4c9f6277f9e42f", "address": "78 MONEYMORE, DROGHEDA, LOUTH", "sale_date": "2025-02-27", "price": 25000.0, "property_type": null, "beds": null, "baths": null, "floor_area_m2": null, "ber": "E2", "asking_price": null, "eur_per_m2": null, "sale_vs_asking": null, "daft_url": "https://www.daft.ie/sold/78-moneymore-drogheda-louth/512C2F649A3C4A7880258D5C00603602", "not_full_market_price": 0}}, {"type": "Feature", "geometry": {"type": "Point", "coordinates": [-6.347253139516064, 53.72422678214862]}, "properties": {"ppr_id": "3b2780b00dcb061e5af501bed409e23f2536f46bc3c5bc418d34119188c33640", "address": "11 ELLWOOD PARK, BALLYMAKENNY ROAD, DROGHEDA", "sale_date": "2025-02-28", "price": 387665.0, "property_type": null, "beds": null, "baths": null, "floor_area_m2": null, "ber": null, "asking_price": null, "eur_per_m2": null, "sale_vs_asking": null, "daft_url": "https://www.daft.ie/sold/11-ellwood-park-ballymakenny-road-drogheda-louth/3E7505F51231335B80258C4B006038FF", "not_full_market_price": 0}}, {"type": "Feature", "geometry": {"type": "Point", "coordinates": [-6.35075134588668, 53.715546028431724]}, "properties": {"ppr_id": "2d6e4de2188b064335b26395dd98f2943a591d58cd05c007e2f8b877b07815b5", "address": "11 PETER STREET, DROGHEDA, COUNTY LOUTH", "sale_date": "2025-02-28", "price": 210000.0, "property_type": "Apartment", "beds": 5.0, "baths": 1.0, "floor_area_m2": 283.9, "ber": null, "asking_price": 350000.0, "eur_per_m2": 739.6970764353646, "sale_vs_asking": -0.4, "daft_url": "https://www.daft.ie/sold/11-peter-street-drogheda/6A6C892D47CB6CA580258C590060380B", "not_full_market_price": 0}}, {"type": "Feature", "geometry": {"type": "Point", "coordinates": [-6.3436940858175985, 53.72731198138911]}, "properties": {"ppr_id": "900bea18c42ed24de968c0ee9dad4d0db4a097cf626db60f48d547b9144bce22", "address": "18 Ellwood Park, Ballymakenny Road, Drogheda", "sale_date": "2025-02-28", "price": 366110.0, "property_type": null, "beds": null, "baths": null, "floor_area_m2": null, "ber": null, "asking_price": null, "eur_per_m2": null, "sale_vs_asking": null, "daft_url": "https://www.daft.ie/sold/18-ellwood-park-ballymakenny-road-drogheda-louth/B15CE4162546745080258C6E005AB9B8", "not_full_market_price": 0}}, {"type": "Feature", "geometry": {"type": "Point", "coordinates": [-6.262704832940266, 53.762867209441076]}, "properties": {"ppr_id": "fa67a57a0b001f90eeb505c1ef6fd3f752681c2133b3bb12ef0853bb42f8bc54", "address": "18 THE STABLES, TERMONFECKIN, DROGHEDA", "sale_date": "2025-02-28", "price": 361760.0, "property_type": null, "beds": null, "baths": null, "floor_area_m2": null, "ber": null, "asking_price": null, "eur_per_m2": null, "sale_vs_asking": null, "daft_url": "https://www.daft.ie/sold/18-newtown-wood-termonfeckin-road-drogheda-louth/6545D20C7731689C8025890A00603075", "not_full_market_price": 0}}, {"type": "Feature", "geometry": {"type": "Point", "coordinates": [-6.345524272155321, 53.711722091318435]}, "properties": {"ppr_id": "28a9dff379b408eb618883dede81b58e7b9d009431998a0f977883e406a13154", "address": "2 DALEBROOK COTTAGES, THE DALE, DROGHEDA", "sale_date": "2025-02-28", "price": 258000.0, "property_type": "Terrace", "beds": 2.0, "baths": 1.0, "floor_area_m2": 69.0, "ber": "E2", "asking_price": 250000.0, "eur_per_m2": 3739.1304347826085, "sale_vs_asking": 0.03200000000000003, "daft_url": "https://www.daft.ie/sold/2-dalebrook-cottages-the-dale-drogheda-louth/7D7E6D9BA41C910280258C4400603B66", "not_full_market_price": 0}}, {"type": "Feature", "geometry": {"type": "Point", "coordinates": [-6.347028318379738, 53.72422734579485]}, "properties": {"ppr_id": "9be1e811876972ba91e5179cae4d778b261965a24919411095132171e43e681f", "address": "4 Ballymakenny View, BALLYMAKENNY ROAD, Drogheda", "sale_date": "2025-02-28", "price": 348018.0, "property_type": null, "beds": null, "baths": null, "floor_area_m2": null, "ber": null, "asking_price": null, "eur_per_m2": null, "sale_vs_asking": null, "daft_url": "https://www.daft.ie/sold/4-ballymakenny-view-ballymakenny-road-drogheda-louth/7E4653CD7FB9F37280258C67005AAFFC", "not_full_market_price": 0}}, {"type": "Feature", "geometry": {"type": "Point", "coordinates": [-6.356242853534747, 53.70841876370048]}, "properties": {"ppr_id": "f180912efc20372bee949d181f02fa23484e24898499e075ca9249037a22d129", "address": "43 MARIAN PARK, DROGHEDA, LOUTH", "sale_date": "2025-02-28", "price": 242000.0, "property_type": "End of Terrace", "beds": 3.0, "baths": 1.0, "floor_area_m2": null, "ber": "F", "asking_price": null, "eur_per_m2": null, "sale_vs_asking": null, "daft_url": "https://www.daft.ie/sold/43-marian-park-drogheda-louth/049AD9655C1AA21D80258C520060372A", "not_full_market_price": 0}}, {"type": "Feature", "geometry": {"type": "Point", "coordinates": [-6.346768443034242, 53.72061673673353]}, "properties": {"ppr_id": "b6675cf177840af8c03dc4bcc36eb6c06e4bcc8eeeb4c82537a8f1c270ed074c", "address": "48 PEARSE PARK, DROGHEDA, LOUTH", "sale_date": "2025-02-28", "price": 242000.0, "property_type": "Terrace", "beds": 2.0, "baths": 1.0, "floor_area_m2": 64.0, "ber": "D1", "asking_price": 220000.0, "eur_per_m2": 3781.25, "sale_vs_asking": 0.10000000000000009, "daft_url": "https://www.daft.ie/sold/48-pearse-park-drogheda-louth/3EC37EABC49EF14C80258C4B00603AE8", "not_full_market_price": 0}}, {"type": "Feature", "geometry": {"type": "Point", "coordinates": [-6.323722302837706, 53.77986240016275]}, "properties": {"ppr_id": "bc8f78a14f0df66cd0ddd5d0d2007194227ececd1c25be67066cdfadf5a70746", "address": "GALROOSTOWN, BALLYMACKENNY, DROGHEDA", "sale_date": "2025-02-28", "price": 222000.0, "property_type": null, "beds": null, "baths": null, "floor_area_m2": null, "ber": null, "asking_price": null, "eur_per_m2": null, "sale_vs_asking": null, "daft_url": "https://www.daft.ie/sold/carntown-ballymakenny-drogheda-louth/8B65486DC431536580258250004D0415", "not_full_market_price": 0}}, {"type": "Feature", "geometry": {"type": "Point", "coordinates": [-6.349196860784533, 53.73566483521451]}, "properties": {"ppr_id": "895afe5d03c9bccfb047a222a0263abeafe2b0a9b6df83a656903310fceeb0ae", "address": "15 Ballymakenny Place, Ballymakenny Park, Drogheda", "sale_date": "2025-03-03", "price": 325991.19, "property_type": null, "beds": null, "baths": null, "floor_area_m2": null, "ber": null, "asking_price": null, "eur_per_m2": null, "sale_vs_asking": null, "daft_url": "https://www.daft.ie/sold/15-ballymakenny-place-ballymakenny-park-drogheda-louth/32F79ABDA18D5D0D80258C5200603A60", "not_full_market_price": 0}}, {"type": "Feature", "geometry": {"type": "Point", "coordinates": [-6.3435264101218465, 53.72739089186095]}, "properties": {"ppr_id": "edaa5778ee408ae834251eed2acd0ec2d7deb1032a501acb32a170642612d319", "address": "14 Ellwood Park, Ballymakenny Road, Drogheda", "sale_date": "2025-03-04", "price": 343786.0, "property_type": null, "beds": null, "baths": null, "floor_area_m2": null, "ber": null, "asking_price": null, "eur_per_m2": null, "sale_vs_asking": null, "daft_url": "https://www.daft.ie/sold/14-ellwood-park-ballymakenny-road-drogheda-louth/DED082850E5ED8E480258C75005AB980", "not_full_market_price": 0}}, {"type": "Feature", "geometry": {"type": "Point", "coordinates": [-6.346956313637461, 53.71144890103077]}, "properties": {"ppr_id": "c29a33529da63f5d418d9f4db2005682378b7bfc7455413ecd57d6386cd55e85", "address": "20 MARY ST, DROGHEDA, LOUTH", "sale_date": "2025-03-04", "price": 345000.0, "property_type": "Terrace", "beds": 3.0, "baths": 2.0, "floor_area_m2": 120.0, "ber": "D2", "asking_price": 320000.0, "eur_per_m2": 2875.0, "sale_vs_asking": 0.078125, "daft_url": "https://www.daft.ie/sold/20-mary-st-drogheda-louth/9F407BE19EF6CFFF80258C4B006039BA", "not_full_market_price": 0}}, {"type": "Feature", "geometry": {"type": "Point", "coordinates": [-6.343577856073952, 53.727286053662645]}, "properties": {"ppr_id": "cfbf001a41f5aec6863be28284b5116fd18e086e6b6871e85764785ad9631389", "address": "No 4 Ellwood Park, Ballymakenny Road, Drogheda", "sale_date": "2025-03-04", "price": 339294.27, "property_type": null, "beds": null, "baths": null, "floor_area_m2": null, "ber": null, "asking_price": null, "eur_per_m2": null, "sale_vs_asking": null, "daft_url": "https://www.daft.ie/sold/no-4-ellwood-park-ballymakenny-road-drogheda-louth/28483F447CAD3CD580258C4B00603920", "not_full_market_price": 0}}, {"type": "Feature", "geometry": {"type": "Point", "coordinates": [-6.3490215284611695, 53.73568512647869]}, "properties": {"ppr_id": "134b4283e1fdfc0151ac90b207a3219dad6c5c761c8cc5dc10b8f8bf120afdeb", "address": "11 Ballymakenny Place, Ballymakenny Park, Drogheda", "sale_date": "2025-03-06", "price": 339207.05, "property_type": null, "beds": null, "baths": null, "floor_area_m2": null, "ber": null, "asking_price": null, "eur_per_m2": null, "sale_vs_asking": null, "daft_url": "https://www.daft.ie/sold/11-ballymakenny-place-ballymakenny-park-drogheda-louth/C7FD3CE1C0169A6980258C60005AADF9", "not_full_market_price": 0}}, {"type": "Feature", "geometry": {"type": "Point", "coordinates": [-6.371863426358949, 53.706700328214716]}, "properties": {"ppr_id": "ac17cac2d205c39bd2a94c72d25b81b193c4a8123e1c65f5b371d51d82a0cfbf", "address": "12 KNOCKBRACK CLOSE, MATTHEWS LANE, DONORE RD DROGHEDA", "sale_date": "2025-03-06", "price": 315000.0, "property_type": "Semi-D", "beds": 3.0, "baths": 1.0, "floor_area_m2": 84.0, "ber": "C3", "asking_price": 285000.0, "eur_per_m2": 3750.0, "sale_vs_asking": 0.10526315789473695, "daft_url": "https://www.daft.ie/sold/12-knockbrack-close-matthews-lane-donore-rd-drogheda-louth/FA996FC57EFE3B1B80258C4B00603A55", "not_full_market_price": 0}}, {"type": "Feature", "geometry": {"type": "Point", "coordinates": [-6.3490833223621586, 53.736287999511745]}, "properties": {"ppr_id": "59a3b73f0b52bf1a6e36485d3f25146d61ed5c69d3ae1a450ae20a3aa25ced75", "address": "3 Ballymakenny Place, Ballymakenny Park, Drogheda", "sale_date": "2025-03-06", "price": 339207.0, "property_type": null, "beds": null, "baths": null, "floor_area_m2": null, "ber": null, "asking_price": null, "eur_per_m2": null, "sale_vs_asking": null, "daft_url": "https://www.daft.ie/sold/3-ballymakenny-place-ballymakenny-park-drogheda-louth/744A9583321E422680258C5200603868", "not_full_market_price": 0}}, {"type": "Feature", "geometry": {"type": "Point", "coordinates": [-6.320751502399732, 53.704733644709826]}, "properties": {"ppr_id": "b69c76df86391f32608512b0fc04dbf8ee18b2392bfdc1fea6cdd1ae3930b412", "address": "38 FIVE OAKS, DUBLIN RD, DROGHEDA", "sale_date": "2025-03-06", "price": 435000.0, "property_type": "Detached", "beds": 4.0, "baths": 3.0, "floor_area_m2": 141.0, "ber": "C2", "asking_price": 425000.0, "eur_per_m2": 3085.1063829787236, "sale_vs_asking": 0.0235294117647058, "daft_url": "https://www.daft.ie/sold/38-five-oaks-dublin-rd-drogheda-louth/E539BA4D1421E8D680258C75005AB6AA", "not_full_market_price": 0}}, {"type": "Feature", "geometry": {"type": "Point", "coordinates": [-6.343593099319021, 53.72726914427582]}, "properties": {"ppr_id": "302fc7f629a29a13e218ef344172881ff05bd0c65b2a8f58d7b77d984150f828", "address": "12 Ellwood Park, Ballymakenny Road, Drogheda", "sale_date": "2025-03-07", "price": 343786.0, "property_type": null, "beds": null, "baths": null, "floor_area_m2": null, "ber": null, "asking_price": null, "eur_per_m2": null, "sale_vs_asking": null, "daft_url": "https://www.daft.ie/sold/12-ellwood-park-ballymakenny-road-drogheda-louth/BA83708A9DC1A09D80258C75005AB97B", "not_full_market_price": 0}}, {"type": "Feature", "geometry": {"type": "Point", "coordinates": [-6.343577856073952, 53.72727928990791]}, "properties": {"ppr_id": "fc56ba76f4b750aa2dcc45c868df910e09b7cf75f6b5349fcfd7c11a089aa6d5", "address": "13 Ellwood Park, Ballymakenny Road, Drogheda", "sale_date": "2025-03-07", "price": 343786.0, "property_type": null, "beds": null, "baths": null, "floor_area_m2": null, "ber": null, "asking_price": null, "eur_per_m2": null, "sale_vs_asking": null, "daft_url": "https://www.daft.ie/sold/13-ellwood-park-ballymakenny-road-drogheda-louth/31675F56F20C5BFF80258C75005AB97D", "not_full_market_price": 0}}, {"type": "Feature", "geometry": {"type": "Point", "coordinates": [-6.346638325384028, 53.733246383016635]}, "properties": {"ppr_id": "9b0cd3868c120fbfae8c461340cdcb2cff77820d324796d4be3e8760ce41365f", "address": "14 BROADMEADOWS, BALLYMAKENNY RD, DROGHEDA", "sale_date": "2025-03-07", "price": 375000.0, "property_type": "Bungalow", "beds": 4.0, "baths": 2.0, "floor_area_m2": 101.0, "ber": "C3", "asking_price": 375000.0, "eur_per_m2": 3712.871287128713, "sale_vs_asking": 0.0, "daft_url": "https://www.daft.ie/sold/14-broadmeadows-ballymakenny-rd-drogheda-louth/D46A2FA0EF379F9880258C67005AB0B9", "not_full_market_price": 0}}, {"type": "Feature", "geometry": {"type": "Point", "coordinates": [-6.343719808793651, 53.72727478073809]}, "properties": {"ppr_id": "f4899c9810f7b594a8a93b639519e8ae676cd8edda47259e5277fd5215b5f8e2", "address": "15 Ellwood Park, Ballymakenny Road, Drogheda", "sale_date": "2025-03-07", "price": 339208.0, "property_type": null, "beds": null, "baths": null, "floor_area_m2": null, "ber": null, "asking_price": null, "eur_per_m2": null, "sale_vs_asking": null, "daft_url": "https://www.daft.ie/sold/15-ellwood-park-ballymakenny-road-drogheda-louth/D262447275D9C80780258C6E005AB8E6", "not_full_market_price": 0}}, {"type": "Feature", "geometry": {"type": "Point", "coordinates": [-6.353765181935355, 53.73764363727604]}, "properties": {"ppr_id": "72c0f40e2d93f8ab7039bd9fb6aaa4c5184905c76aa1d065b69667bee9804b10", "address": "19 Ballymakenny Dene, Ballymakenny Park, Drogheda", "sale_date": "2025-03-07", "price": 321585.9, "property_type": null, "beds": null, "baths": null, "floor_area_m2": null, "ber": null, "asking_price": null, "eur_per_m2": null, "sale_vs_asking": null, "daft_url": "https://www.daft.ie/sold/19-ballymakenny-dene-ballymakenny-park-drogheda-louth/E9717C893E3A26A780258C4B00603B6C", "not_full_market_price": 0}}, {"type": "Feature", "geometry": {"type": "Point", "coordinates": [-6.343636923648592, 53.72735932767221]}, "properties": {"ppr_id": "66cbf8a1b5b1fab820d1ceb22654780c784c11f939417a767c47675781b31721", "address": "19 Ellwood Park, Ballymakenny Road, Drogheda", "sale_date": "2025-03-07", "price": 343612.0, "property_type": null, "beds": null, "baths": null, "floor_area_m2": null, "ber": null, "asking_price": null, "eur_per_m2": null, "sale_vs_asking": null, "daft_url": "https://www.daft.ie/sold/19-ellwood-park-ballymakenny-road-drogheda-louth/9EFA135DB5904FFA80258C75005AB6D5", "not_full_market_price": 0}}, {"type": "Feature", "geometry": {"type": "Point", "coordinates": [-6.343695991223232, 53.727400473846814]}, "properties": {"ppr_id": "dcf45ff95546d440a020d8648c6a55084cf9261c52625e10fb8e069d1639bac9", "address": "24 Ellwood Park, Ballymakenny Road, Drogheda", "sale_date": "2025-03-07", "price": 361645.0, "property_type": null, "beds": null, "baths": null, "floor_area_m2": null, "ber": null, "asking_price": null, "eur_per_m2": null, "sale_vs_asking": null, "daft_url": "https://www.daft.ie/sold/24-ellwood-park-ballymakenny-road-drogheda-louth/B4D8F8DF02580FFA80258C75005AB97C", "not_full_market_price": 0}}, {"type": "Feature", "geometry": {"type": "Point", "coordinates": [-6.343715997982384, 53.727270835214505]}, "properties": {"ppr_id": "af794272250cf17cb4c5fd10e9888b379e83a419eaec39992475f8f18141eaa6", "address": "9 Ellwood Park, Ballymakenny Road, Drogheda", "sale_date": "2025-03-07", "price": 348251.0, "property_type": null, "beds": null, "baths": null, "floor_area_m2": null, "ber": null, "asking_price": null, "eur_per_m2": null, "sale_vs_asking": null, "daft_url": "https://www.daft.ie/sold/9-ellwood-park-ballymakenny-road-drogheda-louth/6F47738FFC8187DE80258C75005AB97F", "not_full_market_price": 0}}, {"type": "Feature", "geometry": {"type": "Point", "coordinates": [-6.346706929518313, 53.733188891101435]}, "properties": {"ppr_id": "a87da5e65a25a7a1fbaee6b5b237a769e918b99f2c9b445923d82e8967509a7a", "address": "5 GRANGE RISE, BALLYMAKENNY RD, DROGHEDA", "sale_date": "2025-03-10", "price": 385000.0, "property_type": "Detached", "beds": 4.0, "baths": 3.0, "floor_area_m2": null, "ber": "D2", "asking_price": null, "eur_per_m2": null, "sale_vs_asking": null, "daft_url": "https://www.daft.ie/sold/5-grange-rise-ballymakenny-rd-drogheda-louth/149542E185AE446680258C59006038D5", "not_full_market_price": 0}}, {"type": "Feature", "geometry": {"type": "Point", "coordinates": [-6.347195028968115, 53.724179435865516]}, "properties": {"ppr_id": "af79daf06277faf3625e7a0a7dd9017af0278ef181203169224c976b56c36163", "address": "10 BALLYMAKENNY VIEW, BALLYMAKENNY ROAD, DROGHEDA", "sale_date": "2025-03-14", "price": 378811.0, "property_type": null, "beds": null, "baths": null, "floor_area_m2": null, "ber": null, "asking_price": null, "eur_per_m2": null, "sale_vs_asking": null, "daft_url": "https://www.daft.ie/sold/10-ballymakenny-view-ballymakenny-road-drogheda-louth/1D42FD9C418F044680258C75005AB958", "not_full_market_price": 0}}, {"type": "Feature", "geometry": {"type": "Point", "coordinates": [-6.34919590789147, 53.73576685518167]}, "properties": {"ppr_id": "f8fa0e16d8991a499730fcc80425b8e024da9bf897f9e0657df9487725b945eb", "address": "13 Ballymakenny Place, Balllymakenny Park, Drogheda", "sale_date": "2025-03-14", "price": 325991.18, "property_type": null, "beds": null, "baths": null, "floor_area_m2": null, "ber": null, "asking_price": null, "eur_per_m2": null, "sale_vs_asking": null, "daft_url": "https://www.daft.ie/sold/13-ballymakenny-place-balllymakenny-park-drogheda-louth/1C63478685FC635E80258C59006038EF", "not_full_market_price": 0}}, {"type": "Feature", "geometry": {"type": "Point", "coordinates": [-6.3268101832894, 53.72771910027125]}, "properties": {"ppr_id": "3c9f6523c91808f25195e23d7e7d6aa078bf5acfc05768cc70cb7c545b8acaab", "address": "200 BEAULIEU VILLAGE, TERMONFECKIN ROAD, DROGHEDA", "sale_date": "2025-03-14", "price": 281894.0, "property_type": null, "beds": null, "baths": null, "floor_area_m2": null, "ber": null, "asking_price": null, "eur_per_m2": null, "sale_vs_asking": null, "daft_url": "https://www.daft.ie/sold/200-beaulieu-village-termonfeckin-road-drogheda-louth/C418C1FC4D0157A080258C75005AB94F", "not_full_market_price": 0}}, {"type": "Feature", "geometry": {"type": "Point", "coordinates": [-6.343578808776769, 53.72727872626169]}, "properties": {"ppr_id": "b5a76af169448647e5f013cab37563ff4edc534ebec74cb636395e9b435c57cf", "address": "17 Ellwood Park, Ballymakenny Road, Drogheda", "sale_date": "2025-03-18", "price": 339207.0, "property_type": null, "beds": null, "baths": null, "floor_area_m2": null, "ber": null, "asking_price": null, "eur_per_m2": null, "sale_vs_asking": null, "daft_url": "https://www.daft.ie/sold/17-ellwood-park-ballymakenny-road-drogheda-louth/CEFAA48620D6740180258C5900603A13", "not_full_market_price": 0}}, {"type": "Feature", "geometry": {"type": "Point", "coordinates": [-6.351963210273726, 53.70799562669569]}, "properties": {"ppr_id": "92b8b0b63956288b17e4e6190b2c2cd64575299a11b0ec6a0f84f2852b546ac0", "address": "14 HALPIN TERRACE, DROGHEDA, LOUTH", "sale_date": "2025-03-19", "price": 240000.0, "property_type": "Terrace", "beds": 3.0, "baths": 1.0, "floor_area_m2": null, "ber": "D1", "asking_price": null, "eur_per_m2": null, "sale_vs_asking": null, "daft_url": "https://www.daft.ie/sold/14-halpin-terrace-drogheda-louth/FCF70879E917BE3D80258C59006039FE", "not_full_market_price": 0}}, {"type": "Feature", "geometry": {"type": "Point", "coordinates": [-6.343639781757043, 53.72732889077593]}, "properties": {"ppr_id": "82df22a705a6ccf8a2f2374163ba4a07bd44d8ae2059b832575df1b7a30e1cfe", "address": "16 Ellwood Park, Ballymakenny Road, Drogheda", "sale_date": "2025-03-19", "price": 343786.0, "property_type": null, "beds": null, "baths": null, "floor_area_m2": null, "ber": null, "asking_price": null, "eur_per_m2": null, "sale_vs_asking": null, "daft_url": "https://www.daft.ie/sold/16-ellwood-park-ballymakenny-road-drogheda-louth/5BDD73DF9442C76180258C7C005AB86E", "not_full_market_price": 0}}, {"type": "Feature", "geometry": {"type": "Point", "coordinates": [-6.343595004724654, 53.727401037493046]}, "properties": {"ppr_id": "15f45a6abee866d1218336a35943e06051fa5b06a1ba3a57dc0620d1597a6ce4", "address": "23 Ellwood Park, Ballymakenny Road, Drogheda", "sale_date": "2025-03-19", "price": 343786.0, "property_type": null, "beds": null, "baths": null, "floor_area_m2": null, "ber": null, "asking_price": null, "eur_per_m2": null, "sale_vs_asking": null, "daft_url": "https://www.daft.ie/sold/23-ellwood-park-ballymakenny-road-drogheda-louth/82D432A9DAC31BDB80258C75005AB627", "not_full_market_price": 0}}, {"type": "Feature", "geometry": {"type": "Point", "coordinates": [-6.343594052021837, 53.727393146445856]}, "properties": {"ppr_id": "92b29f9bea2dc098a77a40d305cf369b0154f99a5bf53b4ea23a019a53043cb0", "address": "4 Linefield Crescent, Ballymakenny Road, Drogheda", "sale_date": "2025-03-19", "price": 392070.0, "property_type": null, "beds": null, "baths": null, "floor_area_m2": null, "ber": null, "asking_price": null, "eur_per_m2": null, "sale_vs_asking": null, "daft_url": "https://www.daft.ie/sold/4-linefield-crescent-ballymakenny-road-drogheda-louth/B7B65185888821A780258C5900603904", "not_full_market_price": 0}}, {"type": "Feature", "geometry": {"type": "Point", "coordinates": [-6.343592146616204, 53.72737736435149]}, "properties": {"ppr_id": "88267d60fd9b742d2076d92b3c8b7144a37081f2bdece9335c3811f852ee1d9f", "address": "10 Ellwood Park, Ballymakenny Road, Drogheda", "sale_date": "2025-03-20", "price": 348251.0, "property_type": null, "beds": null, "baths": null, "floor_area_m2": null, "ber": null, "asking_price": null, "eur_per_m2": null, "sale_vs_asking": null, "daft_url": "https://www.daft.ie/sold/10-ellwood-park-ballymakenny-road-drogheda-louth/CBE133C2E41AE0CA80258C75005AB981", "not_full_market_price": 0}}, {"type": "Feature", "geometry": {"type": "Point", "coordinates": [-6.3365719659709585, 53.70761791861089]}, "properties": {"ppr_id": "f60b20621531987a52fc7af7ef2fa002578f3fcabea46aaffda060f61e01f10a", "address": "75 THE PARK, MARTELLO VILLAGE, DROGHEDA", "sale_date": "2025-03-20", "price": 107500.0, "property_type": null, "beds": null, "baths": null, "floor_area_m2": null, "ber": null, "asking_price": null, "eur_per_m2": null, "sale_vs_asking": null, "daft_url": "https://www.daft.ie/sold/75-the-park-martello-village-drogheda-louth/1CE70D8012F2300180258CC9005ABAAA", "not_full_market_price": 0}}, {"type": "Feature", "geometry": {"type": "Point", "coordinates": [-6.347872666011344, 53.713395708030546]}, "properties": {"ppr_id": "a88727cb61fde8f511d2ec0ce69550f7e128797ab4b89b0e98cc726d9e796b5f", "address": "APARTMENT 29 NEW STREET, SCOTCH HALL, DROGHEDA", "sale_date": "2025-03-20", "price": 174000.0, "property_type": null, "beds": null, "baths": null, "floor_area_m2": null, "ber": "F", "asking_price": null, "eur_per_m2": null, "sale_vs_asking": null, "daft_url": "https://www.daft.ie/sold/29-hand-st-drogheda-louth/6B7815160AB956E080257E3D00477207", "not_full_market_price": 0}}, {"type": "Feature", "geometry": {"type": "Point", "coordinates": [-6.362389491644428, 53.72336772680419]}, "properties": {"ppr_id": "9a5938ef62d31a2277e4d7c4ac31d57632c3eac62942ce087495eddcec920004", "address": "79 Seven Winds, North Road, Drogheda", "sale_date": "2025-03-21", "price": 343568.0, "property_type": null, "beds": null, "baths": null, "floor_area_m2": null, "ber": null, "asking_price": null, "eur_per_m2": null, "sale_vs_asking": null, "daft_url": "https://www.daft.ie/sold/79-seven-winds-north-road-drogheda-louth/6F50E38FC4D22BEE80258C60005AAF0B", "not_full_market_price": 0}}, {"type": "Feature", "geometry": {"type": "Point", "coordinates": [-6.369622131247587, 53.71929220911557]}, "properties": {"ppr_id": "d3e0ebce8a959b919e4388fc0532ba61943dffd3101ad317cc590bc0a11bcacb", "address": "11 SINGLETON COTTAGES, MELL, DROGHEDA", "sale_date": "2025-03-24", "price": 145000.0, "property_type": "Duplex", "beds": 2.0, "baths": 1.0, "floor_area_m2": null, "ber": "G", "asking_price": 155000.0, "eur_per_m2": null, "sale_vs_asking": -0.06451612903225812, "daft_url": "https://www.daft.ie/sold/11-singleton-cottages-mell-drogheda-louth/84CAC6B8D38B84A280258C91005ABBC0", "not_full_market_price": 0}}, {"type": "Feature", "geometry": {"type": "Point", "coordinates": [-6.346085641827599, 53.725166071676774]}, "properties": {"ppr_id": "a819f741b115a06b9a3c8e4d61ffdf1c99e25fd884c0c180b0d8b3381163b93e", "address": "241 BROOKVILLE PARK, DROGHEDA, LOUTH", "sale_date": "2025-03-24", "price": 322000.0, "property_type": "Semi-D", "beds": 4.0, "baths": 1.0, "floor_area_m2": 110.0, "ber": "C1", "asking_price": 295000.0, "eur_per_m2": 2927.2727272727275, "sale_vs_asking": 0.09152542372881345, "daft_url": "https://www.daft.ie/sold/241-brookville-park-drogheda-louth/499F5CCC5E53E08A80258C75005AB7D8", "not_full_market_price": 0}}, {"type": "Feature", "geometry": {"type": "Point", "coordinates": [-6.416763620454613, 53.73908733619102]}, "properties": {"ppr_id": "e6c387ecd4164fde2e0af920f79a66d4bb9b2285e983cc694d5d8b33c645ab28", "address": "27 ARDA RAITH WOOD, TULLYALLEN, DROGHEDA", "sale_date": "2025-03-24", "price": 290000.0, "property_type": null, "beds": null, "baths": null, "floor_area_m2": null, "ber": null, "asking_price": null, "eur_per_m2": null, "sale_vs_asking": null, "daft_url": "https://www.daft.ie/sold/27-newtown-wood-drogheda-louth/F4EBB46A7FF1B03680258934004EC711", "not_full_market_price": 0}}, {"type": "Feature", "geometry": {"type": "Point", "coordinates": [-6.343720761496468, 53.72733058171461]}, "properties": {"ppr_id": "11f604b73b2846a2136ce24ba1389cb079b2013f6409178e09c41df08097831c", "address": "34 Listoke Pines, Ballymakenny Road, Drogheda", "sale_date": "2025-03-25", "price": 343612.0, "property_type": null, "beds": null, "baths": null, "floor_area_m2": null, "ber": null, "asking_price": null, "eur_per_m2": null, "sale_vs_asking": null, "daft_url": "https://www.daft.ie/sold/34-listoke-pines-ballymakenny-road-drogheda-louth/C5D598DFEC664B4C80258C83005AB978", "not_full_market_price": 0}}, {"type": "Feature", "geometry": {"type": "Point", "coordinates": [-6.3460389617325506, 53.72524272756371]}, "properties": {"ppr_id": "449ca8bcf901f416775ec79693ce3d2d0726214a6aaee27de960eaaaaab85e25", "address": "48 BROOKVILLE PARK, DROGHEDA, LOUTH", "sale_date": "2025-03-25", "price": 341000.0, "property_type": "Semi-D", "beds": 3.0, "baths": 2.0, "floor_area_m2": 116.0, "ber": "B1", "asking_price": 295000.0, "eur_per_m2": 2939.655172413793, "sale_vs_asking": 0.1559322033898305, "daft_url": "https://www.daft.ie/sold/48-brookville-park-drogheda-louth/F16AD8205AA9FFC980258C60005AADD5", "not_full_market_price": 0}}, {"type": "Feature", "geometry": {"type": "Point", "coordinates": [-6.362271367569564, 53.72343254612035]}, "properties": {"ppr_id": "389bf802f56ac77d0f4378306d7e01910d9d42d3dadd6827afd5255225fbea51", "address": "68 Seven Winds, North Road, Drogheda", "sale_date": "2025-03-25", "price": 343568.0, "property_type": null, "beds": null, "baths": null, "floor_area_m2": null, "ber": null, "asking_price": null, "eur_per_m2": null, "sale_vs_asking": null, "daft_url": "https://www.daft.ie/sold/68-seven-winds-north-road-drogheda-louth/506E6045C8088D4A80258C60005AB0E7", "not_full_market_price": 0}}, {"type": "Feature", "geometry": {"type": "Point", "coordinates": [-6.349173038457988, 53.7357099269127]}, "properties": {"ppr_id": "e13f224910f0b59d35d99c99e862c8bdfc1f1be07ce21d1605383ca2f2dbed06", "address": "9 Ballymakenny Place, Ballymakenny Park, Drogheda", "sale_date": "2025-03-25", "price": 328700.0, "property_type": null, "beds": null, "baths": null, "floor_area_m2": null, "ber": null, "asking_price": null, "eur_per_m2": null, "sale_vs_asking": null, "daft_url": "https://www.daft.ie/sold/9-ballymakenny-place-ballymakenny-park-drogheda-louth/706A92C8D477CA1D80258C6E005AB5BA", "not_full_market_price": 0}}, {"type": "Feature", "geometry": {"type": "Point", "coordinates": [-6.346101836962616, 53.725261327889214]}, "properties": {"ppr_id": "ca4b3447245b66d66ba1d99b5b6e4974900935175edd1c9314e37857e97f7c3c", "address": "15 BROOKVILLE, DROGHEDA, LOUTH", "sale_date": "2025-03-26", "price": 320000.0, "property_type": null, "beds": null, "baths": null, "floor_area_m2": null, "ber": "C2", "asking_price": null, "eur_per_m2": null, "sale_vs_asking": null, "daft_url": "https://www.daft.ie/sold/15-brookville-drogheda-louth/59846BCAC1ED964F80258C60005AB023", "not_full_market_price": 0}}, {"type": "Feature", "geometry": {"type": "Point", "coordinates": [-6.331897511598128, 53.72715984612035]}, "properties": {"ppr_id": "e7e1175249f49a3aeffd37e990113e67a66743606be9f521c826cee889d2a74c", "address": "71 CHERRYWOOD DR, TERMON ABBEY, DROGHEDA", "sale_date": "2025-03-26", "price": 285500.0, "property_type": "Semi-D", "beds": 3.0, "baths": 2.0, "floor_area_m2": null, "ber": "C2", "asking_price": 260000.0, "eur_per_m2": null, "sale_vs_asking": 0.09807692307692317, "daft_url": "https://www.daft.ie/sold/71-cherrywood-dr-termon-abbey-drogheda-louth/0CDD66D11C7D422A80258C60005AAF0E", "not_full_market_price": 0}}, {"type": "Feature", "geometry": {"type": "Point", "coordinates": [-6.353668935474775, 53.737603054747666]}, "properties": {"ppr_id": "1bc1a569ccf5db5e21b4a66c3e72c5f05198f7a40789d90a0341392840813dc4", "address": "12 Ballymakenny Dene, Ballymakenny Park, Drogheda", "sale_date": "2025-03-27", "price": 374450.0, "property_type": null, "beds": null, "baths": null, "floor_area_m2": null, "ber": null, "asking_price": null, "eur_per_m2": null, "sale_vs_asking": null, "daft_url": "https://www.daft.ie/sold/12-ballymakenny-dene-ballymakenny-park-drogheda-louth/E8B90A2D43633C4580258C7C005AB671", "not_full_market_price": 0}}, {"type": "Feature", "geometry": {"type": "Point", "coordinates": [-6.349135875628581, 53.73579954666287]}, "properties": {"ppr_id": "a8bffc2e072ea5965a5a2d10d555361323f3c4ce07b6b79a8a946ae43ea6d81e", "address": "17 Ballymakenny Place, Ballymakenny Park, Drogheda", "sale_date": "2025-03-27", "price": 343612.0, "property_type": null, "beds": null, "baths": null, "floor_area_m2": null, "ber": null, "asking_price": null, "eur_per_m2": null, "sale_vs_asking": null, "daft_url": "https://www.daft.ie/sold/17-ballymakenny-place-ballymakenny-park-drogheda-louth/3A2F38D4120CBC0780258C60005AB056", "not_full_market_price": 0}}, {"type": "Feature", "geometry": {"type": "Point", "coordinates": [-6.343605484455638, 53.727362709549574]}, "properties": {"ppr_id": "65f5c7e6c4eaba25238ebc13e2b73a5ef932921beafbf03a2b19f74c28074974", "address": "35 Listoke Pines, Ballymakenny Road, Drogheda", "sale_date": "2025-03-27", "price": 356828.19, "property_type": null, "beds": null, "baths": null, "floor_area_m2": null, "ber": null, "asking_price": null, "eur_per_m2": null, "sale_vs_asking": null, "daft_url": "https://www.daft.ie/sold/35-listoke-pines-ballymakenny-road-drogheda-louth/5CE89E85A16E503D80258C83005AB838", "not_full_market_price": 0}}, {"type": "Feature", "geometry": {"type": "Point", "coordinates": [-6.369801325133209, 53.729130090450425]}, "properties": {"ppr_id": "51a04c890d4ea0152be6bb499d41eed972dd3850574fd35f97ae4980a6001c79", "address": "73 Seven Winds, Drogheda", "sale_date": "2025-03-27", "price": 334800.0, "property_type": null, "beds": null, "baths": null, "floor_area_m2": null, "ber": null, "asking_price": null, "eur_per_m2": null, "sale_vs_asking": null, "daft_url": "https://www.daft.ie/sold/73-seven-winds-drogheda-louth/126EF5B269BFE9A180258C67005AAEA2", "not_full_market_price": 0}}, {"type": "Feature", "geometry": {"type": "Point", "coordinates": [-6.339189240743531, 53.730293972002286]}, "properties": {"ppr_id": "781cd32cba914dd6c03aa90971185573fc7ccf53952bfe4a9528740a9ca0d92e", "address": "178 FOREST PARK, DROGHEDA, LOUTH", "sale_date": "2025-03-28", "price": 340000.0, "property_type": "Bungalow", "beds": 3.0, "baths": 2.0, "floor_area_m2": 77.0, "ber": "C3", "asking_price": 330000.0, "eur_per_m2": 4415.584415584415, "sale_vs_asking": 0.030303030303030276, "daft_url": "https://www.daft.ie/sold/178-forest-park-drogheda-louth/D9D164D5EFB6C35F80258C67005AAE9E", "not_full_market_price": 0}}, {"type": "Feature", "geometry": {"type": "Point", "coordinates": [-6.347307705856495, 53.71588440037976]}, "properties": {"ppr_id": "18ba5af79feaefae1750ca668f394c81cb6fef670dc003e23170f64c9fc38eea", "address": "4 ROSE HILL COTTAGES, CORD RD, DROGHEDA", "sale_date": "2025-03-28", "price": 265000.0, "property_type": "Terrace", "beds": 3.0, "baths": 2.0, "floor_area_m2": 88.0, "ber": "D1", "asking_price": 270000.0, "eur_per_m2": 3011.3636363636365, "sale_vs_asking": -0.01851851851851849, "daft_url": "https://www.daft.ie/sold/4-cord-rd-drogheda-louth/BD008A0312B3BBF780258CD7005AB765", "not_full_market_price": 0}}, {"type": "Feature", "geometry": {"type": "Point", "coordinates": [-6.347165497378174, 53.72424989164395]}, "properties": {"ppr_id": "f5604b5cdec7776c3b7006c6cee40a4910855621f39896942e7204839f4ce0a4", "address": "5 ELLWOOD PARK, BALLYMAKENNY ROAD, DROGHEDA", "sale_date": "2025-03-28", "price": 339206.0, "property_type": null, "beds": null, "baths": null, "floor_area_m2": null, "ber": null, "asking_price": null, "eur_per_m2": null, "sale_vs_asking": null, "daft_url": "https://www.daft.ie/sold/5-ellwood-park-ballymakenny-road-drogheda-louth/F9835B6F52840F3B80258C60005AB10A", "not_full_market_price": 0}}, {"type": "Feature", "geometry": {"type": "Point", "coordinates": [-6.3623399557420655, 53.72338238160611]}, "properties": {"ppr_id": "6876ebb7ea08633afdcac1d0995fe11ea0dbc37c23b6813253d0a4e8631e2118", "address": "76 Seven Winds, North Road, Drogheda", "sale_date": "2025-03-28", "price": 352379.0, "property_type": null, "beds": null, "baths": null, "floor_area_m2": null, "ber": null, "asking_price": null, "eur_per_m2": null, "sale_vs_asking": null, "daft_url": "https://www.daft.ie/sold/76-seven-winds-north-road-drogheda-louth/F58E4A7407F91AD380258C67005AB094", "not_full_market_price": 0}}, {"type": "Feature", "geometry": {"type": "Point", "coordinates": [-6.349170036838469, 53.736366346337356]}, "properties": {"ppr_id": "9ae9330c0260d14797c20173ed576c0e7727d5b6793f5fa5289d8dc68295c021", "address": "14 Ballymakenny Place, Ballymakenny Park Drogheda", "sale_date": "2025-03-31", "price": 334801.76, "property_type": null, "beds": null, "baths": null, "floor_area_m2": null, "ber": null, "asking_price": null, "eur_per_m2": null, "sale_vs_asking": null, "daft_url": "https://www.daft.ie/sold/14-ballymakenny-place-ballymakenny-park-drogheda-louth/40FD124FC3B350EB80258C67005AAE1F", "not_full_market_price": 0}}, {"type": "Feature", "geometry": {"type": "Point", "coordinates": [-6.343617869592257, 53.72733058171461]}, "properties": {"ppr_id": "b5f9dc685c3b884e4a1e4b9ca6e5ce1da13a491f093c44af081c46b9866a4232", "address": "20 Ellwood Park, Ballymakenny Road, Drogheda", "sale_date": "2025-03-31", "price": 343612.0, "property_type": null, "beds": null, "baths": null, "floor_area_m2": null, "ber": null, "asking_price": null, "eur_per_m2": null, "sale_vs_asking": null, "daft_url": "https://www.daft.ie/sold/20-ellwood-park-ballymakenny-road-drogheda-louth/A862F724EF32327A80258C67005AAFFB", "not_full_market_price": 0}}, {"type": "Feature", "geometry": {"type": "Point", "coordinates": [-6.3164098021911625, 53.703926900379756]}, "properties": {"ppr_id": "6368d5a6767af54a9226495165ed66f4690ff391abe0425fc217e66730c676df", "address": "22 BRYANSTOWN, DUBLIN ROAD, DROGHEDA", "sale_date": "2025-03-31", "price": 238000.0, "property_type": null, "beds": null, "baths": null, "floor_area_m2": null, "ber": null, "asking_price": null, "eur_per_m2": null, "sale_vs_asking": null, "daft_url": "https://www.daft.ie/sold/22-bryanstown-dublin-road-drogheda-louth/90FF95D0E672F82580258C6E005AB672", "not_full_market_price": 0}}, {"type": "Feature", "geometry": {"type": "Point", "coordinates": [-6.34352259931058, 53.72727816261546]}, "properties": {"ppr_id": "2f46120316290f3e15ce93664b4397182da6f0f800bb9c6510b3f78d19682703", "address": "2 Linenfield Crescent, Ballymakenny Road, Drogheda", "sale_date": "2025-04-01", "price": 392070.48, "property_type": null, "beds": null, "baths": null, "floor_area_m2": null, "ber": null, "asking_price": null, "eur_per_m2": null, "sale_vs_asking": null, "daft_url": "https://www.daft.ie/sold/2-linenfield-crescent-ballymakenny-road-drogheda-louth/04F497B2060F14CB80258C6E005AB974", "not_full_market_price": 0}}, {"type": "Feature", "geometry": {"type": "Point", "coordinates": [-6.343736004741536, 53.727406673955315]}, "properties": {"ppr_id": "32913ec4af15fbc448224bc85a4db48e3d3b14c3e41bd1ae1de65b5cf99a01e8", "address": "29 Listoke Pines, Ballymakenny Road, Drogheda", "sale_date": "2025-04-01", "price": 348251.0, "property_type": null, "beds": null, "baths": null, "floor_area_m2": null, "ber": null, "asking_price": null, "eur_per_m2": null, "sale_vs_asking": null, "daft_url": "https://www.daft.ie/sold/29-listoke-pines-ballymakenny-road-drogheda-louth/19924A9DB64EC01980258C7C005AB856", "not_full_market_price": 0}}, {"type": "Feature", "geometry": {"type": "Point", "coordinates": [-6.36239520732547, 53.72336152669569]}, "properties": {"ppr_id": "832a4d5c3a48c9b8e71e28bfe83587a166d39ef4a6ae2c653843a0e6b9deba59", "address": "72 Seven Winds, North Road, Drogheda", "sale_date": "2025-04-01", "price": 343600.0, "property_type": null, "beds": null, "baths": null, "floor_area_m2": null, "ber": null, "asking_price": null, "eur_per_m2": null, "sale_vs_asking": null, "daft_url": "https://www.daft.ie/sold/72-seven-winds-north-road-drogheda-louth/3D41C34FB03CF0B880258C67005AB030", "not_full_market_price": 0}}, {"type": "Feature", "geometry": {"type": "Point", "coordinates": [-6.362474274246548, 53.723374490558925]}, "properties": {"ppr_id": "50e2e0c43e5697c8234851c13f3563b2b99158531d7250063899d19685b29bf2", "address": "75 SEVEN WINDS, North Road, DROGHEDA", "sale_date": "2025-04-01", "price": 334802.0, "property_type": null, "beds": null, "baths": null, "floor_area_m2": null, "ber": null, "asking_price": null, "eur_per_m2": null, "sale_vs_asking": null, "daft_url": "https://www.daft.ie/sold/75-seven-winds-north-road-drogheda-louth/258341E7CB1C883880258C8A005AB819", "not_full_market_price": 0}}, {"type": "Feature", "geometry": {"type": "Point", "coordinates": [-6.343650261488027, 53.727385819044905]}, "properties": {"ppr_id": "04f1cf6aff1a289e2aa0ca6fa2aa116defdf65edc32d8df5f3b046a69423c25f", "address": "14 Ballymakenny View, Ballymakenny Road, Drogheda", "sale_date": "2025-04-02", "price": 345814.98, "property_type": null, "beds": null, "baths": null, "floor_area_m2": null, "ber": null, "asking_price": null, "eur_per_m2": null, "sale_vs_asking": null, "daft_url": "https://www.daft.ie/sold/14-ballymakenny-view-ballymakenny-road-drogheda-louth/C7F47B6282A9D70180258C83005AB76B", "not_full_market_price": 0}}, {"type": "Feature", "geometry": {"type": "Point", "coordinates": [-6.349106192114152, 53.73627165377115]}, "properties": {"ppr_id": "3f9690355e314095029e81d171f62ec175e1453f8f9ab57418fc0b95d6ad670b", "address": "18 Ballymakenny Place, Ballymakenny Park, Drogheda", "sale_date": "2025-04-02", "price": 343612.33, "property_type": null, "beds": null, "baths": null, "floor_area_m2": null, "ber": null, "asking_price": null, "eur_per_m2": null, "sale_vs_asking": null, "daft_url": "https://www.daft.ie/sold/18-ballymakenny-place-ballymakenny-park-drogheda-louth/34044A788747D4E780258C67005AB099", "not_full_market_price": 0}}, {"type": "Feature", "geometry": {"type": "Point", "coordinates": [-6.359251310036337, 53.712699000705264]}, "properties": {"ppr_id": "98655e3dfe8474a03cbf962531dfd9b462052458da6b2d950e06d7190d9758d4", "address": "26 BALLSGROVE, DROGHEDA, CO LOUTH", "sale_date": "2025-04-02", "price": 280000.0, "property_type": "End of Terrace", "beds": 3.0, "baths": 1.0, "floor_area_m2": null, "ber": "G", "asking_price": null, "eur_per_m2": null, "sale_vs_asking": null, "daft_url": "https://www.daft.ie/sold/26-ballsgrove-drogheda/694D5F1EB7201C9780258C6E005AB645", "not_full_market_price": 0}}, {"type": "Feature", "geometry": {"type": "Point", "coordinates": [-6.36231328256387, 53.72337167232779]}, "properties": {"ppr_id": "0e066875d224cf838a18ce084745ffe4d3c31e5c74d8e2deec4f80938811bb67", "address": "81 Seven Winds, North Road, Drogheda", "sale_date": "2025-04-02", "price": 396475.77, "property_type": null, "beds": null, "baths": null, "floor_area_m2": null, "ber": null, "asking_price": null, "eur_per_m2": null, "sale_vs_asking": null, "daft_url": "https://www.daft.ie/sold/81-seven-winds-north-road-drogheda-louth/C852D864CD037F9880258C6E005AB743", "not_full_market_price": 0}}, {"type": "Feature", "geometry": {"type": "Point", "coordinates": [-6.345505845943716, 53.72158262767221]}, "properties": {"ppr_id": "a73c8a26d33d1520b43779dfb6e9cf65729f58cfdcdaba53d021642872e33023", "address": "CRUSHROD HOUSE, CRUSHROD AVE, DROGHEDA", "sale_date": "2025-04-02", "price": 600000.0, "property_type": "Detached", "beds": 4.0, "baths": 2.0, "floor_area_m2": 111.0, "ber": "G", "asking_price": null, "eur_per_m2": 5405.405405405405, "sale_vs_asking": null, "daft_url": "https://www.daft.ie/sold/crushrod-house-crushrod-ave-drogheda-louth/91745B23983B96B680258C8A005AB74E", "not_full_market_price": 0}}, {"type": "Feature", "geometry": {"type": "Point", "coordinates": [-6.34921687153883, 53.73576065507317]}, "properties": {"ppr_id": "41246f94781dd7f38918b91c2c3a25e552f1d6fd13a0b56e6c40128bcbf0ba61", "address": "19 Ballymakenny Place, Ballymakenny Park, Drogheda", "sale_date": "2025-04-03", "price": 405286.34, "property_type": null, "beds": null, "baths": null, "floor_area_m2": null, "ber": null, "asking_price": null, "eur_per_m2": null, "sale_vs_asking": null, "daft_url": "https://www.daft.ie/sold/19-ballymakenny-place-ballymakenny-park-drogheda-louth/4FABF18C38C8617A80258C6E005AB627", "not_full_market_price": 0}}, {"type": "Feature", "geometry": {"type": "Point", "coordinates": [-6.349072984686504, 53.735712745143836]}, "properties": {"ppr_id": "80aeb683bd1fd110e6d8829e7ec5dd016f7c8d7102a598f5e6bc5db14e7b25af", "address": "27 Ballymakenny Place, Drogheda, Co Louth", "sale_date": "2025-04-03", "price": 378855.0, "property_type": null, "beds": null, "baths": null, "floor_area_m2": null, "ber": null, "asking_price": null, "eur_per_m2": null, "sale_vs_asking": null, "daft_url": "https://www.daft.ie/sold/27-ballymakenny-place-drogheda/DEBF4CB7DE67FB9780258C6E005AB972", "not_full_market_price": 0}}, {"type": "Feature", "geometry": {"type": "Point", "coordinates": [-6.351029440336578, 53.708708009441075]}, "properties": {"ppr_id": "14ffdd2076d298d661a9a5f6c4533f662d3c66cccd7450775e6efa9e3bd8d2b1", "address": "33 PLATIN RD, DROGHEDA, LOUTH", "sale_date": "2025-04-03", "price": 325000.0, "property_type": "End of Terrace", "beds": 4.0, "baths": 1.0, "floor_area_m2": 165.0, "ber": "G", "asking_price": 350000.0, "eur_per_m2": 1969.6969696969697, "sale_vs_asking": -0.0714285714285714, "daft_url": "https://www.daft.ie/sold/33-platin-rd-drogheda-louth/50F51B16892571F880258C6E005AB6AE", "not_full_market_price": 0}}, {"type": "Feature", "geometry": {"type": "Point", "coordinates": [-6.349528035470642, 53.73462645409665]}, "properties": {"ppr_id": "443c1b1cd9ce60b6bb9f0395e437659357699eba085082eeb4adf2af8b4ced4d", "address": "1 Ballymakenny View, Ballymakenna Road, Drogheda", "sale_date": "2025-04-04", "price": 376275.0, "property_type": null, "beds": null, "baths": null, "floor_area_m2": null, "ber": null, "asking_price": null, "eur_per_m2": null, "sale_vs_asking": null, "daft_url": "https://www.daft.ie/sold/1-ballymakenny-view-ballymakenna-road-drogheda-louth/7471A037008153B680258C83005AB6DA", "not_full_market_price": 0}}, {"type": "Feature", "geometry": {"type": "Point", "coordinates": [-6.343521646607763, 53.727310290450426]}, "properties": {"ppr_id": "458d3c9d4134773c0ff287ddf3cdfbfa27d642161b52ac94a04ecb535153cfa5", "address": "1 Ellwood Park, Ballymakenny Road, Drogheda", "sale_date": "2025-04-04", "price": 406292.0, "property_type": null, "beds": null, "baths": null, "floor_area_m2": null, "ber": null, "asking_price": null, "eur_per_m2": null, "sale_vs_asking": null, "daft_url": "https://www.daft.ie/sold/1-ellwood-park-ballymakenny-road-drogheda-louth/6D29E325A987B78B80258C7C005AB867", "not_full_market_price": 0}}, {"type": "Feature", "geometry": {"type": "Point", "coordinates": [-6.327480890105167, 53.72760213673353]}, "properties": {"ppr_id": "67f5f5c7201bf5b68ee054631032e07093ec18a08e7ff1b5ff3c929dda0a00cf", "address": "207 Beaulieu Village, Termonfeckin Road, Drogheda", "sale_date": "2025-04-04", "price": 325947.14, "property_type": null, "beds": null, "baths": null, "floor_area_m2": null, "ber": null, "asking_price": null, "eur_per_m2": null, "sale_vs_asking": null, "daft_url": "https://www.daft.ie/sold/207-beaulieu-village-termonfeckin-road-drogheda-louth/3F5B9434F5FFDBD980258C91005ABD14", "not_full_market_price": 0}}, {"type": "Feature", "geometry": {"type": "Point", "coordinates": [-6.3623799655093585, 53.72337730879006]}, "properties": {"ppr_id": "bb72e8f6832742f967378b02ea9d375fc552a3a47f5004114c4d9067266f424b", "address": "77 Seven Winds, North Road, Drogheda", "sale_date": "2025-04-04", "price": 352378.0, "property_type": null, "beds": null, "baths": null, "floor_area_m2": null, "ber": null, "asking_price": null, "eur_per_m2": null, "sale_vs_asking": null, "daft_url": "https://www.daft.ie/sold/77-seven-winds-north-road-drogheda-louth/931E10EEA4DE5C2580258C6E005AB777", "not_full_market_price": 0}}, {"type": "Feature", "geometry": {"type": "Point", "coordinates": [-6.248921038650472, 53.75980828084659]}, "properties": {"ppr_id": "8c95e28c4cffd4ccb2676c7318abf0191b44a32fabf5c9f82615884857c3d774", "address": "SEAPOINT, TERMONFECKIN, DROGHEDA", "sale_date": "2025-04-04", "price": 530000.0, "property_type": "Terrace", "beds": 2.0, "baths": 3.0, "floor_area_m2": 88.0, "ber": "A2", "asking_price": 295000.0, "eur_per_m2": 6022.727272727273, "sale_vs_asking": 0.7966101694915255, "daft_url": "https://www.daft.ie/sold/96-beaulieu-village-termonfeckin-road-drogheda-louth/0DD539E526E03B1680258D6A00602B5D", "not_full_market_price": 0}}, {"type": "Feature", "geometry": {"type": "Point", "coordinates": [-6.349104430157542, 53.73580011030909]}, "properties": {"ppr_id": "afc5e51ce888fa116fff082507b684d5ecc962e8964958605a49aebafc8f5034", "address": "25 Ballymakenny Place, Ballymakennk Park, Drogheda", "sale_date": "2025-04-07", "price": 384925.0, "property_type": null, "beds": null, "baths": null, "floor_area_m2": null, "ber": null, "asking_price": null, "eur_per_m2": null, "sale_vs_asking": null, "daft_url": "https://www.daft.ie/sold/25-ballymakenny-place-ballymakennk-park-drogheda-louth/4147FAE5ABE30F0C80258C6E005AB6E9", "not_full_market_price": 0}}, {"type": "Feature", "geometry": {"type": "Point", "coordinates": [-6.343625491214791, 53.72738920092227]}, "properties": {"ppr_id": "6e3d7ae11b13fc7b73222d5cc83050643498b71492c4e929ee1d473005945d33", "address": "48 Listoke Pines, Ballymakenny Road, Drogheda", "sale_date": "2025-04-07", "price": 397363.0, "property_type": null, "beds": null, "baths": null, "floor_area_m2": null, "ber": null, "asking_price": null, "eur_per_m2": null, "sale_vs_asking": null, "daft_url": "https://www.daft.ie/sold/48-listoke-pines-ballymakenny-road-drogheda-louth/FDC9A8B84C811D3280258C7C005AB850", "not_full_market_price": 0}}, {"type": "Feature", "geometry": {"type": "Point", "coordinates": [-6.362436169706269, 53.72337561785138]}, "properties": {"ppr_id": "d55d7c295370009e5be476e333a7d1136fec5dbfb0fa6ac665fbf2fb77d3a784", "address": "67 Seven Winds, North Road, Drogheada", "sale_date": "2025-04-07", "price": 396475.77, "property_type": null, "beds": null, "baths": null, "floor_area_m2": null, "ber": null, "asking_price": null, "eur_per_m2": null, "sale_vs_asking": null, "daft_url": "https://www.daft.ie/sold/67-seven-winds-north-road-drogheada-louth/8A73498590C2A93880258C6E005AB835", "not_full_market_price": 0}}, {"type": "Feature", "geometry": {"type": "Point", "coordinates": [-6.362337097901545, 53.723422964134485]}, "properties": {"ppr_id": "d8354e05c62966df66006f167dd28613ceb37362ee1df7910c5122f81d1ff72a", "address": "71 SEVEN WINDS, North Road, DROGHEDA", "sale_date": "2025-04-07", "price": 352379.0, "property_type": null, "beds": null, "baths": null, "floor_area_m2": null, "ber": null, "asking_price": null, "eur_per_m2": null, "sale_vs_asking": null, "daft_url": "https://www.daft.ie/sold/71-seven-winds-north-road-drogheda-louth/568C8461B93BD37880258C91005ABAF0", "not_full_market_price": 0}}, {"type": "Feature", "geometry": {"type": "Point", "coordinates": [-6.36241711743613, 53.72340718204011]}, "properties": {"ppr_id": "2810e61f3e9205cd4693d4697214d3c4a21cb4cd0e2311913d375531563d528d", "address": "74 Seven Winds, North Road, Drogheda", "sale_date": "2025-04-07", "price": 343568.0, "property_type": null, "beds": null, "baths": null, "floor_area_m2": null, "ber": null, "asking_price": null, "eur_per_m2": null, "sale_vs_asking": null, "daft_url": "https://www.daft.ie/sold/74-seven-winds-north-road-drogheda-louth/10350766D2D86F9480258C75005AB856", "not_full_market_price": 0}}, {"type": "Feature", "geometry": {"type": "Point", "coordinates": [-6.414029190989312, 53.73680374633735]}, "properties": {"ppr_id": "2e9e9b02ca25670a41dfd3355d6323c62a98d8c1129c711b21685d950a97f04d", "address": "1 GLEANN ALAINN, TULLYALLEN, DROGHEDA", "sale_date": "2025-04-08", "price": 395000.0, "property_type": null, "beds": null, "baths": null, "floor_area_m2": null, "ber": null, "asking_price": null, "eur_per_m2": null, "sale_vs_asking": null, "daft_url": "https://www.daft.ie/sold/1-old-hill-drogheda/B410C9D93A4C312980257EBB00477B73", "not_full_market_price": 0}}, {"type": "Feature", "geometry": {"type": "Point", "coordinates": [-6.347074044712549, 53.72423918236563]}, "properties": {"ppr_id": "3806edf35687f1530521453b9658877642778293182189cbd9f23eef93505b6f", "address": "12 SHAMROCK VILLAS, BALLYMAKENNY ROAD, DROGHEDA", "sale_date": "2025-04-08", "price": 330000.0, "property_type": "Detached", "beds": 3.0, "baths": 2.0, "floor_area_m2": 157.0, "ber": "D2", "asking_price": 375000.0, "eur_per_m2": 2101.9108280254777, "sale_vs_asking": -0.12, "daft_url": "https://www.daft.ie/sold/12-shamrock-villas-ballymakenny-road-drogheda-louth/49AB48BFDE36776E80258C7C005AB822", "not_full_market_price": 0}}, {"type": "Feature", "geometry": {"type": "Point", "coordinates": [-6.366749687343534, 53.701241190233425]}, "properties": {"ppr_id": "2358cab3ec8706132af10700c32c65fdf6226fb0e148e6b0286e7d309f46f5c9", "address": "123 KNOCKBRACK DOWNS, MATHEWS LANE, DROGHEDA", "sale_date": "2025-04-08", "price": 307000.0, "property_type": "End of Terrace", "beds": 3.0, "baths": 1.0, "floor_area_m2": null, "ber": "C1", "asking_price": null, "eur_per_m2": null, "sale_vs_asking": null, "daft_url": "https://www.daft.ie/sold/123-knockbrack-downs-mathews-lane-drogheda-louth/A73A847EF53B083E80258C75005AB8DC", "not_full_market_price": 0}}, {"type": "Feature", "geometry": {"type": "Point", "coordinates": [-6.34674409009105, 53.73318156370048]}, "properties": {"ppr_id": "40a9a728c6bb71eca9a276eadb4fe9a0e122d1abe38a9e4b75a7318a91aeb266", "address": "CARNTOWN, BALLYMAKENNY, DROGHEDA", "sale_date": "2025-04-08", "price": 350000.0, "property_type": null, "beds": null, "baths": null, "floor_area_m2": null, "ber": null, "asking_price": null, "eur_per_m2": null, "sale_vs_asking": null, "daft_url": "https://www.daft.ie/sold/carntown-ballymakenny-drogheda-louth/8B65486DC431536580258250004D0415", "not_full_market_price": 0}}, {"type": "Feature", "geometry": {"type": "Point", "coordinates": [-6.4358624360184296, 53.73850851030909]}, "properties": {"ppr_id": "b928610692a85031ce70c26401a22f902d957aeda6d5c97a2540fd9f5056123b", "address": "LYNCHS CROSS, TULLYALLEN, DROGHEDA", "sale_date": "2025-04-08", "price": 350000.0, "property_type": null, "beds": null, "baths": null, "floor_area_m2": null, "ber": null, "asking_price": null, "eur_per_m2": null, "sale_vs_asking": null, "daft_url": "https://www.daft.ie/sold/drybridge-tullyallen-drogheda-louth/84F7B8F0E9E59F6A8025819300478521", "not_full_market_price": 0}}, {"type": "Feature", "geometry": {"type": "Point", "coordinates": [-6.3437255250105515, 53.72734129099293]}, "properties": {"ppr_id": "594fee2d924ae632202008b126c30bb511904d5e7a81bc751c979cd59ffa3004", "address": "28 Listoke Pines, Ballymakenny Road, Drogheda", "sale_date": "2025-04-09", "price": 356828.19, "property_type": null, "beds": null, "baths": null, "floor_area_m2": null, "ber": null, "asking_price": null, "eur_per_m2": null, "sale_vs_asking": null, "daft_url": "https://www.daft.ie/sold/28-listoke-pines-ballymakenny-road-drogheda-louth/44398ED246376AF080258C7C005AB619", "not_full_market_price": 0}}, {"type": "Feature", "geometry": {"type": "Point", "coordinates": [-6.349101571478357, 53.73576178236563]}, "properties": {"ppr_id": "56cba233672046a778a44c6d03b410ee027315b44d7a0cff895d0f840b6ae378", "address": "4 Ballymakenny Place, Ballymakenny Park Drogheda", "sale_date": "2025-04-09", "price": 343612.0, "property_type": null, "beds": null, "baths": null, "floor_area_m2": null, "ber": null, "asking_price": null, "eur_per_m2": null, "sale_vs_asking": null, "daft_url": "https://www.daft.ie/sold/4-ballymakenny-place-ballymakenny-park-drogheda-louth/FD735DAB192BCCF380258C75005AB613", "not_full_market_price": 0}}, {"type": "Feature", "geometry": {"type": "Point", "coordinates": [-6.343640734459859, 53.72728492637019]}, "properties": {"ppr_id": "93619e57cff364aed043cea94f5c94a38e2b5d9893ea6bb015dae49350ad1aeb", "address": "61 Listoke Pines, Ballymakenny Road, Drogheda", "sale_date": "2025-04-09", "price": 343612.33, "property_type": null, "beds": null, "baths": null, "floor_area_m2": null, "ber": null, "asking_price": null, "eur_per_m2": null, "sale_vs_asking": null, "daft_url": "https://www.daft.ie/sold/61-listoke-pines-ballymakenny-road-drogheda-louth/11DD61385EC021C880258C6E005AB841", "not_full_market_price": 0}}, {"type": "Feature", "geometry": {"type": "Point", "coordinates": [-6.343596910130287, 53.72727816261546]}, "properties": {"ppr_id": "f36fffc70db38d7a28ed1ef6d94d787abf230db13b6b7dc9be1c22f417534358", "address": "62 Listoke Pines, Ballymakenny Road, Drogheda", "sale_date": "2025-04-09", "price": 366110.0, "property_type": null, "beds": null, "baths": null, "floor_area_m2": null, "ber": null, "asking_price": null, "eur_per_m2": null, "sale_vs_asking": null, "daft_url": "https://www.daft.ie/sold/62-listoke-pines-ballymakenny-road-drogheda-louth/8F7DD00AF08B5E6C80258C7C005AB847", "not_full_market_price": 0}}, {"type": "Feature", "geometry": {"type": "Point", "coordinates": [-6.354638494649907, 53.737255026044686]}, "properties": {"ppr_id": "edd1a2bc48d2ed03e2a2b3ad3b50fec4bb64414f6c4b777dff66a888606056b1", "address": "67 ballymakenny avenue, ballymakennt, drogheda", "sale_date": "2025-04-09", "price": 370045.0, "property_type": null, "beds": null, "baths": null, "floor_area_m2": null, "ber": "D2", "asking_price": null, "eur_per_m2": null, "sale_vs_asking": null, "daft_url": "https://www.daft.ie/sold/67-ard-ri-drogheda-louth/3E75FA00FEECFF7E80257EA600477DDC", "not_full_market_price": 0}}, {"type": "Feature", "geometry": {"type": "Point", "coordinates": [-6.349029151605664, 53.73568625377115]}, "properties": {"ppr_id": "1f8e84b4b856f99a94228903ab1714d770f66dd15f9f6992183d975f22e52c97", "address": "30 Ballymakenny Place, Ballymakenny Park, Drogheda", "sale_date": "2025-04-10", "price": 392070.48, "property_type": null, "beds": null, "baths": null, "floor_area_m2": null, "ber": null, "asking_price": null, "eur_per_m2": null, "sale_vs_asking": null, "daft_url": "https://www.daft.ie/sold/30-ballymakenny-place-ballymakenny-park-drogheda-louth/3E5CA9966048741A80258C75005AB795", "not_full_market_price": 0}}, {"type": "Feature", "geometry": {"type": "Point", "coordinates": [-6.360849569106836, 53.71769773662503]}, "properties": {"ppr_id": "9e4f429ff5a2c6636a3916e77eb0b8726906926953b4c8cfa04990e2d9121dad", "address": "47 TRINITY GARDENS, DROGHEDA, LOUTH", "sale_date": "2025-04-10", "price": 240000.0, "property_type": "Bungalow", "beds": 3.0, "baths": 1.0, "floor_area_m2": 68.0, "ber": "D1", "asking_price": 245000.0, "eur_per_m2": 3529.4117647058824, "sale_vs_asking": -0.020408163265306145, "daft_url": "https://www.daft.ie/sold/47-trinity-gardens-drogheda-louth/A13EFA1D449689BB80258C83005AB54E", "not_full_market_price": 0}}, {"type": "Feature", "geometry": {"type": "Point", "coordinates": [-6.362298993361266, 53.723356453879646]}, "properties": {"ppr_id": "0d6da7f6f367a03a4019fb980309b674fe5833487ac4a4d2f999f9ccb21a9969", "address": "70 Seven Winds, North Road, Drogheda", "sale_date": "2025-04-10", "price": 343568.28, "property_type": null, "beds": null, "baths": null, "floor_area_m2": null, "ber": null, "asking_price": null, "eur_per_m2": null, "sale_vs_asking": null, "daft_url": "https://www.daft.ie/sold/70-seven-winds-north-road-drogheda-louth/F3E7D80BA1B45ADB80258C75005AB6B3", "not_full_market_price": 0}}, {"type": "Feature", "geometry": {"type": "Point", "coordinates": [-6.343554038503533, 53.72730634492683]}, "properties": {"ppr_id": "c4cc6739c67f28bc516dd9145eb0000b2db399307c239fdc29c01aaccf9110ca", "address": "No.21 Ellwood Park, Ballymakenny Road, Drogheda", "sale_date": "2025-04-10", "price": 348251.0, "property_type": null, "beds": null, "baths": null, "floor_area_m2": null, "ber": null, "asking_price": null, "eur_per_m2": null, "sale_vs_asking": null, "daft_url": "https://www.daft.ie/sold/no-21-ellwood-park-ballymakenny-road-drogheda-louth/C5C855A98F44D73E80258C75005AB705", "not_full_market_price": 0}}, {"type": "Feature", "geometry": {"type": "Point", "coordinates": [-6.346611645998473, 53.733116744384326]}, "properties": {"ppr_id": "ba302074358b7937cd6b93522fbf4f9eec41b5e7b77bffb8af9b448e63b0f69b", "address": "THE WHITEHOUSE, TULLYARD, BALLYMAKENNY", "sale_date": "2025-04-10", "price": 649000.0, "property_type": null, "beds": null, "baths": null, "floor_area_m2": null, "ber": null, "asking_price": null, "eur_per_m2": null, "sale_vs_asking": null, "daft_url": null, "not_full_market_price": 0}}, {"type": "Feature", "geometry": {"type": "Point", "coordinates": [-6.349088230975493, 53.73568343554001]}, "properties": {"ppr_id": "239141419b8b39ba5324b71b2ea19fd59adefef65eaac3d2d66a313b598fc79b", "address": "24 Ballymakenny Place, Ballymakenny Park, Drogheda", "sale_date": "2025-04-11", "price": 392071.0, "property_type": null, "beds": null, "baths": null, "floor_area_m2": null, "ber": null, "asking_price": null, "eur_per_m2": null, "sale_vs_asking": null, "daft_url": "https://www.daft.ie/sold/24-ballymakenny-place-ballymakenny-park-drogheda-louth/B1A690BBF69777FC80258C75005AB6D4", "not_full_market_price": 0}}, {"type": "Feature", "geometry": {"type": "Point", "coordinates": [-6.349017716888923, 53.735741491101436]}, "properties": {"ppr_id": "2c09454a88517f1615a1753aa1c4cffdea906fb097ce9b8bfbfe8bccaa0bf55a", "address": "29 Ballymakenny Place, Ballymakenny Park, Drogheda", "sale_date": "2025-04-11", "price": 383259.0, "property_type": null, "beds": null, "baths": null, "floor_area_m2": null, "ber": null, "asking_price": null, "eur_per_m2": null, "sale_vs_asking": null, "daft_url": "https://www.daft.ie/sold/29-ballymakenny-place-ballymakenny-park-drogheda-louth/BDC510D9DB678FDA80258C75005AB5FC", "not_full_market_price": 0}}, {"type": "Feature", "geometry": {"type": "Point", "coordinates": [-6.3435340317443805, 53.72731874514383]}, "properties": {"ppr_id": "857dc448c1834c7d80980cbfb0e0b815300ff7c2c2e9f1320b4942c869fa582c", "address": "60 Listoke Pines, Ballymakenny Road, Drogheda", "sale_date": "2025-04-11", "price": 348251.0, "property_type": null, "beds": null, "baths": null, "floor_area_m2": null, "ber": null, "asking_price": null, "eur_per_m2": null, "sale_vs_asking": null, "daft_url": "https://www.daft.ie/sold/60-listoke-pines-ballymakenny-road-drogheda-louth/BAE9552DF0A0793F80258C7C005AB84B", "not_full_market_price": 0}}, {"type": "Feature", "geometry": {"type": "Point", "coordinates": [-6.354714728987153, 53.737259535214505]}, "properties": {"ppr_id": "1f2f06f1713927fffc463b9901651c883324994cd9f084fa757ea4bcb0ef111b", "address": "61 Ballymakenny Avenue, Drogheda", "sale_date": "2025-04-11", "price": 365639.0, "property_type": null, "beds": null, "baths": null, "floor_area_m2": null, "ber": null, "asking_price": null, "eur_per_m2": null, "sale_vs_asking": null, "daft_url": "https://www.daft.ie/sold/61-ballymakenny-avenue-drogheda-louth/BC3D950DF600C40080258C75005AB5AD", "not_full_market_price": 0}}, {"type": "Feature", "geometry": {"type": "Point", "coordinates": [-6.35480144554577, 53.737360427889215]}, "properties": {"ppr_id": "2dd76be6a1c77b44beae428365877dc394caab060b261e19479716131347e8c0", "address": "63 Ballymakenny Avenue, Ballymakenny Park, Drogheda", "sale_date": "2025-04-11", "price": 370044.0, "property_type": null, "beds": null, "baths": null, "floor_area_m2": null, "ber": null, "asking_price": null, "eur_per_m2": null, "sale_vs_asking": null, "daft_url": "https://www.daft.ie/sold/63-ballymakenny-avenue-ballymakenny-park-drogheda-louth/29E564C5F004227E80258C75005AB7C9", "not_full_market_price": 0}}, {"type": "Feature", "geometry": {"type": "Point", "coordinates": [-6.362317093017898, 53.723404927455206]}, "properties": {"ppr_id": "c7a3a8bdaa01d0bc7a2bf9d58c32e33f2034d3953ecd4c65ee3989d05ea96b9c", "address": "69 Seven Winds, North Road, Drogheda", "sale_date": "2025-04-11", "price": 343568.3, "property_type": null, "beds": null, "baths": null, "floor_area_m2": null, "ber": null, "asking_price": null, "eur_per_m2": null, "sale_vs_asking": null, "daft_url": "https://www.daft.ie/sold/69-seven-winds-north-road-drogheda-louth/6975AE90EA91757D80258C83005AB613", "not_full_market_price": 0}}, {"type": "Feature", "geometry": {"type": "Point", "coordinates": [-6.35145706385247, 53.73736469045043]}, "properties": {"ppr_id": "f38a0257a94271b26427bb89061b04e06b7a9d1acd29b2a8135389e9465d4fd8", "address": "73 Ballymakenny Avenue, Ballymakenny Park, Drogheada", "sale_date": "2025-04-11", "price": 370044.05, "property_type": null, "beds": null, "baths": null, "floor_area_m2": null, "ber": null, "asking_price": null, "eur_per_m2": null, "sale_vs_asking": null, "daft_url": "https://www.daft.ie/sold/73-ballymakenny-avenue-ballymakenny-park-drogheada-louth/17A70FE346E720CF80258C75005AB8C0", "not_full_market_price": 0}}, {"type": "Feature", "geometry": {"type": "Point", "coordinates": [-6.362479989927589, 53.72334687189378]}, "properties": {"ppr_id": "f93f3a840cdcdeec35592962f7bf1ab331ff1332b83f25e4bfa483f8b1b1c345", "address": "78 Seven Winds, North Road, Drogheda", "sale_date": "2025-04-11", "price": 334801.0, "property_type": null, "beds": null, "baths": null, "floor_area_m2": null, "ber": null, "asking_price": null, "eur_per_m2": null, "sale_vs_asking": null, "daft_url": "https://www.daft.ie/sold/78-seven-winds-north-road-drogheda-louth/693A3E69498BF68180258C7C005AB86A", "not_full_market_price": 0}}, {"type": "Feature", "geometry": {"type": "Point", "coordinates": [-6.354639447579123, 53.73734971861089]}, "properties": {"ppr_id": "22af71e1c4f519d5470c2d73f83a0f3e192c0d6fdc0bec9324c0b33e40881ac0", "address": "85 Ballymakenny Avenue, Ballymakenny Park, Drogheda", "sale_date": "2025-04-11", "price": 370044.05, "property_type": null, "beds": null, "baths": null, "floor_area_m2": null, "ber": null, "asking_price": null, "eur_per_m2": null, "sale_vs_asking": null, "daft_url": "https://www.daft.ie/sold/85-ballymakenny-avenue-ballymakenny-park-drogheda-louth/2412F10BE6BFB0CC80258C75005AB779", "not_full_market_price": 0}}, {"type": "Feature", "geometry": {"type": "Point", "coordinates": [-6.359317989611621, 53.72688724449283]}, "properties": {"ppr_id": "b08721bbdf76e077fd5a2b3be19e609d0201b1accf249a152b546f0547566b33", "address": "167 MONEYMORE, DROGHEDA, LOUTH", "sale_date": "2025-04-14", "price": 210000.0, "property_type": null, "beds": null, "baths": null, "floor_area_m2": null, "ber": null, "asking_price": null, "eur_per_m2": null, "sale_vs_asking": null, "daft_url": "https://www.daft.ie/sold/167-moneymore-drogheda-louth/BB84046B578BD77880258C75005AB634", "not_full_market_price": 1}}, {"type": "Feature", "geometry": {"type": "Point", "coordinates": [-6.3652408496300845, 53.72359365409665]}, "properties": {"ppr_id": "abdd95c1fe3e15a0d385065c9f18231784c934004d9c1e1a1c508f13417248b1", "address": "198B MELLIFONT PARK, DROGHEDA, MELLIFONT PARK", "sale_date": "2025-04-14", "price": 341000.0, "property_type": "Semi-D", "beds": 5.0, "baths": 3.0, "floor_area_m2": 130.0, "ber": "E1", "asking_price": 295000.0, "eur_per_m2": 2623.076923076923, "sale_vs_asking": 0.1559322033898305, "daft_url": "https://www.daft.ie/sold/198b-mellifont-park-drogheda-mellifont-park-louth/6D510713B1E28AEC80258D16005AB067", "not_full_market_price": 0}}, {"type": "Feature", "geometry": {"type": "Point", "coordinates": [-6.354710917270291, 53.737384664676995]}, "properties": {"ppr_id": "7bbc3ce4eb2e5f83b7693ab21651560bcb8861839e2ff33cb6102bac97c7175a", "address": "40 Ballymakenny Avenue, Ballymakenny Park, Drogheda", "sale_date": "2025-04-14", "price": 290748.0, "property_type": null, "beds": null, "baths": null, "floor_area_m2": null, "ber": null, "asking_price": null, "eur_per_m2": null, "sale_vs_asking": null, "daft_url": "https://www.daft.ie/sold/40-ballymakenny-avenue-ballymakenny-park-drogheda-louth/2DBE4ADAC55D84B780258C75005AB6D6", "not_full_market_price": 0}}, {"type": "Feature", "geometry": {"type": "Point", "coordinates": [-6.35083627076566, 53.738387191426945]}, "properties": {"ppr_id": "b5bcb4c8ee59b0040116438611d5c80bf03f2203473fbe53d9f41f988ab9a356", "address": "8 Ballymakenny Mews, Ballymakenny Park, Drogheda", "sale_date": "2025-04-14", "price": 317180.0, "property_type": null, "beds": null, "baths": null, "floor_area_m2": null, "ber": null, "asking_price": null, "eur_per_m2": null, "sale_vs_asking": null, "daft_url": "https://www.daft.ie/sold/8-ballymakenny-mews-ballymakenny-park-drogheda-louth/7A1356BF21062B7080258C83005AB8B8", "not_full_market_price": 0}}, {"type": "Feature", "geometry": {"type": "Point", "coordinates": [-6.354772857669303, 53.73732491817689]}, "properties": {"ppr_id": "90dd854a8bff38ffb3d66d61ede2fafba32cb1a51a9a29c64bcf50143d66acf7", "address": "83 BALLYMAKENNY AVENUE, BALLYMAKENNY PARK, DROGHEDA", "sale_date": "2025-04-14", "price": 370044.0, "property_type": null, "beds": null, "baths": null, "floor_area_m2": null, "ber": null, "asking_price": null, "eur_per_m2": null, "sale_vs_asking": null, "daft_url": "https://www.daft.ie/sold/83-ballymakenny-avenue-ballymakenny-park-drogheda-louth/83009BF60DC9714880258C75005AB5F0", "not_full_market_price": 0}}, {"type": "Feature", "geometry": {"type": "Point", "coordinates": [-6.328895841687123, 53.710121172870295]}, "properties": {"ppr_id": "13b671d31361c108036dff020056e857927eedce3afb8d6fd6e7e76264911168", "address": "13 AUTUMN PLACE, WHEATON HALL, DROGHEDA", "sale_date": "2025-04-15", "price": 416000.0, "property_type": "Bungalow", "beds": 3.0, "baths": 2.0, "floor_area_m2": 92.0, "ber": "C2", "asking_price": 390000.0, "eur_per_m2": 4521.739130434783, "sale_vs_asking": 0.06666666666666665, "daft_url": "https://www.daft.ie/sold/13-autumn-place-wheaton-hall-drogheda-louth/0FB6FFE73D046B6680258C75005AB6BB", "not_full_market_price": 0}}, {"type": "Feature", "geometry": {"type": "Point", "coordinates": [-6.371855808484535, 53.70668905529017]}, "properties": {"ppr_id": "92084daded845925b1bc2b9a56dce94d6a53248f22f9e3516ae21287cab529f6", "address": "196 CEDARFIELD, DONORE RD, DROGHEDA", "sale_date": "2025-04-15", "price": 310000.0, "property_type": "Terrace", "beds": 3.0, "baths": 1.0, "floor_area_m2": null, "ber": "C3", "asking_price": null, "eur_per_m2": null, "sale_vs_asking": null, "daft_url": "https://www.daft.ie/sold/196-cedarfield-donore-rd-drogheda-louth/923BE5D65A6E0AC880258C75005AB81E", "not_full_market_price": 0}}, {"type": "Feature", "geometry": {"type": "Point", "coordinates": [-6.349090136761616, 53.73576178236563]}, "properties": {"ppr_id": "9ce7180bf2910bb994d171c120ecf0f26f5397c30a73a686def3db9d7e84d4cc", "address": "22 Ballymakenny Place, Ballymakenny Park, Drogheda", "sale_date": "2025-04-15", "price": 392070.0, "property_type": null, "beds": null, "baths": null, "floor_area_m2": null, "ber": null, "asking_price": null, "eur_per_m2": null, "sale_vs_asking": null, "daft_url": "https://www.daft.ie/sold/22-ballymakenny-place-ballymakenny-park-drogheda-louth/21CBB15BC7B9AEF280258C7C005AB5FF", "not_full_market_price": 0}}, {"type": "Feature", "geometry": {"type": "Point", "coordinates": [-6.349064264235496, 53.736248544275824]}, "properties": {"ppr_id": "048c2778db3b4523eca8cb75b962441466ff23c732398fca506ff71b971565d7", "address": "28 Ballymakenny Place, Ballymakenny Park, Drogheda", "sale_date": "2025-04-15", "price": 383260.0, "property_type": null, "beds": null, "baths": null, "floor_area_m2": null, "ber": null, "asking_price": null, "eur_per_m2": null, "sale_vs_asking": null, "daft_url": "https://www.daft.ie/sold/28-ballymakenny-place-ballymakenny-park-drogheda-louth/9756FBE771ADB1CB80258C75005AB8C9", "not_full_market_price": 0}}, {"type": "Feature", "geometry": {"type": "Point", "coordinates": [-6.354565119100307, 53.73729053575701]}, "properties": {"ppr_id": "d8ab87e60f53c2fd04586acadaad9eb44d831ec0e1303ba5ba05852b3313127d", "address": "65 Ballymakenny Avenue, Ballymakenny Park, Drogheda", "sale_date": "2025-04-15", "price": 365638.76, "property_type": null, "beds": null, "baths": null, "floor_area_m2": null, "ber": null, "asking_price": null, "eur_per_m2": null, "sale_vs_asking": null, "daft_url": "https://www.daft.ie/sold/65-ballymakenny-avenue-ballymakenny-park-drogheda-louth/5602EC543BF87D4E80258C75005AB716", "not_full_market_price": 0}}, {"type": "Feature", "geometry": {"type": "Point", "coordinates": [-6.354741411005189, 53.73725840792205]}, "properties": {"ppr_id": "ea085ae7e44cab088f8e378dfc36f274857ad9ebf1110ebaa43d134ce8b770bc", "address": "75 Ballymakenny Avenue, Ballymakenny Park, Drogheda", "sale_date": "2025-04-15", "price": 370044.05, "property_type": null, "beds": null, "baths": null, "floor_area_m2": null, "ber": null, "asking_price": null, "eur_per_m2": null, "sale_vs_asking": null, "daft_url": "https://www.daft.ie/sold/75-ballymakenny-avenue-ballymakenny-park-drogheda-louth/901B452CD79CBE8E80258C75005AB68F", "not_full_market_price": 0}}, {"type": "Feature", "geometry": {"type": "Point", "coordinates": [-6.351416087832148, 53.737397381931615]}, "properties": {"ppr_id": "c635c772075b538fe96fca45a10211ef72664f9cff83cdc7c4fec5bf481e7fc2", "address": "77 Ballymakenny Avenue, Ballymakenny Park, Drogheda", "sale_date": "2025-04-15", "price": 370044.0, "property_type": null, "beds": null, "baths": null, "floor_area_m2": null, "ber": null, "asking_price": null, "eur_per_m2": null, "sale_vs_asking": null, "daft_url": "https://www.daft.ie/sold/77-ballymakenny-avenue-ballymakenny-park-drogheda-louth/83D5ED194486BE7180258C83005AB6DE", "not_full_market_price": 0}}, {"type": "Feature", "geometry": {"type": "Point", "coordinates": [-6.342097512556908, 53.72139557276179]}, "properties": {"ppr_id": "c0137d792d6f11120032413cf4d3f075820c38ab3c6602ec090da4543ee3ae17", "address": "2 GLENVIEW, DROGHEDA, LOUTH", "sale_date": "2025-04-16", "price": 300000.0, "property_type": "Terrace", "beds": 2.0, "baths": 1.0, "floor_area_m2": null, "ber": "C1", "asking_price": null, "eur_per_m2": null, "sale_vs_asking": null, "daft_url": "https://www.daft.ie/sold/2-glenview-drogheda-louth/BA10D635E719086D80258C98005AB987", "not_full_market_price": 0}}, {"type": "Feature", "geometry": {"type": "Point", "coordinates": [-6.349082513617122, 53.73572063619102]}, "properties": {"ppr_id": "7457544bfdac3dfd125d5be8050fa51395fc8aec58a38e2bfcd695864da231b1", "address": "21 Ballymakenny Place, Ballymakenny Park, Drogheda", "sale_date": "2025-04-16", "price": 378854.62, "property_type": null, "beds": null, "baths": null, "floor_area_m2": null, "ber": null, "asking_price": null, "eur_per_m2": null, "sale_vs_asking": null, "daft_url": "https://www.daft.ie/sold/21-ballymakenny-place-ballymakenny-park-drogheda-louth/7B0C7FDCA407590380258C75005AB88A", "not_full_market_price": 0}}, {"type": "Feature", "geometry": {"type": "Point", "coordinates": [-6.3492063897151505, 53.735730781823115]}, "properties": {"ppr_id": "6bc0a4fc1fd41c06fa7295d27202270e5928f087424a2d971b807a3fc84d51a9", "address": "26 Ballymakenny Place, Ballymakenny Park, Drogheda", "sale_date": "2025-04-16", "price": 381057.27, "property_type": null, "beds": null, "baths": null, "floor_area_m2": null, "ber": null, "asking_price": null, "eur_per_m2": null, "sale_vs_asking": null, "daft_url": "https://www.daft.ie/sold/26-ballymakenny-place-ballymakenny-park-drogheda-louth/1E1CF9E4CCFCAA8280258C7C005AB601", "not_full_market_price": 0}}, {"type": "Feature", "geometry": {"type": "Point", "coordinates": [-6.351218168727026, 53.736400109007064]}, "properties": {"ppr_id": "83524e25e3665a2f950a45e98afdab27a3be06c40994610a471d4e4b3cd9b57b", "address": "38-48 (even) Ballymakenny Drive, Ballymakenny Park, Drogheda", "sale_date": "2025-04-16", "price": 1916725.99, "property_type": null, "beds": null, "baths": null, "floor_area_m2": null, "ber": null, "asking_price": null, "eur_per_m2": null, "sale_vs_asking": null, "daft_url": "https://www.daft.ie/sold/38-48-even-ballymakenny-drive-ballymakenny-park-drogheda-louth/9F4787E9C2E9DA0F80258C7C005AB759", "not_full_market_price": 1}}, {"type": "Feature", "geometry": {"type": "Point", "coordinates": [-6.3459791218675665, 53.71798338258263]}, "properties": {"ppr_id": "0f8c5904ef6f2ee4ff0673765a28d9a37592108a5dd15db74ebbb103a8ea8462", "address": "61 SIENNA, DROGHEDA, LOUTH", "sale_date": "2025-04-16", "price": 312000.0, "property_type": "End of Terrace", "beds": 3.0, "baths": 2.0, "floor_area_m2": null, "ber": "D1", "asking_price": 275000.0, "eur_per_m2": null, "sale_vs_asking": 0.13454545454545452, "daft_url": "https://www.daft.ie/sold/61-sienna-drogheda-louth/0A33BF527912F29F80258C91005ABB42", "not_full_market_price": 0}}, {"type": "Feature", "geometry": {"type": "Point", "coordinates": [-6.351433240584841, 53.73737427243629]}, "properties": {"ppr_id": "753ce4a575dc1b272cb30ece8054bb674a915deace5e3e2f0161f5834c9d5422", "address": "81 Ballymakenny Ave., Ballymakenny Park, Drogheda", "sale_date": "2025-04-16", "price": 370044.0, "property_type": null, "beds": null, "baths": null, "floor_area_m2": null, "ber": null, "asking_price": null, "eur_per_m2": null, "sale_vs_asking": null, "daft_url": "https://www.daft.ie/sold/81-ballymakenny-ave-ballymakenny-park-drogheda-louth/CDECE9EC5148782E80258C83005AB8D3", "not_full_market_price": 0}}, {"type": "Feature", "geometry": {"type": "Point", "coordinates": [-6.332133540086144, 53.71938456435149]}, "properties": {"ppr_id": "417763c4820d654bb0a6d8e0e49d4dcefca9735558e80df0e9bce0c2a657ba2c", "address": "18 THE SYCAMORES, GREENHILLS, DROGHEDA", "sale_date": "2025-04-17", "price": 303000.0, "property_type": "Semi-D", "beds": 3.0, "baths": 3.0, "floor_area_m2": null, "ber": "D1", "asking_price": null, "eur_per_m2": null, "sale_vs_asking": null, "daft_url": "https://www.daft.ie/sold/18-the-sycamores-greenhills-drogheda-louth/83E1D2D45046006880258C75005AB93A", "not_full_market_price": 0}}, {"type": "Feature", "geometry": {"type": "Point", "coordinates": [-6.3289282203209005, 53.71016570092227]}, "properties": {"ppr_id": "a72e214623d79e5241aea3234cd01f004f36041ac29875841cdc2a92a403e57e", "address": "25 ACORN WAY, WHEATON HALL, DOUGHEDA", "sale_date": "2025-04-17", "price": 385000.0, "property_type": "Bungalow", "beds": 3.0, "baths": 2.0, "floor_area_m2": 112.0, "ber": "D2", "asking_price": 380000.0, "eur_per_m2": 3437.5, "sale_vs_asking": 0.013157894736842035, "daft_url": "https://www.daft.ie/sold/25-acorn-way-wheaton-hall-dougheda-louth/4DAEC4AE5FC024F880258C9F005ABBBF", "not_full_market_price": 0}}, {"type": "Feature", "geometry": {"type": "Point", "coordinates": [-6.343752200689421, 53.72732156337497]}, "properties": {"ppr_id": "f6170c6f71fcf0f9b05cb1af6dc15eaf3ce9eb96b0ee7ba5b4ab1f203da31b02", "address": "5 Listoke Wood, Ballymakenny Road, Drogheda", "sale_date": "2025-04-17", "price": 370574.0, "property_type": null, "beds": null, "baths": null, "floor_area_m2": null, "ber": null, "asking_price": null, "eur_per_m2": null, "sale_vs_asking": null, "daft_url": "https://www.daft.ie/sold/5-listoke-wood-ballymakenny-road-drogheda-louth/060E6CEF011B135380258C83005AB570", "not_full_market_price": 0}}, {"type": "Feature", "geometry": {"type": "Point", "coordinates": [-6.32683555030924, 53.72955653564851]}, "properties": {"ppr_id": "109a0e07421e1fa7f9bc53b93752231f150f5fdc0f9c77acd699375e77e838f0", "address": "88 BEAULIEU VILLAGE, TERMONFECKIN ROAD, DROGHEDA", "sale_date": "2025-04-17", "price": 360000.0, "property_type": "End of Terrace", "beds": 3.0, "baths": 3.0, "floor_area_m2": 98.0, "ber": "A2", "asking_price": 335000.0, "eur_per_m2": 3673.469387755102, "sale_vs_asking": 0.07462686567164178, "daft_url": "https://www.daft.ie/sold/88-beaulieu-village-termonfeckin-road-drogheda-louth/F66254F46B0325F080258C7C005AB7A5", "not_full_market_price": 0}}, {"type": "Feature", "geometry": {"type": "Point", "coordinates": [-6.320707701568717, 53.704819882582626]}, "properties": {"ppr_id": "f589686e29d5cb6c56568248b4a8ceac386ef05f6cb77a6cc5a71cc9fb4412da", "address": "25 BRYANSTOWN MANOR, DUBLIN RD, DROGHEDA", "sale_date": "2025-04-24", "price": 270000.0, "property_type": "Duplex", "beds": 3.0, "baths": 3.0, "floor_area_m2": null, "ber": "C1", "asking_price": 260000.0, "eur_per_m2": null, "sale_vs_asking": 0.03846153846153855, "daft_url": "https://www.daft.ie/sold/25-bryanstown-manor-dublin-rd-drogheda-louth/A5D6D8E26DE4831F80258C83005AB67B", "not_full_market_price": 0}}, {"type": "Feature", "geometry": {"type": "Point", "coordinates": [-6.3344812024528645, 53.7145087810636]}, "properties": {"ppr_id": "4d36fbccb09425d77dbdf82e715f3ee4b1a7e1c8ee06c8f2fe3d011524f9d42b", "address": "38 WEIRHOPE, MORNINGTON RD, DROGHEDA", "sale_date": "2025-04-24", "price": 281500.0, "property_type": "Terrace", "beds": 3.0, "baths": 2.0, "floor_area_m2": 103.0, "ber": "E1", "asking_price": 250000.0, "eur_per_m2": 2733.009708737864, "sale_vs_asking": 0.1259999999999999, "daft_url": "https://www.daft.ie/sold/38-weirhope-mornington-rd-drogheda-louth/460540A5D73F212B80258C7C005AB7B7", "not_full_market_price": 0}}, {"type": "Feature", "geometry": {"type": "Point", "coordinates": [-6.35130173614753, 53.73735172658719]}, "properties": {"ppr_id": "8bca0223018d1ee16e86d40d81b4c29ba8f5d185a28ac89b2ff44be2667d0a47", "address": "55 Ballymakenny Avenue, Ballymakenny Park, Drogheda", "sale_date": "2025-04-24", "price": 370044.05, "property_type": null, "beds": null, "baths": null, "floor_area_m2": null, "ber": null, "asking_price": null, "eur_per_m2": null, "sale_vs_asking": null, "daft_url": "https://www.daft.ie/sold/55-ballymakenny-avenue-ballymakenny-park-drogheda-louth/1C2A67B06FD8A6B380258C7C005AB815", "not_full_market_price": 0}}, {"type": "Feature", "geometry": {"type": "Point", "coordinates": [-6.354642306366769, 53.73735253684203]}, "properties": {"ppr_id": "0c796aba158e17b83a0faaf45445529ef11b3cbb8af0bd3dba0eb177b2921c58", "address": "57 Ballymakenny Avenue, Ballymakenny Park, Drogheda", "sale_date": "2025-04-24", "price": 370044.05, "property_type": null, "beds": null, "baths": null, "floor_area_m2": null, "ber": null, "asking_price": null, "eur_per_m2": null, "sale_vs_asking": null, "daft_url": "https://www.daft.ie/sold/57-ballymakenny-avenue-ballymakenny-park-drogheda-louth/B63C7FC661D8DC1380258C83005AB6C1", "not_full_market_price": 0}}, {"type": "Feature", "geometry": {"type": "Point", "coordinates": [-6.322152854779234, 53.727787035431504]}, "properties": {"ppr_id": "bb1bba5d253e5667381c0296b2ef5e0f916eb54016a82edb905f964a9806cc6a", "address": "57 NEWTOWN WOOD, TERMONFECKIN ROAD, DROGHEDA", "sale_date": "2025-04-24", "price": 429000.0, "property_type": "Detached", "beds": 4.0, "baths": 4.0, "floor_area_m2": 172.0, "ber": "A2", "asking_price": 435000.0, "eur_per_m2": 2494.186046511628, "sale_vs_asking": -0.01379310344827589, "daft_url": "https://www.daft.ie/sold/57-newtown-wood-termonfeckin-road-drogheda-louth/CE43D87C3552094A80258C7C005AB812", "not_full_market_price": 0}}, {"type": "Feature", "geometry": {"type": "Point", "coordinates": [-6.351404652663686, 53.737320726044686]}, "properties": {"ppr_id": "91b8f58cd6712b04fb0a4469011ea38e6c8d69f3807c406c0690aaadec8647af", "address": "69 Ballymakenny Avenue, Ballymakenny Park, Drogheda", "sale_date": "2025-04-24", "price": 370044.05, "property_type": null, "beds": null, "baths": null, "floor_area_m2": null, "ber": null, "asking_price": null, "eur_per_m2": null, "sale_vs_asking": null, "daft_url": "https://www.daft.ie/sold/69-ballymakenny-avenue-ballymakenny-park-drogheda-louth/E99A66D6316ABA5D80258C7C005AB7BE", "not_full_market_price": 0}}, {"type": "Feature", "geometry": {"type": "Point", "coordinates": [-6.38324592914162, 53.71244300803055]}, "properties": {"ppr_id": "23927dddee20c31e3b953a72f57b878a90f7c3f31e31d2a80027522de2a1663e", "address": "71Ballymakenny Avenue, Ballymakenny Park, Drogheda", "sale_date": "2025-04-24", "price": 365638.76, "property_type": null, "beds": null, "baths": null, "floor_area_m2": null, "ber": null, "asking_price": null, "eur_per_m2": null, "sale_vs_asking": null, "daft_url": "https://www.daft.ie/sold/71ballymakenny-avenue-ballymakenny-park-drogheda-louth/5D0754AAAC04EE2780258C83005AB70D", "not_full_market_price": 0}}, {"type": "Feature", "geometry": {"type": "Point", "coordinates": [-6.3448687128454555, 53.718916955615676]}, "properties": {"ppr_id": "021d10280b377761fa6dae52c940bd05850f882ab4f300d5cae07e2f266af9a7", "address": "1 EARLWOOD, SCARLET ST, DROGHEDA", "sale_date": "2025-04-25", "price": 175000.0, "property_type": "Apartment", "beds": 1.0, "baths": 1.0, "floor_area_m2": null, "ber": "C3", "asking_price": null, "eur_per_m2": null, "sale_vs_asking": null, "daft_url": "https://www.daft.ie/sold/1-earlwood-scarlet-st-drogheda-louth/A622F6B2DA39B53580258C83005AB757", "not_full_market_price": 0}}, {"type": "Feature", "geometry": {"type": "Point", "coordinates": [-6.322195999846487, 53.707813017091866]}, "properties": {"ppr_id": "a33b326d744311bc21f54d6667b2bdf29e7d4a5cd7b2f04e02ebcebf527c9bc6", "address": "10 WOODLANE, ROSCHOILL, DROGHEDA", "sale_date": "2025-04-25", "price": 447500.0, "property_type": "Semi-D", "beds": 4.0, "baths": 3.0, "floor_area_m2": 137.0, "ber": "B3", "asking_price": 395000.0, "eur_per_m2": 3266.4233576642337, "sale_vs_asking": 0.13291139240506333, "daft_url": "https://www.daft.ie/sold/10-woodlane-roschoill-drogheda-louth/FF9479FF5D46C3D380258C9F005ABBB6", "not_full_market_price": 0}}, {"type": "Feature", "geometry": {"type": "Point", "coordinates": [-6.35107800664231, 53.708732246228855]}, "properties": {"ppr_id": "98ac7dd13f7a6a3c85bad98cf0082f848645d861079b459e12189062383c20b5", "address": "11 PLATIN ROAD, DROGHEDA, CO LOUTH", "sale_date": "2025-04-25", "price": 195000.0, "property_type": "Semi-D", "beds": 3.0, "baths": 3.0, "floor_area_m2": 111.0, "ber": "A2", "asking_price": 395000.0, "eur_per_m2": 1756.7567567567567, "sale_vs_asking": -0.5063291139240507, "daft_url": "https://www.daft.ie/sold/11-kestral-manor-platin-road-drogheda-louth/4F36308AE6A507A680258BD40060336C", "not_full_market_price": 0}}, {"type": "Feature", "geometry": {"type": "Point", "coordinates": [-6.346662146263988, 53.733170854422156]}, "properties": {"ppr_id": "c406a6c0585992b58c46708cd067eb015b865f43dc465182fd104dd33668d95f", "address": "2 SHAMROCK VILLAS, BALLYMAKENNY RD, DROGHEDA", "sale_date": "2025-04-25", "price": 655000.0, "property_type": "Detached", "beds": 4.0, "baths": 2.0, "floor_area_m2": null, "ber": "C1", "asking_price": null, "eur_per_m2": null, "sale_vs_asking": null, "daft_url": "https://www.daft.ie/sold/2-shamrock-villas-ballymakenny-rd-drogheda-louth/3103341F667CC37D80258C98005ABBB9", "not_full_market_price": 0}}, {"type": "Feature", "geometry": {"type": "Point", "coordinates": [-6.349142545880013, 53.735765727889216]}, "properties": {"ppr_id": "c662ad99d8bb6db9bce5d8a2039737abbd74eacfec52347f84f296ede423851f", "address": "20 Ballymakenny Place, Ballymakenny Park, Drogheda", "sale_date": "2025-04-25", "price": 432500.0, "property_type": null, "beds": null, "baths": null, "floor_area_m2": null, "ber": null, "asking_price": null, "eur_per_m2": null, "sale_vs_asking": null, "daft_url": "https://www.daft.ie/sold/20-ballymakenny-place-ballymakenny-park-drogheda-louth/F1385BBF42DAE14E80258C91005ABB78", "not_full_market_price": 0}}, {"type": "Feature", "geometry": {"type": "Point", "coordinates": [-6.343721714199285, 53.72740385572418]}, "properties": {"ppr_id": "33c292e8367a7612b89bf3efc03ff8981887817989e1751316b5f3432435df77", "address": "32 Listoke Pines, Ballymakenny Road, Drogheda", "sale_date": "2025-04-25", "price": 361645.0, "property_type": null, "beds": null, "baths": null, "floor_area_m2": null, "ber": null, "asking_price": null, "eur_per_m2": null, "sale_vs_asking": null, "daft_url": "https://www.daft.ie/sold/32-listoke-pines-ballymakenny-road-drogheda-louth/E2C8D6DCD7173FDD80258C83005AB580", "not_full_market_price": 0}}, {"type": "Feature", "geometry": {"type": "Point", "coordinates": [-6.354703293836566, 53.73737846456849]}, "properties": {"ppr_id": "2e7d6823417fd043f58e294f830aac91b089e416f8fe8dbeb57cfa8b3f326227", "address": "79 Ballymakenny Ave, Ballymakenny Park, Drogheda", "sale_date": "2025-04-25", "price": 370044.05, "property_type": null, "beds": null, "baths": null, "floor_area_m2": null, "ber": null, "asking_price": null, "eur_per_m2": null, "sale_vs_asking": null, "daft_url": "https://www.daft.ie/sold/79-ballymakenny-ave-ballymakenny-park-drogheda-louth/CCB045F4BF79D9DB80258C8A005AB6BF", "not_full_market_price": 0}}, {"type": "Feature", "geometry": {"type": "Point", "coordinates": [-6.3435826195880365, 53.72732719983725]}, "properties": {"ppr_id": "198326ffb8624fc3abd1222b063ce321ba7527c286815453a8cc708c64c89218", "address": "8 Listoke Wood, Ballymakenny Road, Drogheda", "sale_date": "2025-04-25", "price": 397363.0, "property_type": null, "beds": null, "baths": null, "floor_area_m2": null, "ber": null, "asking_price": null, "eur_per_m2": null, "sale_vs_asking": null, "daft_url": "https://www.daft.ie/sold/8-listoke-wood-ballymakenny-road-drogheda-louth/5C8F5E9DD01B234880258C83005AB584", "not_full_market_price": 0}}, {"type": "Feature", "geometry": {"type": "Point", "coordinates": [-6.332074483737375, 53.719310726695696]}, "properties": {"ppr_id": "2e29efb435b0e8be5dfb7467f5919de57958176f03a50c171e564c58e0117433", "address": "91 SHREWSBURY MANOR, GREENHILLS, DROGHEDA", "sale_date": "2025-04-25", "price": 349000.0, "property_type": "Semi-D", "beds": 4.0, "baths": 3.0, "floor_area_m2": 104.0, "ber": "B3", "asking_price": 349000.0, "eur_per_m2": 3355.769230769231, "sale_vs_asking": 0.0, "daft_url": "https://www.daft.ie/sold/91-shrewsbury-manor-greenhills-drogheda-louth/75B1BE3C533D568C80258C83005AB6FA", "not_full_market_price": 0}}, {"type": "Feature", "geometry": {"type": "Point", "coordinates": [-6.346660240593591, 53.73324243749305]}, "properties": {"ppr_id": "d2823f9aa4caa5531bdf59afda6dd3d068072834cb24673d3a2fcf506ec64fa9", "address": "16 CASTLEMANOR, BALLYMAKENNY RD, DROGHEDA", "sale_date": "2025-04-28", "price": 410000.0, "property_type": "Detached", "beds": 4.0, "baths": 3.0, "floor_area_m2": 138.0, "ber": "C1", "asking_price": 395000.0, "eur_per_m2": 2971.014492753623, "sale_vs_asking": 0.03797468354430378, "daft_url": "https://www.daft.ie/sold/16-castlemanor-ballymakenny-rd-drogheda-louth/93ADB4F35D3822C780258C91005ABC1B", "not_full_market_price": 0}}, {"type": "Feature", "geometry": {"type": "Point", "coordinates": [-6.343706470954216, 53.727361582257124]}, "properties": {"ppr_id": "a3014d95049e890ea686b5961ed0b0f3635c53ad7cd16e6ec80518feabd007ea", "address": "30 Listoke Pines, Ballymakenny Road, Drogheda", "sale_date": "2025-04-28", "price": 348251.0, "property_type": null, "beds": null, "baths": null, "floor_area_m2": null, "ber": null, "asking_price": null, "eur_per_m2": null, "sale_vs_asking": null, "daft_url": "https://www.daft.ie/sold/30-listoke-pines-ballymakenny-road-drogheda-louth/98F144BD3653D60F80258CA6005AB4AA", "not_full_market_price": 0}}, {"type": "Feature", "geometry": {"type": "Point", "coordinates": [-6.343625491214791, 53.727392019153406]}, "properties": {"ppr_id": "66ee9c57a002343e6456d2e3c4285a5a08c8665fbcbed60ab6f03b3178209141", "address": "7 Listoke Wood, Ballymakenny Road, Drogheda", "sale_date": "2025-04-28", "price": 370574.0, "property_type": null, "beds": null, "baths": null, "floor_area_m2": null, "ber": null, "asking_price": null, "eur_per_m2": null, "sale_vs_asking": null, "daft_url": "https://www.daft.ie/sold/7-listoke-wood-ballymakenny-road-drogheda-louth/6F59CC7CF4FA717780258CA6005AB4A4", "not_full_market_price": 0}}, {"type": "Feature", "geometry": {"type": "Point", "coordinates": [-6.34609691138441, 53.717422053554145]}, "properties": {"ppr_id": "bd5d5de53e1b2997b7d276f61cfbab1d37029b60deda5d2c47de4d7b6f0ef503", "address": "8 SIENNA, DROGHEDA, LOUTH", "sale_date": "2025-04-28", "price": 245000.0, "property_type": null, "beds": null, "baths": null, "floor_area_m2": null, "ber": null, "asking_price": null, "eur_per_m2": null, "sale_vs_asking": null, "daft_url": "https://www.daft.ie/sold/8-sienna-drogheda-louth/8615099465A5361880258C83005AB824", "not_full_market_price": 0}}, {"type": "Feature", "geometry": {"type": "Point", "coordinates": [-6.3506903900942975, 53.71548966380898]}, "properties": {"ppr_id": "486a16db3f911cb3b545847768b9da8e3fc170bbd1d5d6ee16e260a6f0f92f15", "address": "1 CENTRAL APARTMENTS, 29 PETER STREET, DROGHEDA", "sale_date": "2025-04-29", "price": 750000.0, "property_type": null, "beds": null, "baths": null, "floor_area_m2": null, "ber": null, "asking_price": null, "eur_per_m2": null, "sale_vs_asking": null, "daft_url": "https://www.daft.ie/sold/1-central-apartments-29-peter-street-drogheda-louth/AC19E502DB94866080258C91005AB9E8", "not_full_market_price": 0}}, {"type": "Feature", "geometry": {"type": "Point", "coordinates": [-6.3437245723077345, 53.727299581172105]}, "properties": {"ppr_id": "8ffb1b3854f5fc11700fe5ec49970fcd72d7d104b9fe7960bb90f4dbd24a01b6", "address": "51 Listoke Pines, Ballymakenny Road, Drogheda", "sale_date": "2025-04-29", "price": 388433.0, "property_type": null, "beds": null, "baths": null, "floor_area_m2": null, "ber": null, "asking_price": null, "eur_per_m2": null, "sale_vs_asking": null, "daft_url": "https://www.daft.ie/sold/51-listoke-pines-ballymakenny-road-drogheda-louth/985FEA30D4FB8E7980258CA6005AB4AE", "not_full_market_price": 0}}, {"type": "Feature", "geometry": {"type": "Point", "coordinates": [-6.343732193930269, 53.727376800705265]}, "properties": {"ppr_id": "099e4f06c212bf1fd9556c48a9fb2f51866e829580acb6c891d01a57d177d2bc", "address": "6 Listoke Wood, Ballymakenny Road, Drogheda", "sale_date": "2025-04-29", "price": 370574.0, "property_type": null, "beds": null, "baths": null, "floor_area_m2": null, "ber": null, "asking_price": null, "eur_per_m2": null, "sale_vs_asking": null, "daft_url": "https://www.daft.ie/sold/6-listoke-wood-ballymakenny-road-drogheda-louth/DCBCF6F3211C3EF480258CA6005AB49E", "not_full_market_price": 0}}, {"type": "Feature", "geometry": {"type": "Point", "coordinates": [-6.329877938628451, 53.732935936516526]}, "properties": {"ppr_id": "ae8cfba146e5c9a102828bd608c424b590f688f95b0b168dd5bdee619cb9833b", "address": "APT 1, CURLEW HOUSE, ASTON VILLAGE DROGHEDA", "sale_date": "2025-04-30", "price": 95921.0, "property_type": null, "beds": null, "baths": null, "floor_area_m2": null, "ber": null, "asking_price": null, "eur_per_m2": null, "sale_vs_asking": null, "daft_url": "https://www.daft.ie/sold/apt-1-curlew-house-aston-village-drogheda-louth/3AF56A556B49B7B680258C8A005AB62F", "not_full_market_price": 0}}, {"type": "Feature", "geometry": {"type": "Point", "coordinates": [-6.36957260017866, 53.71934744644586]}, "properties": {"ppr_id": "322cc905bf36f7ce6f39c20e09073e24f49d228e6db7db64eabcee3f4c8165cc", "address": "25 SINGLETON COTTAGES, MELL, DROGHEDA", "sale_date": "2025-05-01", "price": 240000.0, "property_type": "Terrace", "beds": 2.0, "baths": 1.0, "floor_area_m2": 46.0, "ber": "E2", "asking_price": 225000.0, "eur_per_m2": 5217.391304347826, "sale_vs_asking": 0.06666666666666665, "daft_url": "https://www.daft.ie/sold/25-singleton-cottages-mell-drogheda-louth/1970A8E71247948B80258C8A005AB76F", "not_full_market_price": 0}}, {"type": "Feature", "geometry": {"type": "Point", "coordinates": [-6.366439562144178, 53.711238391535446]}, "properties": {"ppr_id": "ae802df8d02b1ef7626d598bd1fb49ee549d1dc1cdeeb0ba407445e5b0f02938", "address": "243 RATHMULLAN PARK, DROGHEDA, LOUTH", "sale_date": "2025-05-02", "price": 215000.0, "property_type": "End of Terrace", "beds": 3.0, "baths": 1.0, "floor_area_m2": 74.0, "ber": "E2", "asking_price": 170000.0, "eur_per_m2": 2905.4054054054054, "sale_vs_asking": 0.2647058823529411, "daft_url": "https://www.daft.ie/sold/243-rathmullan-park-drogheda-louth/FC900F2E75440F0780258C8A005AB7FF", "not_full_market_price": 0}}, {"type": "Feature", "geometry": {"type": "Point", "coordinates": [-6.358547982607597, 53.713935472110784]}, "properties": {"ppr_id": "46e2f2844d6e0af272a2e0f445c852b095643db804d5f8185e0452f769728057", "address": "43 RIVERCOURT, RATHMULLAN RD, DROGHEDA", "sale_date": "2025-05-02", "price": 190000.0, "property_type": "Apartment", "beds": 3.0, "baths": 2.0, "floor_area_m2": 104.0, "ber": "C1", "asking_price": 259000.0, "eur_per_m2": 1826.923076923077, "sale_vs_asking": -0.26640926640926643, "daft_url": "https://www.daft.ie/sold/43-rivercourt-rathmullan-rd-drogheda-louth/0263418E787A272480258DD3005AB933", "not_full_market_price": 0}}, {"type": "Feature", "geometry": {"type": "Point", "coordinates": [-6.3547051996949975, 53.737287717525874]}, "properties": {"ppr_id": "8783a50d757d9ce0cded70e1935e05b5d0e33e7d1aa037b2d206b8cda9de47b3", "address": "59 Ballymakenny Avenue, Ballymakenny Park, Drogheda", "sale_date": "2025-05-02", "price": 365639.0, "property_type": null, "beds": null, "baths": null, "floor_area_m2": null, "ber": null, "asking_price": null, "eur_per_m2": null, "sale_vs_asking": null, "daft_url": "https://www.daft.ie/sold/59-ballymakenny-avenue-ballymakenny-park-drogheda-louth/9B5725350D6976C580258C98005AB9FF", "not_full_market_price": 0}}, {"type": "Feature", "geometry": {"type": "Point", "coordinates": [-6.336230594379485, 53.72121521926191]}, "properties": {"ppr_id": "b2af49f456d2c1d27438c3d0c3a4373eb377cf1d9b61ebd59c82bee0d84926e6", "address": "46 MAPLE DR, DROGHEDA, LOUTH", "sale_date": "2025-05-06", "price": 302000.0, "property_type": "Semi-D", "beds": 3.0, "baths": 1.0, "floor_area_m2": 86.0, "ber": "C1", "asking_price": 280000.0, "eur_per_m2": 3511.6279069767443, "sale_vs_asking": 0.07857142857142851, "daft_url": "https://www.daft.ie/sold/46-maple-dr-drogheda-louth/88353D0EC6B4460F80258C8A005AB692", "not_full_market_price": 0}}, {"type": "Feature", "geometry": {"type": "Point", "coordinates": [-6.356981376327747, 53.72529947362981]}, "properties": {"ppr_id": "faff53522a2a12d62406bfe4e9a787fec170b6db21e5b39c482a04ea3fb6be7d", "address": "5 MAYFIELD, THE TWENTIES, DROGHEDA", "sale_date": "2025-05-06", "price": 282000.0, "property_type": null, "beds": null, "baths": null, "floor_area_m2": null, "ber": null, "asking_price": null, "eur_per_m2": null, "sale_vs_asking": null, "daft_url": "https://www.daft.ie/sold/5-mayfield-the-twenties-drogheda-louth/0EF223BDF6DA114880258C8A005AB79E", "not_full_market_price": 0}}, {"type": "Feature", "geometry": {"type": "Point", "coordinates": [-6.346618315844862, 53.73313365377115]}, "properties": {"ppr_id": "24d64c9dc717b67da23626ce99fbc105f711c50734b2f6881971057e74525a48", "address": "59 LISTOKE PINES, BALLYMAKENNY ROAD  DROGHEDA, LH7020 LH7723 LH7742", "sale_date": "2025-05-06", "price": 361233.48, "property_type": null, "beds": null, "baths": null, "floor_area_m2": null, "ber": null, "asking_price": null, "eur_per_m2": null, "sale_vs_asking": null, "daft_url": "https://www.daft.ie/sold/59-listoke-pines-ballymakenny-road-drogheda-lh7020-lh7723-lh7742-louth/3E38C73FACE3DA0C80258C91005ABCC3", "not_full_market_price": 0}}, {"type": "Feature", "geometry": {"type": "Point", "coordinates": [-6.3289034601891885, 53.71010369983725]}, "properties": {"ppr_id": "3cb6627e1ba031e40e27a6ec6cc4b1ce23a7d07b1107d4bb112847848682ed05", "address": "9 FOREST VIEW, WHEATON HALL, DROGHEDA", "sale_date": "2025-05-07", "price": 410000.0, "property_type": "Bungalow", "beds": 3.0, "baths": 2.0, "floor_area_m2": 92.0, "ber": "C3", "asking_price": 375000.0, "eur_per_m2": 4456.521739130435, "sale_vs_asking": 0.09333333333333327, "daft_url": "https://www.daft.ie/sold/9-forest-view-wheaton-hall-drogheda-louth/848EDC8F362B674080258C8A005AB67F", "not_full_market_price": 0}}, {"type": "Feature", "geometry": {"type": "Point", "coordinates": [-6.346671674615973, 53.73324469207795]}, "properties": {"ppr_id": "cca3e856bdb6cb864a4cc56a9dd0ef0d3d2a31b2db9fbbd497165b1ceb532b6a", "address": "12 Listoke Wood, Ballymakenny, Co Louth", "sale_date": "2025-05-08", "price": 392070.0, "property_type": null, "beds": null, "baths": null, "floor_area_m2": null, "ber": null, "asking_price": null, "eur_per_m2": null, "sale_vs_asking": null, "daft_url": "https://www.daft.ie/sold/12-listoke-elms-ballymakenny-road-drogheda-louth/52016524EBB1283D80258950006037B9", "not_full_market_price": 0}}, {"type": "Feature", "geometry": {"type": "Point", "coordinates": [-6.359200834405941, 53.712599235323005]}, "properties": {"ppr_id": "aa09721d5a2fa80e0fe66d46797db3d7ef3d637f3d6f98af5fe1fa5b8826ea76", "address": "202 BALLSGROVE, DROGHEDA, LOUTH", "sale_date": "2025-05-08", "price": 300000.0, "property_type": null, "beds": null, "baths": null, "floor_area_m2": null, "ber": null, "asking_price": null, "eur_per_m2": null, "sale_vs_asking": null, "daft_url": "https://www.daft.ie/sold/202-gort-mell-old-slane-road-drogheda-louth/5B066089F94F018580258D16005AAE11", "not_full_market_price": 0}}, {"type": "Feature", "geometry": {"type": "Point", "coordinates": [-6.3436216804035235, 53.72738018258263]}, "properties": {"ppr_id": "33ccef6d0da3a0850a8c903528a0978a71600f5ae2d0ec210c228645b9787cfc", "address": "15 Listoke Wood, Ballymakenny Road, Drogheda", "sale_date": "2025-05-12", "price": 397363.0, "property_type": null, "beds": null, "baths": null, "floor_area_m2": null, "ber": null, "asking_price": null, "eur_per_m2": null, "sale_vs_asking": null, "daft_url": "https://www.daft.ie/sold/15-listoke-wood-ballymakenny-road-drogheda-louth/ACD2618F9154940F80258CA6005AB4B7", "not_full_market_price": 0}}, {"type": "Feature", "geometry": {"type": "Point", "coordinates": [-6.346493891400856, 53.71944722647869]}, "properties": {"ppr_id": "3b3db490f064500589dc6901f815ebca2732a45097d0f561e355be00c67ad8bb", "address": "31 SCARLET CRESCENT, DROGHEDA, LOUTH", "sale_date": "2025-05-12", "price": 122568.0, "property_type": null, "beds": null, "baths": null, "floor_area_m2": null, "ber": null, "asking_price": null, "eur_per_m2": null, "sale_vs_asking": null, "daft_url": "https://www.daft.ie/sold/31-scarlet-crescent-drogheda-louth/964E514F45A33A0380258C9F005ABA26", "not_full_market_price": 1}}, {"type": "Feature", "geometry": {"type": "Point", "coordinates": [-6.413966298516845, 53.73676485474766]}, "properties": {"ppr_id": "a287d01733d77c9362dd6b0b591a3fe258aa1d8287966acaf215d067fc100c4a", "address": "9 GLEANN ALAINN TULLYALLEN, DROGHEDA, LOUTH", "sale_date": "2025-05-12", "price": 258010.0, "property_type": "Apartment", "beds": 1.0, "baths": 1.0, "floor_area_m2": 40.0, "ber": "D1", "asking_price": 175000.0, "eur_per_m2": 6450.25, "sale_vs_asking": 0.4743428571428572, "daft_url": "https://www.daft.ie/sold/9-the-grannary-drogheda-louth/2A91DC3904566AE480258E5F005AB882", "not_full_market_price": 1}}, {"type": "Feature", "geometry": {"type": "Point", "coordinates": [-6.343739815552803, 53.727329454422154]}, "properties": {"ppr_id": "604de93aa7e25569fcfa354d478c8c79988e289d48b5fde1f32044b51616aa7d", "address": "10 Listoke Wood, Ballymakenny Road, Drogheda", "sale_date": "2025-05-13", "price": 348251.0, "property_type": null, "beds": null, "baths": null, "floor_area_m2": null, "ber": null, "asking_price": null, "eur_per_m2": null, "sale_vs_asking": null, "daft_url": "https://www.daft.ie/sold/10-listoke-wood-ballymakenny-road-drogheda-louth/8C98CF16A1C7400D80258CA6005AB4BD", "not_full_market_price": 0}}, {"type": "Feature", "geometry": {"type": "Point", "coordinates": [-6.32692959171194, 53.72765479034192]}, "properties": {"ppr_id": "e432c08b7a0a7feb73aa8e2c78ad3b49bf283a3d50f8242e856c3ed5bd1ea1a0", "address": "201 Beaulieu Village, Termonfeckin Road, Drogheda", "sale_date": "2025-05-13", "price": 273127.0, "property_type": null, "beds": null, "baths": null, "floor_area_m2": null, "ber": null, "asking_price": null, "eur_per_m2": null, "sale_vs_asking": null, "daft_url": "https://www.daft.ie/sold/201-beaulieu-village-termonfeckin-road-drogheda-louth/485E12ED42DEEADF80258C9F005ABD1C", "not_full_market_price": 0}}, {"type": "Feature", "geometry": {"type": "Point", "coordinates": [-6.362118866730388, 53.714949819153404]}, "properties": {"ppr_id": "5d56f7beb49ce57083b5341174abf56342ebb2a0978114e18e0e7739617ea616", "address": "24 THE WILLOWS APT, RATHMULLEN RD, DROGHEDA", "sale_date": "2025-05-13", "price": 253000.0, "property_type": null, "beds": null, "baths": null, "floor_area_m2": null, "ber": null, "asking_price": null, "eur_per_m2": null, "sale_vs_asking": null, "daft_url": "https://www.daft.ie/sold/24-the-willows-apt-rathmullen-rd-drogheda-louth/383DBFD75AA1893680258CBB005AAAD9", "not_full_market_price": 0}}, {"type": "Feature", "geometry": {"type": "Point", "coordinates": [-6.336713852074891, 53.70766413760155]}, "properties": {"ppr_id": "41f744f44428596d061365d8eea0055206f027b8e8253fb3386bd32330c76ba0", "address": "3 THE COURT, MARTELLO VILLAGE, DROGHEDA", "sale_date": "2025-05-13", "price": 362000.0, "property_type": "End of Terrace", "beds": 3.0, "baths": 3.0, "floor_area_m2": 100.0, "ber": "B3", "asking_price": 310000.0, "eur_per_m2": 3620.0, "sale_vs_asking": 0.16774193548387095, "daft_url": "https://www.daft.ie/sold/3-the-court-martello-village-drogheda-louth/8413D8A8BB03E2EC80258C9F005ABD84", "not_full_market_price": 0}}, {"type": "Feature", "geometry": {"type": "Point", "coordinates": [-6.346699306836726, 53.73321256424299]}, "properties": {"ppr_id": "4ceff63bd7f2e0d4dc681e4b068e5ac562e5b23cf536813d805059c878bd0d09", "address": "31 LISTOKE PINES, BALLYMAKENNY", "sale_date": "2025-05-13", "price": 356828.0, "property_type": null, "beds": null, "baths": null, "floor_area_m2": null, "ber": null, "asking_price": null, "eur_per_m2": null, "sale_vs_asking": null, "daft_url": "https://www.daft.ie/sold/31-listoke-elms-ballymakenny-road-drogheda-louth/D4C1EA3A8DFC1A03802589F1005AAA52", "not_full_market_price": 0}}, {"type": "Feature", "geometry": {"type": "Point", "coordinates": [-6.353799487604473, 53.73755514481833]}, "properties": {"ppr_id": "554671d7b11ffbd1d638807d521d8ef0f11427807abd796584458e76bf8b4e0e", "address": "37 BALLYMAKENNY DENE, BALLYMAKENNY PARK, DROGHEDA", "sale_date": "2025-05-13", "price": 334801.76, "property_type": null, "beds": null, "baths": null, "floor_area_m2": null, "ber": null, "asking_price": null, "eur_per_m2": null, "sale_vs_asking": null, "daft_url": "https://www.daft.ie/sold/37-ballymakenny-dene-ballymakenny-park-drogheda-louth/8D1FB667C5F003A980258CB4005AAE96", "not_full_market_price": 0}}, {"type": "Feature", "geometry": {"type": "Point", "coordinates": [-6.35374040561877, 53.737627291535446]}, "properties": {"ppr_id": "888837bc51113bfc81304521d792d5f29166dc9796912a8284c32438fd1f5612", "address": "39 Ballymakenny Dene, Ballymakenny Park, Drogheda", "sale_date": "2025-05-13", "price": 334802.0, "property_type": null, "beds": null, "baths": null, "floor_area_m2": null, "ber": null, "asking_price": null, "eur_per_m2": null, "sale_vs_asking": null, "daft_url": "https://www.daft.ie/sold/39-ballymakenny-dene-ballymakenny-park-drogheda-louth/E224795E69DA950B80258C91005ABADF", "not_full_market_price": 0}}, {"type": "Feature", "geometry": {"type": "Point", "coordinates": [-6.3289139356295285, 53.71012399110143]}, "properties": {"ppr_id": "fd40fcf18f674f9089d08f319560b61ea24a0ba39291284261e60b08d445bc0e", "address": "24 ACORN WAY, WHEATON HALL, DROGHEDA", "sale_date": "2025-05-14", "price": 385000.0, "property_type": "Detached", "beds": 3.0, "baths": 2.0, "floor_area_m2": null, "ber": "D1", "asking_price": 385000.0, "eur_per_m2": null, "sale_vs_asking": 0.0, "daft_url": "https://www.daft.ie/sold/24-acorn-way-wheaton-hall-drogheda-louth/6902D654D4A10AFB80258C91005ABC9C", "not_full_market_price": 0}}, {"type": "Feature", "geometry": {"type": "Point", "coordinates": [-6.351495181080676, 53.73739400005425]}, "properties": {"ppr_id": "42e05849d9d12aed3d3f529eff1bb6d145d7efd4d4097cea8552321de2e253d4", "address": "87 Ballymakenny Avenue, Ballymakenny Park, Drogheda", "sale_date": "2025-05-14", "price": 370044.0, "property_type": null, "beds": null, "baths": null, "floor_area_m2": null, "ber": null, "asking_price": null, "eur_per_m2": null, "sale_vs_asking": null, "daft_url": "https://www.daft.ie/sold/87-ballymakenny-avenue-ballymakenny-park-drogheda-louth/E52D890558C6D31980258CBB005AAC6C", "not_full_market_price": 0}}, {"type": "Feature", "geometry": {"type": "Point", "coordinates": [-6.353792817057699, 53.737545562832466]}, "properties": {"ppr_id": "f1e5c78fe9612c0fc49464c3be127856239a9af7d4541cd2b75d7a4c70c29dea", "address": "45 Ballymakenny Dene, Ballymakenny Park, Drogheda", "sale_date": "2025-05-15", "price": 343612.0, "property_type": null, "beds": null, "baths": null, "floor_area_m2": null, "ber": null, "asking_price": null, "eur_per_m2": null, "sale_vs_asking": null, "daft_url": "https://www.daft.ie/sold/45-ballymakenny-dene-ballymakenny-park-drogheda-louth/2DFFC67FECA6976880258CA6005AB34C", "not_full_market_price": 0}}, {"type": "Feature", "geometry": {"type": "Point", "coordinates": [-6.343715997982384, 53.72728943554001]}, "properties": {"ppr_id": "c8d4477f606a1055b6bb167d9ca12d6d907425c288a217e432828b17cf615707", "address": "14 Listoke Wood, Ballymakenny Road, Drogheda", "sale_date": "2025-05-16", "price": 397363.0, "property_type": null, "beds": null, "baths": null, "floor_area_m2": null, "ber": null, "asking_price": null, "eur_per_m2": null, "sale_vs_asking": null, "daft_url": "https://www.daft.ie/sold/14-listoke-wood-ballymakenny-road-drogheda-louth/FEE37147C3A6E55380258C98005ABC25", "not_full_market_price": 0}}, {"type": "Feature", "geometry": {"type": "Point", "coordinates": [-6.356106678305844, 53.70847907384682]}, "properties": {"ppr_id": "9481cac82ab89fffe6c9fa7da686c81c03594c6dfdf8f15d48a753d05d6b30c5", "address": "203 MARIAN PARK, DROGHEDA, LOUTH", "sale_date": "2025-05-16", "price": 270000.0, "property_type": "End of Terrace", "beds": 4.0, "baths": 2.0, "floor_area_m2": 121.0, "ber": "D2", "asking_price": 295000.0, "eur_per_m2": 2231.404958677686, "sale_vs_asking": -0.0847457627118644, "daft_url": "https://www.daft.ie/sold/203-marian-park-drogheda-louth/21A98754D1E5DEAC80258C98005AB9C4", "not_full_market_price": 0}}, {"type": "Feature", "geometry": {"type": "Point", "coordinates": [-6.353599371201287, 53.73762503695053]}, "properties": {"ppr_id": "2c7a929829fdf09c1ae1f8796c2be7d1bf5bf060f9d7265eb71dc3b9a455f5e3", "address": "35 Ballymakenny Dene, Ballymakenny Park, Drogheda", "sale_date": "2025-05-16", "price": 334801.0, "property_type": null, "beds": null, "baths": null, "floor_area_m2": null, "ber": null, "asking_price": null, "eur_per_m2": null, "sale_vs_asking": null, "daft_url": "https://www.daft.ie/sold/35-ballymakenny-dene-ballymakenny-park-drogheda-louth/389A0625053846C780258C98005ABA6E", "not_full_market_price": 0}}, {"type": "Feature", "geometry": {"type": "Point", "coordinates": [-6.353586030107741, 53.73753090803055]}, "properties": {"ppr_id": "4de37def6141f08fe6009d5bded75083a2d268edf2889ec6fad5101225f83587", "address": "43 BALLYMAKENNY DENE, BALLYMAKENNY PARK, DROGHEDA", "sale_date": "2025-05-16", "price": 339207.04, "property_type": null, "beds": null, "baths": null, "floor_area_m2": null, "ber": null, "asking_price": null, "eur_per_m2": null, "sale_vs_asking": null, "daft_url": "https://www.daft.ie/sold/43-ballymakenny-dene-ballymakenny-park-drogheda-louth/B4B109E6AE15EB6880258CBB005AABA4", "not_full_market_price": 0}}, {"type": "Feature", "geometry": {"type": "Point", "coordinates": [-6.320830534333952, 53.70477309994575]}, "properties": {"ppr_id": "3ce5faca6dbd3bf852df55a680fc85af5e8df56638973c655d0c6fc1b26ae4da", "address": "ST ANNES, DUBLIN RD, DROGHEDA", "sale_date": "2025-05-16", "price": 470000.0, "property_type": null, "beds": null, "baths": null, "floor_area_m2": null, "ber": null, "asking_price": null, "eur_per_m2": null, "sale_vs_asking": null, "daft_url": "https://www.daft.ie/sold/dublin-road-drogheda-louth/89B8ECA24EA7EC8780257F78004CEF0E", "not_full_market_price": 0}}, {"type": "Feature", "geometry": {"type": "Point", "coordinates": [-6.343742673661254, 53.72730183575701]}, "properties": {"ppr_id": "1a0c4124da2f8d3733a7bf82ba88b524e8f73b2a99c14703832d2c9d035b5983", "address": "50 Listokes Pines, Ballymakenny Road, Drogheda", "sale_date": "2025-05-19", "price": 383259.91, "property_type": null, "beds": null, "baths": null, "floor_area_m2": null, "ber": null, "asking_price": null, "eur_per_m2": null, "sale_vs_asking": null, "daft_url": "https://www.daft.ie/sold/50-listokes-pines-ballymakenny-road-drogheda-louth/F2F7ADF438D2782480258C9F005AB9FC", "not_full_market_price": 0}}, {"type": "Feature", "geometry": {"type": "Point", "coordinates": [-6.349150025805475, 53.736337600379755]}, "properties": {"ppr_id": "550a6badb4f33e95f2b9952278ea09a47e3a74dc8857087495b48288efe07dd5", "address": "23 Ballymakenny Place, Ballymakenny Park, Drogheda", "sale_date": "2025-05-21", "price": 392070.48, "property_type": null, "beds": null, "baths": null, "floor_area_m2": null, "ber": null, "asking_price": null, "eur_per_m2": null, "sale_vs_asking": null, "daft_url": "https://www.daft.ie/sold/23-ballymakenny-place-ballymakenny-park-drogheda-louth/D70402F2D335737C80258C98005ABCBA", "not_full_market_price": 0}}, {"type": "Feature", "geometry": {"type": "Point", "coordinates": [-6.353728017460478, 53.73765829207795]}, "properties": {"ppr_id": "07f8465c1151a936b7e61d8a97d5a4bb64021de507b659330591b9b3a55414dc", "address": "41 Ballymakenny Dene, Ballymakenny Park, Drogheda", "sale_date": "2025-05-21", "price": 334801.76, "property_type": null, "beds": null, "baths": null, "floor_area_m2": null, "ber": null, "asking_price": null, "eur_per_m2": null, "sale_vs_asking": null, "daft_url": "https://www.daft.ie/sold/41-ballymakenny-dene-ballymakenny-park-drogheda-louth/9608A21BEB0B7C5380258C98005ABCB2", "not_full_market_price": 0}}, {"type": "Feature", "geometry": {"type": "Point", "coordinates": [-6.328466707374348, 53.73014145355415]}, "properties": {"ppr_id": "7da7ae367c5e3d9d75e8b5dae55ce160eee3e35495f4de0ad1adf4ae2b7cfeef", "address": "11 OAKWOOD PARK, TERMONABBEY, DROGHEDA", "sale_date": "2025-05-22", "price": 372500.0, "property_type": "Semi-D", "beds": 3.0, "baths": 2.0, "floor_area_m2": null, "ber": "C1", "asking_price": null, "eur_per_m2": null, "sale_vs_asking": null, "daft_url": "https://www.daft.ie/sold/11-oakwood-park-termonabbey-drogheda-louth/3AEF058B59306A7880258C98005ABCEB", "not_full_market_price": 0}}, {"type": "Feature", "geometry": {"type": "Point", "coordinates": [-6.332008024560559, 53.72708375387965]}, "properties": {"ppr_id": "136bffaf7cad5675f9abefa55177738295a7d9715b2865808c50d89a27575ec1", "address": "49 CHERRYWOOD DR, TERMAN ABBEY, DROGHEDA", "sale_date": "2025-05-22", "price": 292500.0, "property_type": "Semi-D", "beds": 3.0, "baths": 2.0, "floor_area_m2": 88.0, "ber": "C2", "asking_price": 265000.0, "eur_per_m2": 3323.8636363636365, "sale_vs_asking": 0.10377358490566047, "daft_url": "https://www.daft.ie/sold/49-cherrywood-dr-terman-abbey-drogheda-louth/109997C8E89B501180258C9F005ABA3D", "not_full_market_price": 0}}, {"type": "Feature", "geometry": {"type": "Point", "coordinates": [-6.343533079041564, 53.72738018258263]}, "properties": {"ppr_id": "ade19d80112435419ceb8398da3f34024865eda3f49e8e132d7780cab722d83e", "address": "9 Listoke Wood, Ballymakenny Road, Drogheda", "sale_date": "2025-05-23", "price": 397363.0, "property_type": null, "beds": null, "baths": null, "floor_area_m2": null, "ber": null, "asking_price": null, "eur_per_m2": null, "sale_vs_asking": null, "daft_url": "https://www.daft.ie/sold/9-listoke-wood-ballymakenny-road-drogheda-louth/627E4408FF5DEF2D80258CA6005AB4C2", "not_full_market_price": 0}}, {"type": "Feature", "geometry": {"type": "Point", "coordinates": [-6.3435340317443805, 53.727304090341924]}, "properties": {"ppr_id": "4973b011ad25e3d39eff861b5b3a3340e5946a93a69452b929d435eee5f1dc35", "address": "11 Listoke Wood, Ballymakenny Road, Drogheda", "sale_date": "2025-05-26", "price": 370044.04, "property_type": null, "beds": null, "baths": null, "floor_area_m2": null, "ber": null, "asking_price": null, "eur_per_m2": null, "sale_vs_asking": null, "daft_url": "https://www.daft.ie/sold/11-listoke-wood-ballymakenny-road-drogheda-louth/F77ACA93186C9A4680258CA6005AB528", "not_full_market_price": 0}}, {"type": "Feature", "geometry": {"type": "Point", "coordinates": [-6.343535937150015, 53.72732776348347]}, "properties": {"ppr_id": "7ab536057fd62cda1c2f4e8b24a448e66d1996a4c27274eb6a236ceb875fea3c", "address": "16 Listoke Wood, Ballymakenny Road, Drogheda", "sale_date": "2025-05-26", "price": 397363.0, "property_type": null, "beds": null, "baths": null, "floor_area_m2": null, "ber": null, "asking_price": null, "eur_per_m2": null, "sale_vs_asking": null, "daft_url": "https://www.daft.ie/sold/16-listoke-wood-ballymakenny-road-drogheda-louth/6CB910CA1026392480258CA6005AB4C3", "not_full_market_price": 0}}, {"type": "Feature", "geometry": {"type": "Point", "coordinates": [-6.366660188733661, 53.70129868214862]}, "properties": {"ppr_id": "de21b58b0cf67cc2b799a41ce492c60eb43303dec5d9cb19e158dcfdab633041", "address": "151 KNOCKBRACK DOWNS, MATTHEWS LANE, DROGHEDA", "sale_date": "2025-05-28", "price": 286000.0, "property_type": "Semi-D", "beds": 3.0, "baths": 1.0, "floor_area_m2": null, "ber": "C3", "asking_price": 285000.0, "eur_per_m2": null, "sale_vs_asking": 0.0035087719298245723, "daft_url": "https://www.daft.ie/sold/151-knockbrack-downs-matthews-lane-drogheda-louth/48C2765EEAB71B4480258CA6005AB3EF", "not_full_market_price": 0}}, {"type": "Feature", "geometry": {"type": "Point", "coordinates": [-6.320642952514175, 53.704774227238204]}, "properties": {"ppr_id": "41f9c56851cd8b772e60ef563e5f62d5ff68e2ea5d2c3f24d07bcdc35d79425b", "address": "163 BRYANSTOWN MANOR, DUBLIN RD, DROGHEDA", "sale_date": "2025-05-28", "price": 250000.0, "property_type": "Apartment", "beds": 2.0, "baths": 2.0, "floor_area_m2": null, "ber": "D1", "asking_price": 235000.0, "eur_per_m2": null, "sale_vs_asking": 0.06382978723404253, "daft_url": "https://www.daft.ie/sold/163-bryanstown-manor-dublin-rd-drogheda-louth/3D6C566434300BFB80258C9F005ABD51", "not_full_market_price": 0}}, {"type": "Feature", "geometry": {"type": "Point", "coordinates": [-6.350041320629938, 53.71433565550718]}, "properties": {"ppr_id": "6d9ec8609b4ae9e666837458a428d93251806bd1e510d7719aab74435bcd8e3a", "address": "APT 2 MEATMARKET LANE, DWYER ST, DROGHEDA", "sale_date": "2025-05-28", "price": 200000.0, "property_type": "Apartment", "beds": 2.0, "baths": 2.0, "floor_area_m2": 80.0, "ber": "D1", "asking_price": 180000.0, "eur_per_m2": 2500.0, "sale_vs_asking": 0.11111111111111116, "daft_url": "https://www.daft.ie/sold/apt-2-meatmarket-lane-dwyer-st-drogheda-louth/F86D5C3A4D8FCFF880258C9F005ABC65", "not_full_market_price": 0}}, {"type": "Feature", "geometry": {"type": "Point", "coordinates": [-6.416713702219703, 53.738776182474126]}, "properties": {"ppr_id": "807532c06f0a6b448339c00211c11ef9f6594469da1a5d1bc613a809018544ba", "address": "1 CNOC NA GREINE, TULLYALLEN, DROGHEDA", "sale_date": "2025-05-29", "price": 321000.0, "property_type": null, "beds": null, "baths": null, "floor_area_m2": null, "ber": null, "asking_price": null, "eur_per_m2": null, "sale_vs_asking": null, "daft_url": "https://www.daft.ie/sold/1-old-hill-drogheda/B410C9D93A4C312980257EBB00477B73", "not_full_market_price": 0}}, {"type": "Feature", "geometry": {"type": "Point", "coordinates": [-6.352245276180318, 53.71318280081377]}, "properties": {"ppr_id": "df5ab2e64d32ba8025e1d516b821552039d364c7542fca4765b3c600b94f9aa6", "address": "1 HAYMARKET, DROGHEDA, LOUTH", "sale_date": "2025-05-29", "price": 272500.0, "property_type": "Apartment", "beds": 2.0, "baths": 1.0, "floor_area_m2": null, "ber": "C1", "asking_price": 225000.0, "eur_per_m2": null, "sale_vs_asking": 0.21111111111111103, "daft_url": "https://www.daft.ie/sold/1-haymarket-drogheda-louth/CB587033CAD64EF580258CC2005AADCA", "not_full_market_price": 0}}, {"type": "Feature", "geometry": {"type": "Point", "coordinates": [-6.349144194138488, 53.710017790124915]}, "properties": {"ppr_id": "5d436a2e5870ce574ed7e9d363754a040181dc1a67ac3d9a665b3d78901cb50e", "address": "30 DULEEK ST, DROGHEDA, LOUTH", "sale_date": "2025-06-03", "price": 160000.0, "property_type": "Terrace", "beds": 2.0, "baths": 1.0, "floor_area_m2": null, "ber": "E2", "asking_price": null, "eur_per_m2": null, "sale_vs_asking": null, "daft_url": "https://www.daft.ie/sold/30-duleek-st-drogheda-louth/17C06A9A216BCAA680258CA6005AB428", "not_full_market_price": 0}}, {"type": "Feature", "geometry": {"type": "Point", "coordinates": [-6.328963516052627, 53.704519381280605]}, "properties": {"ppr_id": "d5bf62e4f3b30bca174421d81c71b698f36a9d6200bf86ce87b91d243d6bdc4a", "address": "63 THE VIEW, FIVE OAKS, DROGHEDA", "sale_date": "2025-06-03", "price": 395000.0, "property_type": "Semi-D", "beds": 3.0, "baths": 3.0, "floor_area_m2": 110.0, "ber": "B3", "asking_price": 375000.0, "eur_per_m2": 3590.909090909091, "sale_vs_asking": 0.05333333333333323, "daft_url": "https://www.daft.ie/sold/63-the-view-five-oaks-drogheda-louth/0B481F56A3082EDE80258CA6005AB397", "not_full_market_price": 0}}, {"type": "Feature", "geometry": {"type": "Point", "coordinates": [-6.314505812400526, 53.70303059001641]}, "properties": {"ppr_id": "7fb6aa7c86686a041a950f91a57cce7afdffe170e16e27134472cd54f2b7759c", "address": "29 FOREST VIEW, WHEATON HALL, DUBLIN RD DROGHEDA", "sale_date": "2025-06-05", "price": 430000.0, "property_type": "Terrace", "beds": 4.0, "baths": 2.0, "floor_area_m2": 126.0, "ber": "D2", "asking_price": 260000.0, "eur_per_m2": 3412.6984126984125, "sale_vs_asking": 0.6538461538461537, "daft_url": "https://www.daft.ie/sold/29-hill-view-drogheda-louth/F977EF026A7E9BE180258A53005AB0BB", "not_full_market_price": 0}}, {"type": "Feature", "geometry": {"type": "Point", "coordinates": [-6.3436293020260575, 53.72731085409665]}, "properties": {"ppr_id": "12842d053cbba44290b80c1b1d8e5e5a698a6701a3350a03bd9ae9bee103f397", "address": "57 Listoke Pines, Ballymakenny Road, Drogheda", "sale_date": "2025-06-05", "price": 348251.0, "property_type": null, "beds": null, "baths": null, "floor_area_m2": null, "ber": null, "asking_price": null, "eur_per_m2": null, "sale_vs_asking": null, "daft_url": "https://www.daft.ie/sold/57-listoke-pines-ballymakenny-road-drogheda-louth/AE9272138583E7C680258CA6005AB5E3", "not_full_market_price": 0}}, {"type": "Feature", "geometry": {"type": "Point", "coordinates": [-6.343594052021837, 53.72735932767221]}, "properties": {"ppr_id": "08b3c0eb8bc6ffd94db503b95a5c3fe134c119908638666835b82781e6fb387c", "address": "17 Listoke Wood, Ballymakenny Road, Drogheda", "sale_date": "2025-06-06", "price": 397363.0, "property_type": null, "beds": null, "baths": null, "floor_area_m2": null, "ber": null, "asking_price": null, "eur_per_m2": null, "sale_vs_asking": null, "daft_url": "https://www.daft.ie/sold/17-listoke-wood-ballymakenny-road-drogheda-louth/C691EB8C7E346B6080258CC9005AB9F5", "not_full_market_price": 0}}, {"type": "Feature", "geometry": {"type": "Point", "coordinates": [-6.3436140587809895, 53.72731874514383]}, "properties": {"ppr_id": "6266424a14c8515ac9f383dc4299e4fe898ee6f3bb9ca68eac99ffe3ca641881", "address": "27 Listoke Pines, Ballymakenny Road, Drogheda", "sale_date": "2025-06-06", "price": 366110.0, "property_type": null, "beds": null, "baths": null, "floor_area_m2": null, "ber": null, "asking_price": null, "eur_per_m2": null, "sale_vs_asking": null, "daft_url": "https://www.daft.ie/sold/27-listoke-pines-ballymakenny-road-drogheda-louth/9BC26AEEC5AFFA9B80258CD0005AB859", "not_full_market_price": 0}}, {"type": "Feature", "geometry": {"type": "Point", "coordinates": [-6.362255173139945, 53.72334856283246]}, "properties": {"ppr_id": "59947d58e69d85ae7a8705cb132b38671c9c2210a2c74a1f7db586a70cc588c8", "address": "3 Seven Winds, North Road, Drogheda", "sale_date": "2025-06-06", "price": 427312.77, "property_type": "Terrace", "beds": 2.0, "baths": 1.0, "floor_area_m2": null, "ber": "G", "asking_price": null, "eur_per_m2": null, "sale_vs_asking": null, "daft_url": "https://www.daft.ie/sold/3-north-road-drogheda/632CC32D66D20F1780258CC9005AB75A", "not_full_market_price": 0}}, {"type": "Feature", "geometry": {"type": "Point", "coordinates": [-6.340019891958317, 53.72649149153545]}, "properties": {"ppr_id": "6312239a4268590a090425578288221ef1f95175461dfc4883ebbb94b4b51439", "address": "Flaxmill Lane, Drogheda, Co. Louth", "sale_date": "2025-06-06", "price": 5450608.0, "property_type": "Apartment", "beds": 2.0, "baths": 2.0, "floor_area_m2": 80.0, "ber": "B3", "asking_price": 190000.0, "eur_per_m2": 68132.6, "sale_vs_asking": 27.68741052631579, "daft_url": "https://www.daft.ie/sold/5a-flaxmill-court-flaxmill-lane-drogheda-louth/9C6838CB7C981D3D80258B6B005AAF26", "not_full_market_price": 0}}, {"type": "Feature", "geometry": {"type": "Point", "coordinates": [-6.343627396620424, 53.72734072734671]}, "properties": {"ppr_id": "c86f073771b9666d6189126ad734983e2f1044746cadb051dd247fbfd5172840", "address": "24 Listoke Pines, Ballymakenny Road, Drogheda", "sale_date": "2025-06-09", "price": 361645.0, "property_type": null, "beds": null, "baths": null, "floor_area_m2": null, "ber": null, "asking_price": null, "eur_per_m2": null, "sale_vs_asking": null, "daft_url": "https://www.daft.ie/sold/24-listoke-elms-ballymakenny-road-drogheda-louth/A60ADB80B70EBE41802589B9005AB7C4", "not_full_market_price": 0}}, {"type": "Feature", "geometry": {"type": "Point", "coordinates": [-6.338658765858586, 53.71751549131844]}, "properties": {"ppr_id": "2cc2fc513c80b9c2a8c35430d05fa31d3067386c090d525b6897b2a48f6a1ae6", "address": "4 STRAND COTTAGE, NORTH STRAND, DROGHEDA", "sale_date": "2025-06-09", "price": 170000.0, "property_type": "Terrace", "beds": 2.0, "baths": 1.0, "floor_area_m2": 96.0, "ber": "C2", "asking_price": 160000.0, "eur_per_m2": 1770.8333333333333, "sale_vs_asking": 0.0625, "daft_url": "https://www.daft.ie/sold/4-strand-cottage-north-strand-drogheda-louth/DFA5FA7170C3768980258CC2005AACA0", "not_full_market_price": 0}}, {"type": "Feature", "geometry": {"type": "Point", "coordinates": [-6.384204189656777, 53.72173314492683]}, "properties": {"ppr_id": "2dcd695612987249301206bd7c4e5ba8decf113af62ed4736a1e0731bb5dd081", "address": "7 BOYNE MEADOWS, SLANE RD, DROGHEDA", "sale_date": "2025-06-09", "price": 340000.0, "property_type": "Semi-D", "beds": 3.0, "baths": 3.0, "floor_area_m2": null, "ber": "C3", "asking_price": 330000.0, "eur_per_m2": null, "sale_vs_asking": 0.030303030303030276, "daft_url": "https://www.daft.ie/sold/7-boyne-meadows-slane-rd-drogheda-louth/E8DB5D8EB87E01A080258CB4005AAEDC", "not_full_market_price": 0}}, {"type": "Feature", "geometry": {"type": "Point", "coordinates": [-6.3435426060697315, 53.727388637276036]}, "properties": {"ppr_id": "d449408c007f5b86312f4a92ec8b8b4a504fa54d79bd7270f88c85c2fa568017", "address": "26 Listoke Pines, Ballymakenny Road, Drogheda", "sale_date": "2025-06-10", "price": 343600.0, "property_type": null, "beds": null, "baths": null, "floor_area_m2": null, "ber": null, "asking_price": null, "eur_per_m2": null, "sale_vs_asking": null, "daft_url": "https://www.daft.ie/sold/26-listoke-avenue-ballymakenny-road-drogheda-louth/2BED3C840D4A26D08025884D005AAD86", "not_full_market_price": 0}}, {"type": "Feature", "geometry": {"type": "Point", "coordinates": [-6.347359927948744, 53.71603555377115]}, "properties": {"ppr_id": "964dc9a4dd67f521f2ad2619f9286b3077b5641a80dc6ae98c09cacf5bfdcc9f", "address": "APARTMENT 2, 11 PALACE STREET, DROGHEDA", "sale_date": "2025-06-10", "price": 110000.0, "property_type": null, "beds": null, "baths": null, "floor_area_m2": null, "ber": null, "asking_price": null, "eur_per_m2": null, "sale_vs_asking": null, "daft_url": "https://www.daft.ie/sold/apt-2-st-james-street-drogheda-louth/F3D0AFA6DD551D0680257ED7004784FC", "not_full_market_price": 0}}, {"type": "Feature", "geometry": {"type": "Point", "coordinates": [-6.3531011725846405, 53.71438319994575]}, "properties": {"ppr_id": "b0da541297c37b73de51c0b8f3f9020ca3ac6f99106bf78afa819532b72f0842", "address": "1 LEYLAND PLACE, STOCKWELL LANE, DROGHEDA", "sale_date": "2025-06-11", "price": 235000.0, "property_type": "End of Terrace", "beds": 3.0, "baths": 1.0, "floor_area_m2": 93.0, "ber": "F", "asking_price": 235000.0, "eur_per_m2": 2526.8817204301076, "sale_vs_asking": 0.0, "daft_url": "https://www.daft.ie/sold/1-leyland-place-stockwell-lane-drogheda-louth/EA4E9E5E6F680AC180258CC2005AAE4E", "not_full_market_price": 0}}, {"type": "Feature", "geometry": {"type": "Point", "coordinates": [-6.350919928078557, 53.70873168258263]}, "properties": {"ppr_id": "4f73c880482621806c1da813a5856b320472257ee4b1c4904d3d147372e041c7", "address": "14 PLATIN ROAD, DROGHEDA, CO. LOUTH", "sale_date": "2025-06-11", "price": 215000.0, "property_type": "Terrace", "beds": 3.0, "baths": 2.0, "floor_area_m2": 79.0, "ber": "D2", "asking_price": 195000.0, "eur_per_m2": 2721.518987341772, "sale_vs_asking": 0.10256410256410264, "daft_url": "https://www.daft.ie/sold/14-platin-road-drogheda/98DF4C5CDE97AD7B80258CC2005AAF09", "not_full_market_price": 0}}, {"type": "Feature", "geometry": {"type": "Point", "coordinates": [-6.32064009593824, 53.70477760911557]}, "properties": {"ppr_id": "35c860bbbfc3aea4f2ca64e67fdb63bdda33ce9903519124b1f80d3d63e37dd8", "address": "147 BRYANSTOWN MANOR, DUBLIN RD, DROGHEDA", "sale_date": "2025-06-11", "price": 220000.0, "property_type": null, "beds": null, "baths": null, "floor_area_m2": null, "ber": "C3", "asking_price": null, "eur_per_m2": null, "sale_vs_asking": null, "daft_url": "https://www.daft.ie/sold/147-bryanstown-manor-dublin-rd-drogheda-louth/A20407407272252080258CBB005AAC2D", "not_full_market_price": 0}}, {"type": "Feature", "geometry": {"type": "Point", "coordinates": [-6.336601485898623, 53.70758297254479]}, "properties": {"ppr_id": "6b8e1d159bd0053abd4efb390843bb683692078138127534b87cbbad074283dd", "address": "74 THE PARK, MARTELLO VILLAGE, DROGHEDA", "sale_date": "2025-06-11", "price": 230000.0, "property_type": null, "beds": null, "baths": null, "floor_area_m2": null, "ber": null, "asking_price": null, "eur_per_m2": null, "sale_vs_asking": null, "daft_url": "https://www.daft.ie/sold/74-the-park-martello-village-drogheda-louth/27FDCAD3B368634880258CBB005AAC34", "not_full_market_price": 0}}, {"type": "Feature", "geometry": {"type": "Point", "coordinates": [-6.345995314196857, 53.717905599403245]}, "properties": {"ppr_id": "b18a64843e408266dd45460052b8edfa8039789c6626fa372bdd45479113e7ca", "address": "APT NO 6 SAINT CATHERINES, SIENNA, DROGHEDA", "sale_date": "2025-06-11", "price": 235000.0, "property_type": "Apartment", "beds": 3.0, "baths": 2.0, "floor_area_m2": null, "ber": "C1", "asking_price": 220000.0, "eur_per_m2": null, "sale_vs_asking": 0.06818181818181812, "daft_url": "https://www.daft.ie/sold/apt-no-6-saint-catherines-sienna-drogheda-louth/28272E27D2EF08E880258CB4005AAD5A", "not_full_market_price": 0}}, {"type": "Feature", "geometry": {"type": "Point", "coordinates": [-6.320786733502938, 53.70476013608251]}, "properties": {"ppr_id": "4f659b0502cfbfe38952973f16b893ca4af50489b9e29843ff913aea03b7b963", "address": "24 HARVEST WAY, WHEATON HALL, DUBLIN RD", "sale_date": "2025-06-12", "price": 522000.0, "property_type": "Detached", "beds": 3.0, "baths": 2.0, "floor_area_m2": null, "ber": "D1", "asking_price": 385000.0, "eur_per_m2": null, "sale_vs_asking": 0.35584415584415585, "daft_url": "https://www.daft.ie/sold/24-acorn-way-wheaton-hall-drogheda-louth/6902D654D4A10AFB80258C91005ABC9C", "not_full_market_price": 0}}, {"type": "Feature", "geometry": {"type": "Point", "coordinates": [-6.346033245802545, 53.725234272870296]}, "properties": {"ppr_id": "bc3f07afedb374817f11a50a575e15d6dd957bb1e36d86eb5685d45231d7e1ec", "address": "242 BROOKVILLE PARK, DROGHEDA, LOUTH", "sale_date": "2025-06-12", "price": 310000.0, "property_type": "Semi-D", "beds": 3.0, "baths": 1.0, "floor_area_m2": 106.0, "ber": "D2", "asking_price": 305000.0, "eur_per_m2": 2924.5283018867926, "sale_vs_asking": 0.016393442622950838, "daft_url": "https://www.daft.ie/sold/242-brookville-park-drogheda-louth/3051B040C3316A0B80258CB4005AABBB", "not_full_market_price": 0}}, {"type": "Feature", "geometry": {"type": "Point", "coordinates": [-6.355173824201906, 53.717863626804196]}, "properties": {"ppr_id": "ab6039add6794dd0361761720046f4df2033ea38a101f660f25436507e5e4954", "address": "14 PATRICK STREET, DROGHEDA, CO LOUTH", "sale_date": "2025-06-13", "price": 295000.0, "property_type": "Bungalow", "beds": 3.0, "baths": 1.0, "floor_area_m2": 75.0, "ber": "C3", "asking_price": 260000.0, "eur_per_m2": 3933.3333333333335, "sale_vs_asking": 0.13461538461538458, "daft_url": "https://www.daft.ie/sold/14-patrick-street-drogheda/BAC153BF5FF2F96680258CB4005AAADC", "not_full_market_price": 0}}, {"type": "Feature", "geometry": {"type": "Point", "coordinates": [-6.343577856073952, 53.727355382148616]}, "properties": {"ppr_id": "006696a793e9aa10b8bace83588f35eec5103c2b277dcd2af592ad49b46f0900", "address": "33 Listoke Pines, Ballymakenny Road, Drogheda", "sale_date": "2025-06-13", "price": 327709.24, "property_type": null, "beds": null, "baths": null, "floor_area_m2": null, "ber": null, "asking_price": null, "eur_per_m2": null, "sale_vs_asking": null, "daft_url": "https://www.daft.ie/sold/no-33-listoke-elms-ballymakenny-road-drogheda-louth/21E02192F0C0369A802589CE005AB86E", "not_full_market_price": 1}}, {"type": "Feature", "geometry": {"type": "Point", "coordinates": [-6.351277912879901, 53.73745600113927]}, "properties": {"ppr_id": "e0e226698111d6e6c6bb4c63e2ed274d301612f48921ed87c3bdc4aa034bc77e", "address": "42 BALLYMAKENNY AVENUE, BALLYMAKENNY PARK, DROGHEDA", "sale_date": "2025-06-13", "price": 290748.9, "property_type": null, "beds": null, "baths": null, "floor_area_m2": null, "ber": null, "asking_price": null, "eur_per_m2": null, "sale_vs_asking": null, "daft_url": "https://www.daft.ie/sold/42-ballymakenny-avenue-ballymakenny-park-drogheda-louth/2FF9DA4071A7105780258CD0005ABA4A", "not_full_market_price": 0}}, {"type": "Feature", "geometry": {"type": "Point", "coordinates": [-6.362298040747759, 53.723403236516525]}, "properties": {"ppr_id": "0b5dbcd4315ab4fda0378cc2e9167738db6dca8edededbe74158835e95a0e2dc", "address": "Site No.4 Seven Winds, North Road, Drogheda", "sale_date": "2025-06-13", "price": 427300.0, "property_type": "Townhouse", "beds": 7.0, "baths": 7.0, "floor_area_m2": 173.0, "ber": "D1", "asking_price": null, "eur_per_m2": 2469.942196531792, "sale_vs_asking": null, "daft_url": "https://www.daft.ie/sold/4-marsh-rd-drogheda-louth/0624C23DE86668E080257DD4004CFF54", "not_full_market_price": 0}}, {"type": "Feature", "geometry": {"type": "Point", "coordinates": [-6.350794340850238, 53.73835788182311]}, "properties": {"ppr_id": "9a5737efe6d34ac794f9e2a256a42c35e72bad6a68fb2aef45ab63841db7d3e5", "address": "1-23 odd Ballymakenny Mews, Ballymakenny Park, Drogheda", "sale_date": "2025-06-17", "price": 3392185.02, "property_type": null, "beds": null, "baths": null, "floor_area_m2": null, "ber": null, "asking_price": null, "eur_per_m2": null, "sale_vs_asking": null, "daft_url": "https://www.daft.ie/sold/1-23-odd-ballymakenny-mews-ballymakenny-park-drogheda-louth/E233E20C9DC8401680258CB4005AAEDE", "not_full_market_price": 1}}, {"type": "Feature", "geometry": {"type": "Point", "coordinates": [-6.3570053950299465, 53.71608224655436]}, "properties": {"ppr_id": "4b0231379f3b7e5cc788e1acec661aa8fc66d362ee824ba4e4667b78c5a6b64d", "address": "APT 2, 71 NARROW WEST ST, DROGHEDA", "sale_date": "2025-06-17", "price": 30000.0, "property_type": null, "beds": null, "baths": null, "floor_area_m2": null, "ber": null, "asking_price": null, "eur_per_m2": null, "sale_vs_asking": null, "daft_url": "https://www.daft.ie/sold/apt-2-71-narrow-west-st-drogheda-louth/55B653FB0555EA5F80258D1D005AB24A", "not_full_market_price": 0}}, {"type": "Feature", "geometry": {"type": "Point", "coordinates": [-6.34371409257675, 53.727366091426944]}, "properties": {"ppr_id": "ef2d80c36bfb18405565b5a7bb68ede7abeb87bf671412c62131e49f09595825", "address": "22 Listoke Pines, Ballymakenny Road, Drogheda", "sale_date": "2025-06-19", "price": 361645.0, "property_type": null, "beds": null, "baths": null, "floor_area_m2": null, "ber": null, "asking_price": null, "eur_per_m2": null, "sale_vs_asking": null, "daft_url": "https://www.daft.ie/sold/22-listoke-pines-ballymakenny-road-drogheda-louth/E7CD4E483653033D80258CD7005AB8A3", "not_full_market_price": 0}}, {"type": "Feature", "geometry": {"type": "Point", "coordinates": [-6.351318888900223, 53.737324671568274]}, "properties": {"ppr_id": "15f23aba57c029c8f0e0090f4b0deeb3fede6d753cf3511cab989f7bf01f038e", "address": "44 Ballymakenny Avenue, Ballymakenny Park, Drogheda", "sale_date": "2025-06-19", "price": 330396.48, "property_type": null, "beds": null, "baths": null, "floor_area_m2": null, "ber": null, "asking_price": null, "eur_per_m2": null, "sale_vs_asking": null, "daft_url": "https://www.daft.ie/sold/44-ballymakenny-avenue-ballymakenny-park-drogheda-louth/0599DD5A63BA0B3E80258CBB005AACB6", "not_full_market_price": 0}}, {"type": "Feature", "geometry": {"type": "Point", "coordinates": [-6.343558802017617, 53.727306908573055]}, "properties": {"ppr_id": "07075681e8ea3ab27b398067c6024daead7511cbb7f105cb74c38436848bd3be", "address": "52 Listoke Pines, Ballymakenny Road, Drogheda", "sale_date": "2025-06-19", "price": 401828.0, "property_type": null, "beds": null, "baths": null, "floor_area_m2": null, "ber": null, "asking_price": null, "eur_per_m2": null, "sale_vs_asking": null, "daft_url": "https://www.daft.ie/sold/52-listoke-pines-ballymakenny-road-drogheda-louth/BD13C730F411BF8980258CD0005AB8DE", "not_full_market_price": 0}}, {"type": "Feature", "geometry": {"type": "Point", "coordinates": [-6.343592146616204, 53.72726914427582]}, "properties": {"ppr_id": "bca67fc9571a50336e46020e74a128b851d613a776c1263f714c6ee8287a4d46", "address": "55 Listoke Pines, Ballymakenny Road, Drogheda", "sale_date": "2025-06-19", "price": 366110.0, "property_type": null, "beds": null, "baths": null, "floor_area_m2": null, "ber": null, "asking_price": null, "eur_per_m2": null, "sale_vs_asking": null, "daft_url": "https://www.daft.ie/sold/55-listoke-pines-ballymakenny-road-drogheda-louth/5B6AB4A8F8C76BC480258CD0005AB8CF", "not_full_market_price": 0}}, {"type": "Feature", "geometry": {"type": "Point", "coordinates": [-6.328275648874939, 53.72943111839389]}, "properties": {"ppr_id": "62de8aaea98d5879b856451a3472f404914575cead712e782c39ceab823e7bec", "address": "168 Beaulieu Village, Termonfeckin Road, Drogheda", "sale_date": "2025-06-20", "price": 325947.0, "property_type": null, "beds": null, "baths": null, "floor_area_m2": null, "ber": null, "asking_price": null, "eur_per_m2": null, "sale_vs_asking": null, "daft_url": "https://www.daft.ie/sold/168-beaulieu-village-termonfeckin-road-drogheda-louth/62D8BFC9C3C882AD80258CBB005AAB0B", "not_full_market_price": 0}}, {"type": "Feature", "geometry": {"type": "Point", "coordinates": [-6.343738862849986, 53.727376800705265]}, "properties": {"ppr_id": "c235cebf48867bce93059fbf375348654429d67b13ef387009336bcabd1be8c8", "address": "2 Ellwood, Ballymakenny Road, Drogheda", "sale_date": "2025-06-20", "price": 325022.31, "property_type": null, "beds": null, "baths": null, "floor_area_m2": null, "ber": null, "asking_price": null, "eur_per_m2": null, "sale_vs_asking": null, "daft_url": "https://www.daft.ie/sold/2-ellwood-ballymakenny-road-drogheda-louth/DD00A1BE53E4810580258CB4005AAF38", "not_full_market_price": 1}}, {"type": "Feature", "geometry": {"type": "Point", "coordinates": [-6.343668362841545, 53.72728323543151]}, "properties": {"ppr_id": "190e786c1d3fa2f126ebfa558f455562ae5fe434d26a16b1f3903f0a51440798", "address": "22 Ellwood, Ballymakenny Road, Drogheda", "sale_date": "2025-06-20", "price": 329427.6, "property_type": null, "beds": null, "baths": null, "floor_area_m2": null, "ber": null, "asking_price": null, "eur_per_m2": null, "sale_vs_asking": null, "daft_url": "https://www.daft.ie/sold/22-ellwood-ballymakenny-road-drogheda-louth/B9EBB7693DAB3F8380258CB4005AAF3E", "not_full_market_price": 1}}, {"type": "Feature", "geometry": {"type": "Point", "coordinates": [-6.358820858202532, 53.72115359077593]}, "properties": {"ppr_id": "bd5e52b72e0eccebe0f01b727f4623fbe220b95c5bebc035b4764ccf88523562", "address": "3 NORTH ROAD, DROGHEDA, CO LOUTH", "sale_date": "2025-06-20", "price": 200000.0, "property_type": null, "beds": null, "baths": null, "floor_area_m2": null, "ber": null, "asking_price": null, "eur_per_m2": null, "sale_vs_asking": null, "daft_url": "https://www.daft.ie/sold/3-seven-winds-north-road-drogheda-louth/1E0DCDCEECB5A82680258CC2005AAEF3", "not_full_market_price": 0}}, {"type": "Feature", "geometry": {"type": "Point", "coordinates": [-6.343672173652813, 53.72734298193161]}, "properties": {"ppr_id": "8e531c65e7c09b2535b699fc85c4d67e0c538efe3b87f638ccbcfc2d240db4f9", "address": "7 Ellwood, Ballymakenny Road, Drogheda", "sale_date": "2025-06-20", "price": 325022.31, "property_type": null, "beds": null, "baths": null, "floor_area_m2": null, "ber": null, "asking_price": null, "eur_per_m2": null, "sale_vs_asking": null, "daft_url": "https://www.daft.ie/sold/7-ellwood-ballymakenny-road-drogheda-louth/1DB433DBEC87CB1180258CB4005AAF3B", "not_full_market_price": 1}}, {"type": "Feature", "geometry": {"type": "Point", "coordinates": [-6.32108086246606, 53.70593363608251]}, "properties": {"ppr_id": "47c458e1c23f5e8cf338b36e23ad2fd7d981ae2e7ab4d43c093a21141112984d", "address": "24 BEECHMOUNT AVE, STAMEEN, DROGHEDA", "sale_date": "2025-06-23", "price": 427000.0, "property_type": "Bungalow", "beds": 3.0, "baths": 2.0, "floor_area_m2": 112.0, "ber": "D1", "asking_price": 420000.0, "eur_per_m2": 3812.5, "sale_vs_asking": 0.016666666666666607, "daft_url": "https://www.daft.ie/sold/24-beechmount-ave-stameen-drogheda-louth/47D5BF72331F335F80258CBB005AAE0B", "not_full_market_price": 0}}, {"type": "Feature", "geometry": {"type": "Point", "coordinates": [-6.343578808776769, 53.727323817959885]}, "properties": {"ppr_id": "337f8eef4f1ac96f60e1e5130620904eb9c85f2d005c0aac85afa9f2b367fec3", "address": "56 Listoke Pines, Ballymakenny Road, Drogheda", "sale_date": "2025-06-23", "price": 361645.0, "property_type": null, "beds": null, "baths": null, "floor_area_m2": null, "ber": null, "asking_price": null, "eur_per_m2": null, "sale_vs_asking": null, "daft_url": "https://www.daft.ie/sold/56-listoke-pines-ballymakenny-road-drogheda-louth/91F7A3D2C44AD2AD80258CD7005AB8D8", "not_full_market_price": 0}}, {"type": "Feature", "geometry": {"type": "Point", "coordinates": [-6.338640668741966, 53.717549873738314]}, "properties": {"ppr_id": "45879b4a059e5305fb03ac352ae7705372a07facf40093e4ae8ac4e872463115", "address": "25 NORTH STRAND, DROGHEDA, CO. LOUTH", "sale_date": "2025-06-24", "price": 13000.0, "property_type": null, "beds": null, "baths": null, "floor_area_m2": null, "ber": null, "asking_price": null, "eur_per_m2": null, "sale_vs_asking": null, "daft_url": "https://www.daft.ie/sold/25-north-strand-drogheda/E65E41E87EB9621980258D40006027B1", "not_full_market_price": 1}}, {"type": "Feature", "geometry": {"type": "Point", "coordinates": [-6.338800685352085, 53.717424744275824]}, "properties": {"ppr_id": "5a7119ce59dd5a7fa82ed85905ab1443341feade79fcfda636c0a1491ac8f526", "address": "SAINT LOUISE, 26 NORTH STRAND, DROGHEDA", "sale_date": "2025-06-24", "price": 16000.0, "property_type": null, "beds": null, "baths": null, "floor_area_m2": null, "ber": null, "asking_price": null, "eur_per_m2": null, "sale_vs_asking": null, "daft_url": "https://www.daft.ie/sold/saint-louise-26-north-strand-drogheda-louth/5C39794D83E871AB80258D40006027B4", "not_full_market_price": 1}}, {"type": "Feature", "geometry": {"type": "Point", "coordinates": [-6.344889258283699, 53.70682966413449]}, "properties": {"ppr_id": "adf002c52d6de70e6ff21542e5384da00df61fdf31c1d4ea99332351192490a1", "address": "155 MEADOW VIEW, DROGHEDA, LOUTH", "sale_date": "2025-06-25", "price": 350000.0, "property_type": "Semi-D", "beds": 4.0, "baths": 1.0, "floor_area_m2": 104.0, "ber": "C3", "asking_price": 325000.0, "eur_per_m2": 3365.3846153846152, "sale_vs_asking": 0.07692307692307687, "daft_url": "https://www.daft.ie/sold/155-meadow-view-drogheda-louth/4A725C3C730E0C4380258CBB005AAE0D", "not_full_market_price": 0}}, {"type": "Feature", "geometry": {"type": "Point", "coordinates": [-6.343696943926049, 53.727275344384324]}, "properties": {"ppr_id": "94dc4251b10d032fb09559888ddc89db6e2690b0374429a36aeda25877448ffa", "address": "13 Listoke Wood, Ballymakenny Road, Drogheda", "sale_date": "2025-06-26", "price": 397363.0, "property_type": null, "beds": null, "baths": null, "floor_area_m2": null, "ber": null, "asking_price": null, "eur_per_m2": null, "sale_vs_asking": null, "daft_url": "https://www.daft.ie/sold/13-listoke-wood-ballymakenny-road-drogheda-louth/7622CEC1A136FACE80258CD7005AB8D5", "not_full_market_price": 0}}, {"type": "Feature", "geometry": {"type": "Point", "coordinates": [-6.340312407041425, 53.72566619994575]}, "properties": {"ppr_id": "1aa27bf4a2835312a1623bec843cba27f6498ad6e7ec63cbf82f33c2d41e553a", "address": "3 BALLYPARK, DROGHEDA, CO LOUTH", "sale_date": "2025-06-26", "price": 289500.0, "property_type": "Semi-D", "beds": 3.0, "baths": 1.0, "floor_area_m2": 93.0, "ber": "C2", "asking_price": 275000.0, "eur_per_m2": 3112.9032258064517, "sale_vs_asking": 0.052727272727272734, "daft_url": "https://www.daft.ie/sold/3-ballypark-drogheda/9ED91026980FED0680258CC9005AB78D", "not_full_market_price": 0}}, {"type": "Feature", "geometry": {"type": "Point", "coordinates": [-6.362473321633041, 53.72333559896923]}, "properties": {"ppr_id": "74a0f384b7a261c0bc8b6c10331d5d9c1f7c3a775dc1a1e8a05f1d1f6e62eaf8", "address": "16 Seven Winds, North Road, Drogheda", "sale_date": "2025-06-27", "price": 400881.06, "property_type": null, "beds": null, "baths": null, "floor_area_m2": null, "ber": null, "asking_price": null, "eur_per_m2": null, "sale_vs_asking": null, "daft_url": "https://www.daft.ie/sold/16-seven-winds-north-road-drogheda-louth/EF043D18E4423FE080258CC2005AADE9", "not_full_market_price": 0}}, {"type": "Feature", "geometry": {"type": "Point", "coordinates": [-6.328435964902022, 53.729561946228856]}, "properties": {"ppr_id": "e5274a4592224c98591a043054bb7cb3656b87d1384b14dbebaba36b37540c79", "address": "167 BEAULIEU VILLAGE, TERMONFECKIN ROAD, DROGHEDA", "sale_date": "2025-06-27", "price": 277500.0, "property_type": null, "beds": null, "baths": null, "floor_area_m2": null, "ber": null, "asking_price": null, "eur_per_m2": null, "sale_vs_asking": null, "daft_url": "https://www.daft.ie/sold/167-beaulieu-village-termonfeckin-road-drogheda-louth/467050D49AE2425780258CC2005AAB43", "not_full_market_price": 0}}, {"type": "Feature", "geometry": {"type": "Point", "coordinates": [-6.325581928093372, 53.72942236435149]}, "properties": {"ppr_id": "6d26ca2a45dc70fe32909585c98cce46f6392da60b926f44fc1960548cec6338", "address": "35 BEAULIEU VILLAGE, TERMONFECKIN ROAD, DROGHEDA", "sale_date": "2025-06-27", "price": 397000.0, "property_type": "Semi-D", "beds": 3.0, "baths": 3.0, "floor_area_m2": 111.0, "ber": "A2", "asking_price": 375000.0, "eur_per_m2": 3576.5765765765764, "sale_vs_asking": 0.058666666666666645, "daft_url": "https://www.daft.ie/sold/35-beaulieu-village-termonfeckin-road-drogheda-louth/586A308B5F796C5280258CC2005AAADF", "not_full_market_price": 0}}, {"type": "Feature", "geometry": {"type": "Point", "coordinates": [-6.343625491214791, 53.72737905529017]}, "properties": {"ppr_id": "2d06853e91bfa2c131ed4934c1ec9511714a2f6b6ff37fddfc6d13e32681a5e0", "address": "53 Listoke Pines, Ballymakenny Road, Drogheda", "sale_date": "2025-06-27", "price": 348251.0, "property_type": null, "beds": null, "baths": null, "floor_area_m2": null, "ber": null, "asking_price": null, "eur_per_m2": null, "sale_vs_asking": null, "daft_url": "https://www.daft.ie/sold/53-listoke-pines-ballymakenny-road-drogheda-louth/21DD7B7E3CED50ED80258CD7005AB8CD", "not_full_market_price": 0}}, {"type": "Feature", "geometry": {"type": "Point", "coordinates": [-6.334787791183465, 53.72446401730887]}, "properties": {"ppr_id": "d710996a598133ab74b28a92bcddaa1d433813753726eb0f5332791186d6daf3", "address": "80 COLLEGE RISE, DROGHEDA, CO LOUTH", "sale_date": "2025-06-27", "price": 257000.0, "property_type": "Semi-D", "beds": 3.0, "baths": 1.0, "floor_area_m2": null, "ber": "G", "asking_price": 249000.0, "eur_per_m2": null, "sale_vs_asking": 0.032128514056224855, "daft_url": "https://www.daft.ie/sold/80-college-rise-drogheda/264A425F993C573780258CC9005AB7B9", "not_full_market_price": 0}}, {"type": "Feature", "geometry": {"type": "Point", "coordinates": [-6.346699306836726, 53.73319452756371]}, "properties": {"ppr_id": "d499fe4dc8705e71ab993f63110efd1afc6bdcccefb9e1233c18076d01d49569", "address": "86 CASTLEMANOR, BALLYMAKENNY RD, DROGHEDA", "sale_date": "2025-06-27", "price": 215000.0, "property_type": null, "beds": null, "baths": null, "floor_area_m2": null, "ber": null, "asking_price": null, "eur_per_m2": null, "sale_vs_asking": null, "daft_url": "https://www.daft.ie/sold/86-castlemanor-ballymakenny-rd-drogheda-louth/C7F1B2BF1519348E80258CC2005AAF5E", "not_full_market_price": 0}}, {"type": "Feature", "geometry": {"type": "Point", "coordinates": [-6.395314981942519, 53.72639540059676]}, "properties": {"ppr_id": "b308f1a20764aaee8b8bc6c47a7e337f844a65b212b6a7af9fee0b2d36692fdd", "address": "195 Gort Mell, Old Slane Road, Drogheda", "sale_date": "2025-06-30", "price": 422907.48, "property_type": null, "beds": null, "baths": null, "floor_area_m2": null, "ber": null, "asking_price": null, "eur_per_m2": null, "sale_vs_asking": null, "daft_url": "https://www.daft.ie/sold/195-gort-mell-old-slane-road-drogheda-louth/BC9069D38033310980258CC2005AAF0D", "not_full_market_price": 0}}, {"type": "Feature", "geometry": {"type": "Point", "coordinates": [-6.393649855149614, 53.72434326435149]}, "properties": {"ppr_id": "839f8f97cf6c39de4b65e8cbf28210aa63b1bf0ab40baf429b6e20de044da52b", "address": "197 Gort Mell, Old Slane Road, Drogheda", "sale_date": "2025-07-01", "price": 345814.97, "property_type": null, "beds": null, "baths": null, "floor_area_m2": null, "ber": null, "asking_price": null, "eur_per_m2": null, "sale_vs_asking": null, "daft_url": "https://www.daft.ie/sold/197-gort-mell-old-slane-road-drogheda-louth/CE0DE26C9DC4727580258CC2005AAE2A", "not_full_market_price": 0}}, {"type": "Feature", "geometry": {"type": "Point", "coordinates": [-6.343699802034499, 53.727339036408026]}, "properties": {"ppr_id": "332baf2a9eae094e999bdec7d1b2d189032ac5ef773682861e67d6052fa90c81", "address": "25 Listoke Pines, Ballymakenny Road, Drogheda", "sale_date": "2025-07-01", "price": 327709.24, "property_type": null, "beds": null, "baths": null, "floor_area_m2": null, "ber": null, "asking_price": null, "eur_per_m2": null, "sale_vs_asking": null, "daft_url": "https://www.daft.ie/sold/25-listoke-pines-ballymakenny-road-drogheda-louth/F23EA42B9054DBDC80258CC2005AAC95", "not_full_market_price": 1}}, {"type": "Feature", "geometry": {"type": "Point", "coordinates": [-6.343755058797871, 53.72731423597401]}, "properties": {"ppr_id": "791b7039b3c16c7315fc387a95b6275bf17424b389d084c9444fbf0600ec0f26", "address": "54 Listoke Pines, Ballymakenny Road, Drogheda", "sale_date": "2025-07-01", "price": 327709.24, "property_type": null, "beds": null, "baths": null, "floor_area_m2": null, "ber": null, "asking_price": null, "eur_per_m2": null, "sale_vs_asking": null, "daft_url": "https://www.daft.ie/sold/54-listoke-pines-ballymakenny-road-drogheda-louth/9DB75B7D2F6F6CEF80258CC2005AAC97", "not_full_market_price": 1}}, {"type": "Feature", "geometry": {"type": "Point", "coordinates": [-6.3435578493148, 53.72729563564851]}, "properties": {"ppr_id": "0300a61f9cd5607b5baa28e2a70b51e6a7f3422af662e4fda15108e4b1b934e3", "address": "58 Listoke Pines, Ballymakenny Road, Drogheda", "sale_date": "2025-07-01", "price": 365701.32, "property_type": null, "beds": null, "baths": null, "floor_area_m2": null, "ber": null, "asking_price": null, "eur_per_m2": null, "sale_vs_asking": null, "daft_url": "https://www.daft.ie/sold/58-listoke-pines-ballymakenny-road-drogheda-louth/5EB94C2E872E8B9180258CC2005AAC96", "not_full_market_price": 1}}, {"type": "Feature", "geometry": {"type": "Point", "coordinates": [-6.34705022891421, 53.724139980629595]}, "properties": {"ppr_id": "8914cb78eb28646a81f4746cfc5dc9604e90c84b070e2c94d8003d58de51818d", "address": "6 SHAMROCK VILLAS, BALLYMAKENNY ROAD, DROGHEDA", "sale_date": "2025-07-01", "price": 390000.0, "property_type": "Detached", "beds": 3.0, "baths": 2.0, "floor_area_m2": 128.0, "ber": "D1", "asking_price": 390000.0, "eur_per_m2": 3046.875, "sale_vs_asking": 0.0, "daft_url": "https://www.daft.ie/sold/6-shamrock-villas-ballymakenny-road-drogheda-louth/F22391EC03595B1780258CC2005AAD21", "not_full_market_price": 0}}, {"type": "Feature", "geometry": {"type": "Point", "coordinates": [-6.369515448945284, 53.71928319077593]}, "properties": {"ppr_id": "ba93b9563112680a72efb2c400c1ec10b889774065ae34059120fda9aee40a76", "address": "17 LOUGHBOY, MELL, DROGHEDA", "sale_date": "2025-07-02", "price": 300000.0, "property_type": "Detached", "beds": 3.0, "baths": 1.0, "floor_area_m2": 80.0, "ber": "F", "asking_price": null, "eur_per_m2": 3750.0, "sale_vs_asking": null, "daft_url": "https://www.daft.ie/sold/17-loughboy-mell-drogheda-louth/FBD35E8AB4A77F7D80258CD0005AB8E5", "not_full_market_price": 0}}, {"type": "Feature", "geometry": {"type": "Point", "coordinates": [-6.393656523588135, 53.72428859066743]}, "properties": {"ppr_id": "48731255a8d296ebe3068634abbb9daa7efb8e552473c50e61abf461b5f26c54", "address": "186 Gort Mell, Old Slane Road, Drogheda", "sale_date": "2025-07-02", "price": 345814.0, "property_type": null, "beds": null, "baths": null, "floor_area_m2": null, "ber": null, "asking_price": null, "eur_per_m2": null, "sale_vs_asking": null, "daft_url": "https://www.daft.ie/sold/186-gort-mell-old-slane-road-drogheda-louth/6B26A911450A1CAB80258CC2005AAF3E", "not_full_market_price": 0}}, {"type": "Feature", "geometry": {"type": "Point", "coordinates": [-6.369910890699335, 53.729152636299524]}, "properties": {"ppr_id": "4a83ace90d8f33508df7b81969536fb15904f28857efe4426902aba01962798b", "address": "19 SEVEN WINDS, DROGHEDA", "sale_date": "2025-07-03", "price": 299515.0, "property_type": null, "beds": null, "baths": null, "floor_area_m2": null, "ber": null, "asking_price": null, "eur_per_m2": null, "sale_vs_asking": null, "daft_url": "https://www.daft.ie/sold/19-seven-winds-drogheda-louth/34969F21D83318C980258CE5005ABA30", "not_full_market_price": 0}}, {"type": "Feature", "geometry": {"type": "Point", "coordinates": [-6.394276369774386, 53.72700330103077]}, "properties": {"ppr_id": "d7f8afd9980bcbe1667abf8d656e6e2883bbc134cbf720be9e21bd3ca6fc15cc", "address": "192 GORT MELL, OLD SLANE ROAD, DROGHEDA", "sale_date": "2025-07-03", "price": 392070.0, "property_type": null, "beds": null, "baths": null, "floor_area_m2": null, "ber": null, "asking_price": null, "eur_per_m2": null, "sale_vs_asking": null, "daft_url": "https://www.daft.ie/sold/192-gort-mell-old-slane-road-drogheda-louth/969E1893600C69A380258CC9005AB75C", "not_full_market_price": 0}}, {"type": "Feature", "geometry": {"type": "Point", "coordinates": [-6.362271367569564, 53.723336726261685]}, "properties": {"ppr_id": "e221b72298363085f30495a43431766b54e41d03386924f2d1b5e764c23d2e2b", "address": "23 Seven Winds, North Road, Drogheda", "sale_date": "2025-07-03", "price": 299515.42, "property_type": null, "beds": null, "baths": null, "floor_area_m2": null, "ber": null, "asking_price": null, "eur_per_m2": null, "sale_vs_asking": null, "daft_url": "https://www.daft.ie/sold/23-seven-winds-north-road-drogheda-louth/143E9B13C97BEFF180258CD0005ABA2F", "not_full_market_price": 0}}, {"type": "Feature", "geometry": {"type": "Point", "coordinates": [-6.34942348748206, 53.71704046315797]}, "properties": {"ppr_id": "5bbdef8e41fa363aab5e9ea42cddf743138d0451b4d1527f6c6c1e4d1ee127f1", "address": "9 ST PETER'S PLACE, DROGHEDA, CO LOUTH", "sale_date": "2025-07-04", "price": 192000.0, "property_type": "Terrace", "beds": 2.0, "baths": 1.0, "floor_area_m2": 101.0, "ber": "Exempt", "asking_price": null, "eur_per_m2": 1900.990099009901, "sale_vs_asking": null, "daft_url": "https://www.daft.ie/sold/9-st-peters-place-drogheda/6C980ED65A95956A80258CDE005ABB44", "not_full_market_price": 0}}, {"type": "Feature", "geometry": {"type": "Point", "coordinates": [-6.355110959938345, 53.71792957341281]}, "properties": {"ppr_id": "619a6a2d5ef777ad59054948c42de063a5adb485afc0593c165285a8d4fdb0fb", "address": "1 PATRICK ST, DROGHEDA, LOUTH", "sale_date": "2025-07-07", "price": 265000.0, "property_type": "End of Terrace", "beds": 3.0, "baths": 1.0, "floor_area_m2": null, "ber": "G", "asking_price": null, "eur_per_m2": null, "sale_vs_asking": null, "daft_url": "https://www.daft.ie/sold/1-patrick-st-drogheda-louth/16DD6F04675C4D9380258CD7005AB8C2", "not_full_market_price": 0}}, {"type": "Feature", "geometry": {"type": "Point", "coordinates": [-6.393791797626704, 53.72430437276179]}, "properties": {"ppr_id": "83aaf45a21fe4213f6f2c60cfe934d9590afe5a9a8afc2bd4171ce03c4304f7c", "address": "193 Gort Mell, Old Slane Road, Drogheda", "sale_date": "2025-07-07", "price": 345814.97, "property_type": null, "beds": null, "baths": null, "floor_area_m2": null, "ber": null, "asking_price": null, "eur_per_m2": null, "sale_vs_asking": null, "daft_url": "https://www.daft.ie/sold/193-gort-mell-old-slane-road-drogheda-louth/45A3F20DD3B3B36A80258CC9005AB990", "not_full_market_price": 0}}, {"type": "Feature", "geometry": {"type": "Point", "coordinates": [-6.343691227709148, 53.727343545577845]}, "properties": {"ppr_id": "2ee2112ff57fc80e1939d784ecac48c835a17eec573376b365b6043f5d690d0c", "address": "23 Listoke Pines, Ballymakenny Road, Drogheda", "sale_date": "2025-07-07", "price": 366110.0, "property_type": null, "beds": null, "baths": null, "floor_area_m2": null, "ber": null, "asking_price": null, "eur_per_m2": null, "sale_vs_asking": null, "daft_url": "https://www.daft.ie/sold/23-listoke-pines-ballymakenny-road-drogheda-louth/6594A54B8ED4368080258CD7005AB8A0", "not_full_market_price": 0}}, {"type": "Feature", "geometry": {"type": "Point", "coordinates": [-6.394288754795507, 53.726926645143834]}, "properties": {"ppr_id": "0b26891383f3d25cfc5aee6c5fe4e26cd38279793afa58bada9aa0e276dd2c4d", "address": "185 Gort Mell, Old Slane Road, Drogheda", "sale_date": "2025-07-08", "price": 345814.98, "property_type": null, "beds": null, "baths": null, "floor_area_m2": null, "ber": null, "asking_price": null, "eur_per_m2": null, "sale_vs_asking": null, "daft_url": "https://www.daft.ie/sold/185-gort-mell-old-slane-road-drogheda-louth/898A77E7A95BE15B80258CC9005ABAA9", "not_full_market_price": 0}}, {"type": "Feature", "geometry": {"type": "Point", "coordinates": [-6.325403135899522, 53.72924792756371]}, "properties": {"ppr_id": "059ee6ba74f79744b6264363d434f3da1048ba86ddbac7aae8882f5b1f38e972", "address": "33 BEAULIEU VILLAGE, TERMONFECKIN ROAD, DROGHEDA", "sale_date": "2025-07-08", "price": 415000.0, "property_type": "Semi-D", "beds": 3.0, "baths": 3.0, "floor_area_m2": 111.0, "ber": "A2", "asking_price": 385000.0, "eur_per_m2": 3738.738738738739, "sale_vs_asking": 0.07792207792207795, "daft_url": "https://www.daft.ie/sold/33-beaulieu-village-termonfeckin-road-drogheda-louth/2869ED6FF34DBBF080258CC9005AB960", "not_full_market_price": 0}}, {"type": "Feature", "geometry": {"type": "Point", "coordinates": [-6.354585130613835, 53.737337882040116]}, "properties": {"ppr_id": "b258e22a678a3aa19815e079e4282e9fde6535cff97aceb7577a8430072cf222", "address": "48 Ballymakenny Avenue, Ballymakenny Park, Drogheda", "sale_date": "2025-07-09", "price": 330396.47, "property_type": null, "beds": null, "baths": null, "floor_area_m2": null, "ber": null, "asking_price": null, "eur_per_m2": null, "sale_vs_asking": null, "daft_url": "https://www.daft.ie/sold/48-ballymakenny-avenue-ballymakenny-park-drogheda-louth/8F8EEAECA239847D80258CC9005ABA37", "not_full_market_price": 0}}, {"type": "Feature", "geometry": {"type": "Point", "coordinates": [-6.353738499748263, 53.737561908573056]}, "properties": {"ppr_id": "d7519b52328c3cf3e3342b293f8b1353c4111b3127db7d83f7c81c9ad82f8f0d", "address": "54 Ballymakenny Dene, Ballymakenny Park, Drogheda", "sale_date": "2025-07-09", "price": 325991.18, "property_type": null, "beds": null, "baths": null, "floor_area_m2": null, "ber": null, "asking_price": null, "eur_per_m2": null, "sale_vs_asking": null, "daft_url": "https://www.daft.ie/sold/54-ballymakenny-dene-ballymakenny-park-drogheda-louth/6F530A344F12860780258CC9005ABB12", "not_full_market_price": 0}}, {"type": "Feature", "geometry": {"type": "Point", "coordinates": [-6.353677511892054, 53.73755345387965]}, "properties": {"ppr_id": "1be99cc7f354fe1c9eecdc1cbd732c93a7e0023b9aa3f47877106a7b6f1d817f", "address": "60 Ballymakenny Dene, Ballymakenny Park, Drogheda", "sale_date": "2025-07-09", "price": 325991.18, "property_type": null, "beds": null, "baths": null, "floor_area_m2": null, "ber": null, "asking_price": null, "eur_per_m2": null, "sale_vs_asking": null, "daft_url": "https://www.daft.ie/sold/60-ballymakenny-dene-ballymakenny-park-drogheda-louth/0A8839817793118F80258CC9005ABAF7", "not_full_market_price": 0}}, {"type": "Feature", "geometry": {"type": "Point", "coordinates": [-6.420488909335769, 53.736491181280606]}, "properties": {"ppr_id": "22bb51193059638bf86421872453e96e554d2b8cfabbe4787a1695782c34d1df", "address": "7 BURTON HALL, TULLYALLEN, DROGHEDA", "sale_date": "2025-07-10", "price": 308700.0, "property_type": "Semi-D", "beds": 3.0, "baths": 2.0, "floor_area_m2": null, "ber": "C2", "asking_price": 260000.0, "eur_per_m2": null, "sale_vs_asking": 0.1873076923076924, "daft_url": "https://www.daft.ie/sold/7-mayfield-drogheda/60B4E76AD02C59A1802589C0005AB85D", "not_full_market_price": 0}}, {"type": "Feature", "geometry": {"type": "Point", "coordinates": [-6.346775533652598, 53.73314436304947]}, "properties": {"ppr_id": "259609fd44964a4eceadc493dea86d21d2edfce8cea054204eb69ad138f0a6f8", "address": "CARSTOWN, BALLYMAKENNY, DROGHEDA", "sale_date": "2025-07-10", "price": 190000.0, "property_type": null, "beds": null, "baths": null, "floor_area_m2": null, "ber": null, "asking_price": null, "eur_per_m2": null, "sale_vs_asking": null, "daft_url": "https://www.daft.ie/sold/carntown-ballymakenny-drogheda-louth/8B65486DC431536580258250004D0415", "not_full_market_price": 0}}, {"type": "Feature", "geometry": {"type": "Point", "coordinates": [-6.343149717237783, 53.721240828323225]}, "properties": {"ppr_id": "41ae98c8165508b46fd2f617fa165e000ee5fc006f23044108cc65ee10dd375a", "address": "1-20 Hartys Park, Crushrod Lane, Drogheda", "sale_date": "2025-07-11", "price": 7466264.14, "property_type": null, "beds": null, "baths": null, "floor_area_m2": null, "ber": null, "asking_price": null, "eur_per_m2": null, "sale_vs_asking": null, "daft_url": "https://www.daft.ie/sold/1-20-hartys-park-crushrod-lane-drogheda-louth/7B896DEBA180435E80258CD0005ABA1F", "not_full_market_price": 0}}, {"type": "Feature", "geometry": {"type": "Point", "coordinates": [-6.346699480301239, 53.71473618279963]}, "properties": {"ppr_id": "cd3e2055c4dbdd011e68f135422a0f93a94c22e346a9fd5fcb282d86a8593f04", "address": "16A KERMON HOUSE, THE MALL, DROGHEDA", "sale_date": "2025-07-11", "price": 147000.0, "property_type": "Apartment", "beds": 1.0, "baths": 1.0, "floor_area_m2": 65.0, "ber": "C3", "asking_price": 138500.0, "eur_per_m2": 2261.5384615384614, "sale_vs_asking": 0.06137184115523464, "daft_url": "https://www.daft.ie/sold/16a-kermon-house-the-mall-drogheda-louth/25C40837120203C980258CC9005ABB20", "not_full_market_price": 0}}, {"type": "Feature", "geometry": {"type": "Point", "coordinates": [-6.3536212887121115, 53.737632927997716]}, "properties": {"ppr_id": "5da70825ed3d965032e07f20220396888555402d2314c3a93ec637a30cb59deb", "address": "68 Ballymakenny Dene, Ballymakenny Park, Drogheda", "sale_date": "2025-07-11", "price": 281938.0, "property_type": null, "beds": null, "baths": null, "floor_area_m2": null, "ber": null, "asking_price": null, "eur_per_m2": null, "sale_vs_asking": null, "daft_url": "https://www.daft.ie/sold/68-ballymakenny-dene-ballymakenny-park-drogheda-louth/44ADA1F9756DF97B80258CD7005ABBF9", "not_full_market_price": 0}}, {"type": "Feature", "geometry": {"type": "Point", "coordinates": [-6.362284704158662, 53.72345396467699]}, "properties": {"ppr_id": "6a54f248b8ab4141def6a7a11f0bcbbc8d382a91fb0061b9da3d7430364991f4", "address": "8 Seven Winds, North Road, Drogheda", "sale_date": "2025-07-11", "price": 427312.78, "property_type": null, "beds": null, "baths": null, "floor_area_m2": null, "ber": null, "asking_price": null, "eur_per_m2": null, "sale_vs_asking": null, "daft_url": "https://www.daft.ie/sold/8-seven-winds-north-road-drogheda-louth/03535FA493BACA2680258CD0005ABA62", "not_full_market_price": 0}}, {"type": "Feature", "geometry": {"type": "Point", "coordinates": [-6.36240759130106, 53.723359272110784]}, "properties": {"ppr_id": "015e70c17d9a35b5bf0fc302abda966fa5e8a78403922b516967f71685e3cbdb", "address": "10 Seven Winds, North Road, Drogheda", "sale_date": "2025-07-14", "price": 436123.35, "property_type": null, "beds": null, "baths": null, "floor_area_m2": null, "ber": null, "asking_price": null, "eur_per_m2": null, "sale_vs_asking": null, "daft_url": "https://www.daft.ie/sold/10-seven-winds-north-road-drogheda-louth/F80BBED029938D6B80258CD7005AB96D", "not_full_market_price": 0}}, {"type": "Feature", "geometry": {"type": "Point", "coordinates": [-6.331950862683439, 53.727145191318435]}, "properties": {"ppr_id": "15a0c69c863f869219b09ec4de914081819be3762a8d5cc1c0089f95f9d12e34", "address": "84 CHERRYWOOD DR, TERMON ABBEY, DROGHEDA", "sale_date": "2025-07-14", "price": 300000.0, "property_type": "Semi-D", "beds": 3.0, "baths": 2.0, "floor_area_m2": null, "ber": "D1", "asking_price": 275000.0, "eur_per_m2": null, "sale_vs_asking": 0.09090909090909083, "daft_url": "https://www.daft.ie/sold/84-cherrywood-dr-termon-abbey-drogheda-louth/CC8E9821EAA51DAF80258CD0005AB7F8", "not_full_market_price": 0}}, {"type": "Feature", "geometry": {"type": "Point", "coordinates": [-6.343758769511355, 53.727227572110785]}, "properties": {"ppr_id": "feb47d0f7c2286d959b4039f4a5e947572ae49b092a4d68b780dfb2314413470", "address": "34 AVENUE THREE, YELLOWBATTER, DROGHEDA", "sale_date": "2025-07-15", "price": 284500.0, "property_type": "End of Terrace", "beds": 3.0, "baths": 1.0, "floor_area_m2": 89.0, "ber": "D1", "asking_price": 255000.0, "eur_per_m2": 3196.629213483146, "sale_vs_asking": 0.11568627450980395, "daft_url": "https://www.daft.ie/sold/34-avenue-three-yellowbatter-drogheda-louth/BCD6E781CC90058680258CD0005AB903", "not_full_market_price": 0}}, {"type": "Feature", "geometry": {"type": "Point", "coordinates": [-6.34720960423513, 53.71587989120994]}, "properties": {"ppr_id": "9b8614573f41ff78d90beaf47e404baa3e26b88ea81c617de23aae09340bd34d", "address": "7 ROSE HILL COTTAGES, CORD ROAD, DROGHEDA", "sale_date": "2025-07-16", "price": 270000.0, "property_type": "Terrace", "beds": 3.0, "baths": 2.0, "floor_area_m2": 116.0, "ber": "C2", "asking_price": 245000.0, "eur_per_m2": 2327.5862068965516, "sale_vs_asking": 0.1020408163265305, "daft_url": "https://www.daft.ie/sold/7-rose-hill-cottages-cord-road-drogheda-louth/E8C715E330ECEB3480258CD0005ABA6B", "not_full_market_price": 0}}, {"type": "Feature", "geometry": {"type": "Point", "coordinates": [-6.354287914224504, 53.713692763049465]}, "properties": {"ppr_id": "c007b41a16efee8fef1e1156763f23ebf64b13dc4403d5be887243338e6a2517", "address": "9 PRESTONS MILL, WELLINGTON QUAY, DROGHEDA", "sale_date": "2025-07-16", "price": 187000.0, "property_type": null, "beds": null, "baths": null, "floor_area_m2": null, "ber": null, "asking_price": null, "eur_per_m2": null, "sale_vs_asking": null, "daft_url": "https://www.daft.ie/sold/9-prestons-mill-wellington-quay-drogheda-louth/628554F5014223FA80258CD0005ABA00", "not_full_market_price": 0}}, {"type": "Feature", "geometry": {"type": "Point", "coordinates": [-6.36226946234255, 53.723447200922266]}, "properties": {"ppr_id": "32a8a58d585c09881645db85ed730ddd2f3601c0dfc6618bc072f69f59dbfdb3", "address": "20 Seven Winds, North Road, Drogheda", "sale_date": "2025-07-17", "price": 352378.0, "property_type": null, "beds": null, "baths": null, "floor_area_m2": null, "ber": null, "asking_price": null, "eur_per_m2": null, "sale_vs_asking": null, "daft_url": "https://www.daft.ie/sold/20-seven-winds-north-road-drogheda-louth/472C7709A41A0D7880258CD7005AB8AB", "not_full_market_price": 0}}, {"type": "Feature", "geometry": {"type": "Point", "coordinates": [-6.3547680930232255, 53.73737282810622]}, "properties": {"ppr_id": "60e0f300942d35f98fd54a83d67300cd39af714b2ec509e2a01256b83091dc7d", "address": "46 Ballymakenny Avenue, Ballymakenny Park, Drogheda", "sale_date": "2025-07-17", "price": 330396.48, "property_type": null, "beds": null, "baths": null, "floor_area_m2": null, "ber": null, "asking_price": null, "eur_per_m2": null, "sale_vs_asking": null, "daft_url": "https://www.daft.ie/sold/46-ballymakenny-avenue-ballymakenny-park-drogheda-louth/16D8EDDA07730F6680258CD0005ABC0B", "not_full_market_price": 0}}, {"type": "Feature", "geometry": {"type": "Point", "coordinates": [-6.366663045072274, 53.701271063483475]}, "properties": {"ppr_id": "b239f304fe7cf8a50cd308fe5b54b38de9baf0458cf571826e708e10aeb8e29f", "address": "50 KNOCKBRACK DOWNS, MATTHEWS LANE, DROGHEDA", "sale_date": "2025-07-17", "price": 312000.0, "property_type": "End of Terrace", "beds": 3.0, "baths": 1.0, "floor_area_m2": 86.0, "ber": "C2", "asking_price": 275000.0, "eur_per_m2": 3627.906976744186, "sale_vs_asking": 0.13454545454545452, "daft_url": "https://www.daft.ie/sold/50-knockbrack-downs-matthews-lane-drogheda-louth/44B2BD7CFD38867480258CD0005ABB01", "not_full_market_price": 0}}, {"type": "Feature", "geometry": {"type": "Point", "coordinates": [-6.384055587713919, 53.721728072110785]}, "properties": {"ppr_id": "676e2bbb826d8fe171934d2c00584495c3ac42c2bb71d260c9389e0b030a5fe3", "address": "8 OLDBRIDGE, SLANE RD, DROGHEDA", "sale_date": "2025-07-17", "price": 330000.0, "property_type": null, "beds": null, "baths": null, "floor_area_m2": null, "ber": null, "asking_price": null, "eur_per_m2": null, "sale_vs_asking": null, "daft_url": "https://www.daft.ie/sold/8-oldbridge-slane-rd-drogheda-louth/42FEB0A87B969C9180258CD7005AB88E", "not_full_market_price": 0}}, {"type": "Feature", "geometry": {"type": "Point", "coordinates": [-6.347047210872358, 53.71587513554001]}, "properties": {"ppr_id": "9246a98275c325be5cf04f58672ca04789853602dc47a463de03436343d0eb1b", "address": "4 CORD RD, DROGHEDA, LOUTH", "sale_date": "2025-07-18", "price": 275000.0, "property_type": "Terrace", "beds": 3.0, "baths": 2.0, "floor_area_m2": 116.0, "ber": "C2", "asking_price": 255000.0, "eur_per_m2": 2370.689655172414, "sale_vs_asking": 0.07843137254901955, "daft_url": "https://www.daft.ie/sold/4-rose-hill-cottages-cord-rd-drogheda-louth/2C97780B3EBA67BC80258C67005AB08B", "not_full_market_price": 0}}, {"type": "Feature", "geometry": {"type": "Point", "coordinates": [-6.349047203722806, 53.718386427997714]}, "properties": {"ppr_id": "3c4e1da4e1ce9c23ff24ea3110b37b0cbaf377b58b60bab3a22fc6836da8a519", "address": "9 UPPER MAGDALENE ST, DROGHEDA, LOUTH", "sale_date": "2025-07-21", "price": 218000.0, "property_type": "Townhouse", "beds": 2.0, "baths": 1.0, "floor_area_m2": 53.0, "ber": "E2", "asking_price": 185000.0, "eur_per_m2": 4113.207547169812, "sale_vs_asking": 0.17837837837837833, "daft_url": "https://www.daft.ie/sold/9-upper-magdalene-st-drogheda-louth/9B6EB97EE881316E80258CF8003E2D6D", "not_full_market_price": 0}}, {"type": "Feature", "geometry": {"type": "Point", "coordinates": [-6.362453316749394, 53.72333447167677]}, "properties": {"ppr_id": "437ffe65a2204892c4001e6ff37df82c393d50ab8ad8054ced374c9741b7786a", "address": "21 Seven Winds, North Road, Drogheda", "sale_date": "2025-07-22", "price": 356828.19, "property_type": null, "beds": null, "baths": null, "floor_area_m2": null, "ber": null, "asking_price": null, "eur_per_m2": null, "sale_vs_asking": null, "daft_url": "https://www.daft.ie/sold/21-seven-winds-north-road-drogheda-louth/AA832DCB8C73C2ED80258D01005AA991", "not_full_market_price": 0}}, {"type": "Feature", "geometry": {"type": "Point", "coordinates": [-6.362340908355573, 53.72345058279963]}, "properties": {"ppr_id": "b0e33fb3db7e76aa5ed18a8bc73d32d282e2f929c532e6df59f919f955cd56f7", "address": "24 Seven Winds, North Road, Drogheda", "sale_date": "2025-07-22", "price": 356828.19, "property_type": null, "beds": null, "baths": null, "floor_area_m2": null, "ber": null, "asking_price": null, "eur_per_m2": null, "sale_vs_asking": null, "daft_url": "https://www.daft.ie/sold/24-seven-winds-north-road-drogheda-louth/5987DCC8AA4B2D6780258D01005AA990", "not_full_market_price": 0}}, {"type": "Feature", "geometry": {"type": "Point", "coordinates": [-6.384079402127839, 53.721759636299524]}, "properties": {"ppr_id": "4315f7d392b7a36ae9d269a34d9363c0d5167afd73f41903d08df268a0501ded", "address": "35 BOYNE HALL, SLANE RD, DROGHEDA", "sale_date": "2025-07-23", "price": 375000.0, "property_type": "Semi-D", "beds": 4.0, "baths": 3.0, "floor_area_m2": 115.0, "ber": "C2", "asking_price": 375000.0, "eur_per_m2": 3260.8695652173915, "sale_vs_asking": 0.0, "daft_url": "https://www.daft.ie/sold/35-boyne-hall-slane-rd-drogheda-louth/A90C5F3AB8CD216E80258CDE005AB7EE", "not_full_market_price": 0}}, {"type": "Feature", "geometry": {"type": "Point", "coordinates": [-6.362373297214809, 53.72340549110143]}, "properties": {"ppr_id": "584e5b82c9012dfeff292fb4b27800fe40ec7c3e6d1421d4916c19ff9ca797bb", "address": "9 Seven Winds, North Road, Drogheda", "sale_date": "2025-07-23", "price": 427312.78, "property_type": null, "beds": null, "baths": null, "floor_area_m2": null, "ber": null, "asking_price": null, "eur_per_m2": null, "sale_vs_asking": null, "daft_url": "https://www.daft.ie/sold/9-seven-winds-north-road-drogheda-louth/936AB64CBAD6255580258CD7005AB9F5", "not_full_market_price": 0}}, {"type": "Feature", "geometry": {"type": "Point", "coordinates": [-6.335754792423705, 53.723730499728745]}, "properties": {"ppr_id": "0a3a905cf9b6dd6b9e32d9171797f1f7647af9ae6dda71765fceec37c532dadc", "address": "4 COLLEGE RISE, ARDEE, LOUTH", "sale_date": "2025-07-24", "price": 257000.0, "property_type": null, "beds": null, "baths": null, "floor_area_m2": null, "ber": null, "asking_price": null, "eur_per_m2": null, "sale_vs_asking": null, "daft_url": null, "not_full_market_price": 0}}, {"type": "Feature", "geometry": {"type": "Point", "coordinates": [-6.327676262896452, 53.70413844427582]}, "properties": {"ppr_id": "dd360fb8139d42a2c2459ecc8e002ddfb6bc5fcccef24502177dc5449a607617", "address": "9 THE VIEW, FIVE OAKS, DROGHEDA", "sale_date": "2025-07-24", "price": 530000.0, "property_type": "Detached", "beds": 4.0, "baths": 3.0, "floor_area_m2": null, "ber": "B3", "asking_price": null, "eur_per_m2": null, "sale_vs_asking": null, "daft_url": "https://www.daft.ie/sold/9-the-view-five-oaks-drogheda-louth/6091861518FD090680258CDE005AB6FC", "not_full_market_price": 0}}, {"type": "Feature", "geometry": {"type": "Point", "coordinates": [-6.3508313503641824, 53.71553419186095]}, "properties": {"ppr_id": "edbe113a06368497af026d9ab6630a68297ac6ed3ac73ef07824866c9fb52693", "address": "APT 4, 30 PETER STREET, DROGHEDA", "sale_date": "2025-07-24", "price": 95000.0, "property_type": "Apartment", "beds": 1.0, "baths": 1.0, "floor_area_m2": null, "ber": "D1", "asking_price": 110000.0, "eur_per_m2": null, "sale_vs_asking": -0.13636363636363635, "daft_url": "https://www.daft.ie/sold/apt-4-30-peter-street-drogheda-louth/23510AE59E2B43F980258CE5005AB98B", "not_full_market_price": 0}}, {"type": "Feature", "geometry": {"type": "Point", "coordinates": [-6.356151435199259, 53.70840241795989]}, "properties": {"ppr_id": "9dfe1aa735e33577613158fabcc49fa2b8afe0d62c71101eed29fe0389a39817", "address": "206 MARIAN PARK, DROGHEDA, LOUTH", "sale_date": "2025-07-25", "price": 321000.0, "property_type": "End of Terrace", "beds": 3.0, "baths": 2.0, "floor_area_m2": null, "ber": "C3", "asking_price": null, "eur_per_m2": null, "sale_vs_asking": null, "daft_url": "https://www.daft.ie/sold/206-marian-park-drogheda-louth/B78384C5BD37560B80258CD7005ABBCC", "not_full_market_price": 0}}, {"type": "Feature", "geometry": {"type": "Point", "coordinates": [-6.352424923784014, 53.71531897167677]}, "properties": {"ppr_id": "edaeef9a3ab3f77cdc514d535e9a885a3daacffe0be1bbfcb7dc405746058941", "address": "28 CHURCH ST, DROGHEDA, LOUTH", "sale_date": "2025-07-25", "price": 268000.0, "property_type": "Terrace", "beds": 3.0, "baths": 1.0, "floor_area_m2": null, "ber": "D2", "asking_price": null, "eur_per_m2": null, "sale_vs_asking": null, "daft_url": "https://www.daft.ie/sold/28-church-st-drogheda-louth/5A18F5FF106457B580258CDE005AB720", "not_full_market_price": 0}}, {"type": "Feature", "geometry": {"type": "Point", "coordinates": [-6.347396976204788, 53.717331882799634]}, "properties": {"ppr_id": "85f8e7d5ef0f5b01ff5fa2396a81a09f7c38eaa265c35fa98ecc920ec85d6b98", "address": "THE MEWS, 3 FRANCIS ST, DROGHEDA", "sale_date": "2025-07-25", "price": 177000.0, "property_type": "Terrace", "beds": 2.0, "baths": 1.0, "floor_area_m2": 49.1, "ber": "BER_PENDING", "asking_price": 150000.0, "eur_per_m2": 3604.8879837067207, "sale_vs_asking": 0.17999999999999994, "daft_url": "https://www.daft.ie/sold/the-mews-3-francis-st-drogheda-louth/9C0C1E00C7E646A780258CDE005AB8AA", "not_full_market_price": 0}}, {"type": "Feature", "geometry": {"type": "Point", "coordinates": [-6.343653972385204, 53.72729295507317]}, "properties": {"ppr_id": "c2e845b289b6a17e1555e37f27511786dd8096119624f622b5cb6d1fb9d4bf17", "address": "105 ASCAL A HAON, YELLOWBATTER, DROGHEDA", "sale_date": "2025-07-28", "price": 256000.0, "property_type": "Terrace", "beds": 4.0, "baths": 1.0, "floor_area_m2": 94.0, "ber": "E2", "asking_price": 215000.0, "eur_per_m2": 2723.404255319149, "sale_vs_asking": 0.19069767441860463, "daft_url": "https://www.daft.ie/sold/105-ascal-a-haon-yellowbatter-drogheda-louth/1C0458D9A48FCABD80258CDE005AB70D", "not_full_market_price": 0}}, {"type": "Feature", "geometry": {"type": "Point", "coordinates": [-6.362064578733441, 53.71495827384681]}, "properties": {"ppr_id": "30ed27e9dda5b08385d058acb9496748fdd8daccd0cff0b8b5444785c897cc81", "address": "222 RATHMULLEN, DROGHEDA, CO LOUTH", "sale_date": "2025-07-29", "price": 174000.0, "property_type": "Terrace", "beds": 3.0, "baths": 1.0, "floor_area_m2": null, "ber": "E1", "asking_price": 120000.0, "eur_per_m2": null, "sale_vs_asking": 0.44999999999999996, "daft_url": "https://www.daft.ie/sold/222-rathmullen-drogheda/CFB609254B0A875180258CE5005AB813", "not_full_market_price": 0}}, {"type": "Feature", "geometry": {"type": "Point", "coordinates": [-6.384228004070696, 53.72172863575701]}, "properties": {"ppr_id": "aac11767372cb551d27c1f80b6f61f09a2c0e1a8cbb2e1426af69da520349455", "address": "31 OLDBRIDGE, SLANE ROAD, DROGHEDA", "sale_date": "2025-07-30", "price": 530000.0, "property_type": "Detached", "beds": 6.0, "baths": 3.0, "floor_area_m2": null, "ber": "B3", "asking_price": null, "eur_per_m2": null, "sale_vs_asking": null, "daft_url": "https://www.daft.ie/sold/31-oldbridge-slane-road-drogheda-louth/744E0ED8E27CF17180258D01005AAA0E", "not_full_market_price": 0}}, {"type": "Feature", "geometry": {"type": "Point", "coordinates": [-6.3536908529856, 53.737648146445856]}, "properties": {"ppr_id": "b627ff0f7c982435b2d1f1e261afa94a96cdffed8710d37eced7f31a641b2baf", "address": "58 BALLYMAKENNY DENE, BALLYMAKENNY PARK, DROGHEDA", "sale_date": "2025-07-30", "price": 325991.19, "property_type": null, "beds": null, "baths": null, "floor_area_m2": null, "ber": null, "asking_price": null, "eur_per_m2": null, "sale_vs_asking": null, "daft_url": "https://www.daft.ie/sold/58-ballymakenny-dene-ballymakenny-park-drogheda-louth/A24FA14B08B8A9EB80258CEC005AAA85", "not_full_market_price": 0}}, {"type": "Feature", "geometry": {"type": "Point", "coordinates": [-6.329053925604981, 53.71016175539867]}, "properties": {"ppr_id": "0b0b359efe1972518914ad1e7096a0317529974809ad0d4669f7bda98a5714b0", "address": "6 HARVEST WAY, WHEATON HALL, DROGHEDA", "sale_date": "2025-07-31", "price": 495000.0, "property_type": "Detached", "beds": 4.0, "baths": 3.0, "floor_area_m2": null, "ber": "C3", "asking_price": 495000.0, "eur_per_m2": null, "sale_vs_asking": 0.0, "daft_url": "https://www.daft.ie/sold/6-harvest-way-wheaton-hall-drogheda-louth/DF4F926DB35E096480258CDE005ABA50", "not_full_market_price": 0}}, {"type": "Feature", "geometry": {"type": "Point", "coordinates": [-6.366772538052437, 53.701227099077734]}, "properties": {"ppr_id": "d91d1f76d046046da575239f1883b72e64b85ca654bf3d0727068300d1fa6554", "address": "124 KNOCKBRACK DOWNS, DROGHEDA, LOUTH", "sale_date": "2025-08-01", "price": 300000.0, "property_type": "Terrace", "beds": 3.0, "baths": 1.0, "floor_area_m2": 82.0, "ber": "C1", "asking_price": 265000.0, "eur_per_m2": 3658.5365853658536, "sale_vs_asking": 0.13207547169811318, "daft_url": "https://www.daft.ie/sold/124-knockbrack-downs-drogheda-louth/AA23D709C277FF4480258CEC005AAACE", "not_full_market_price": 0}}, {"type": "Feature", "geometry": {"type": "Point", "coordinates": [-6.337305527929242, 53.71992053695053]}, "properties": {"ppr_id": "79cc5f88580451a79ec0fd89bf6078bf3a798cf59edda5e19fe045b8c7fcd103", "address": "14 BREDIN ST, DROGHEDA, LOUTH", "sale_date": "2025-08-01", "price": 230000.0, "property_type": null, "beds": null, "baths": null, "floor_area_m2": null, "ber": null, "asking_price": null, "eur_per_m2": null, "sale_vs_asking": null, "daft_url": "https://www.daft.ie/sold/14-bredin-st-drogheda-louth/A33A17446766BD1180258CEC005AA95A", "not_full_market_price": 0}}, {"type": "Feature", "geometry": {"type": "Point", "coordinates": [-6.352929463110921, 53.70405788193161]}, "properties": {"ppr_id": "910b879dc5880a3a188e8c96c63373ba5b7b5791943806e585675cd56d16c9cb", "address": "18 THE WILLOWS, RIVERCOURT, DROGHEDA", "sale_date": "2025-08-01", "price": 200000.0, "property_type": null, "beds": null, "baths": null, "floor_area_m2": null, "ber": null, "asking_price": null, "eur_per_m2": null, "sale_vs_asking": null, "daft_url": "https://www.daft.ie/sold/18-the-willows-rivercourt-drogheda-louth/9E34296AAE3AF28180258CE5005AB784", "not_full_market_price": 0}}, {"type": "Feature", "geometry": {"type": "Point", "coordinates": [-6.363014569892501, 53.72127330922407]}, "properties": {"ppr_id": "de983b3d3dfe6170180494db93a9abe2ffa13288e319400ecd9504447de7a27c", "address": "26 ASHFIELD, DROGHEDA, LOUTH", "sale_date": "2025-08-01", "price": 430000.0, "property_type": "Semi-D", "beds": 4.0, "baths": 3.0, "floor_area_m2": null, "ber": "C1", "asking_price": null, "eur_per_m2": null, "sale_vs_asking": null, "daft_url": "https://www.daft.ie/sold/26-ashfield-drogheda-louth/304F2496FB5AC24380258CE5005AB87D", "not_full_market_price": 0}}, {"type": "Feature", "geometry": {"type": "Point", "coordinates": [-6.351024263484799, 53.713836763808985]}, "properties": {"ppr_id": "973ca54b357879de61fbe7635617b91d38c83afb98c03b0566a310d7a653a87e", "address": "8 DYER STREET, DROGHEDA, CO. LOUTH", "sale_date": "2025-08-01", "price": 350000.0, "property_type": null, "beds": null, "baths": null, "floor_area_m2": null, "ber": null, "asking_price": null, "eur_per_m2": null, "sale_vs_asking": null, "daft_url": "https://www.daft.ie/sold/8-dyer-street-drogheda/0C3D27C9E2918DB580258D08005AB19F", "not_full_market_price": 0}}, {"type": "Feature", "geometry": {"type": "Point", "coordinates": [-6.347291514326756, 53.71589060048826]}, "properties": {"ppr_id": "f52a65e3e22cf1b9bed4523716afa948c0ca5c501090e184852107704fbb6bcb", "address": "7 CORD TERRACE, CORD RD, DROGHEDA", "sale_date": "2025-08-06", "price": 287500.0, "property_type": "Terrace", "beds": 3.0, "baths": 1.0, "floor_area_m2": 82.0, "ber": "C1", "asking_price": 270000.0, "eur_per_m2": 3506.0975609756097, "sale_vs_asking": 0.06481481481481488, "daft_url": "https://www.daft.ie/sold/7-cord-terrace-cord-rd-drogheda-louth/471B66811653110580258CE5005AB8A9", "not_full_market_price": 0}}, {"type": "Feature", "geometry": {"type": "Point", "coordinates": [-6.356577532761592, 53.71985762756371]}, "properties": {"ppr_id": "51a3a31ebe183849870644ff0752e86d488f3caccc53d397b7481ef118e28cff", "address": "87 WINDMILL RD, DROGHEDA, LOUTH", "sale_date": "2025-08-07", "price": 305000.0, "property_type": "Terrace", "beds": 4.0, "baths": 3.0, "floor_area_m2": 128.0, "ber": "C2", "asking_price": 298000.0, "eur_per_m2": 2382.8125, "sale_vs_asking": 0.02348993288590595, "daft_url": "https://www.daft.ie/sold/87-windmill-rd-drogheda-louth/00F5219B89AB490680258CE5005AB9AB", "not_full_market_price": 0}}, {"type": "Feature", "geometry": {"type": "Point", "coordinates": [-6.409035973857826, 53.74008292637019]}, "properties": {"ppr_id": "e95d1e39167e2fb3ec04dc365f0ddd36ca8955abacb3e22a7acc71da797a1b8c", "address": "HILL OF RATH, DROGHEDA, CO LOUTH", "sale_date": "2025-08-07", "price": 1030000.0, "property_type": "Detached", "beds": 4.0, "baths": 2.0, "floor_area_m2": 115.0, "ber": "E1", "asking_price": null, "eur_per_m2": 8956.521739130434, "sale_vs_asking": null, "daft_url": "https://www.daft.ie/sold/hill-of-rath-louth/6D4F2DC70CD4799D80258815005ABA01", "not_full_market_price": 0}}, {"type": "Feature", "geometry": {"type": "Point", "coordinates": [-6.331828917345585, 53.72706797178528]}, "properties": {"ppr_id": "1d761dbae03738cbce21380ed7152999f5e075a330e1d678234f96e4c4aae206", "address": "3 CHERRYWOOD DR, TERMON ABBEY DROGHEDA, LOUTH", "sale_date": "2025-08-08", "price": 306000.0, "property_type": "Semi-D", "beds": 3.0, "baths": 1.0, "floor_area_m2": 90.0, "ber": "C2", "asking_price": 265000.0, "eur_per_m2": 3400.0, "sale_vs_asking": 0.15471698113207544, "daft_url": "https://www.daft.ie/sold/3-cherrywood-dr-termon-abbey-drogheda-louth/5961988DD342F75780258CEC005AAA22", "not_full_market_price": 0}}, {"type": "Feature", "geometry": {"type": "Point", "coordinates": [-6.348848678908601, 53.71543870048826]}, "properties": {"ppr_id": "a633a4c7e31aeecc8a68df0a14791d9fe293d4287adeb999939181c56fd7fe2c", "address": "53 ST LAURENCE ST, DROGHEDA, LOUTH", "sale_date": "2025-08-08", "price": 230000.0, "property_type": null, "beds": null, "baths": null, "floor_area_m2": null, "ber": null, "asking_price": null, "eur_per_m2": null, "sale_vs_asking": null, "daft_url": "https://www.daft.ie/sold/53-st-laurence-st-drogheda-louth/BBF5CE07C414A53180258D0F005AB043", "not_full_market_price": 0}}, {"type": "Feature", "geometry": {"type": "Point", "coordinates": [-6.384233719530037, 53.72181656456849]}, "properties": {"ppr_id": "dd40eacacf8aecc41e294d03359871906666d09dc31600ecfd313eeff90be152", "address": "6 BOYNE HALL, SLANE RD, DROGHEDA", "sale_date": "2025-08-08", "price": 445000.0, "property_type": "Detached", "beds": 6.0, "baths": 5.0, "floor_area_m2": 210.0, "ber": "C3", "asking_price": 450000.0, "eur_per_m2": 2119.0476190476193, "sale_vs_asking": -0.011111111111111072, "daft_url": "https://www.daft.ie/sold/6-boyne-hall-slane-rd-drogheda-louth/2E1A4EC991CDBFD380258CFA005AA89A", "not_full_market_price": 0}}, {"type": "Feature", "geometry": {"type": "Point", "coordinates": [-6.2627219960897555, 53.76282888149761]}, "properties": {"ppr_id": "ee5f4cd3e5f344c4e679bd0fc142ff2a7b7d75c11c4516b0332d9d6e2f49207d", "address": "14 THE STABLES, TERMONFECKIN, DROGHEDA", "sale_date": "2025-08-11", "price": 314206.0, "property_type": null, "beds": null, "baths": null, "floor_area_m2": null, "ber": null, "asking_price": null, "eur_per_m2": null, "sale_vs_asking": null, "daft_url": "https://www.daft.ie/sold/14-newtown-wood-termonfeckin-road-drogheda-louth/B7F2CF59A18BA10F802588FC00602DCF", "not_full_market_price": 1}}, {"type": "Feature", "geometry": {"type": "Point", "coordinates": [-6.3624152122091155, 53.72345903749304]}, "properties": {"ppr_id": "ec4d13f9bc689db7a90e9b100fe428c8153442a5b0f72b3e6c27df9881181ea0", "address": "2 Seven Winds, North Road, Drogheda", "sale_date": "2025-08-11", "price": 427312.0, "property_type": null, "beds": null, "baths": null, "floor_area_m2": null, "ber": null, "asking_price": null, "eur_per_m2": null, "sale_vs_asking": null, "daft_url": "https://www.daft.ie/sold/2-seven-winds-north-road-drogheda-louth/96C14A261389992980258CF8003E2B3C", "not_full_market_price": 0}}, {"type": "Feature", "geometry": {"type": "Point", "coordinates": [-6.388461212378116, 53.71636778073809]}, "properties": {"ppr_id": "058249099c4a0c7a0382d6317c341dcc17f0ad2a47518bb9c9f342da194a1ebe", "address": "32 THE SQUARE, RIVERBANK, DROGHEDA", "sale_date": "2025-08-11", "price": 255000.0, "property_type": "Duplex", "beds": 3.0, "baths": 3.0, "floor_area_m2": null, "ber": "C1", "asking_price": 250000.0, "eur_per_m2": null, "sale_vs_asking": 0.020000000000000018, "daft_url": "https://www.daft.ie/sold/32-the-square-riverbank-drogheda-louth/465BF473361B3C9F80258CF8003E2BD7", "not_full_market_price": 0}}, {"type": "Feature", "geometry": {"type": "Point", "coordinates": [-6.344987776683539, 53.71881662658719]}, "properties": {"ppr_id": "36d31e5b2f6f3f12b014add901582a1fce3494a969131c687a0abfd66cbe0e44", "address": "4 ST THERESAS TERRACE, SCARLET ST, DROGHEDA", "sale_date": "2025-08-11", "price": 120039.0, "property_type": null, "beds": null, "baths": null, "floor_area_m2": null, "ber": null, "asking_price": null, "eur_per_m2": null, "sale_vs_asking": null, "daft_url": "https://www.daft.ie/sold/4-st-theresas-terrace-scarlet-st-drogheda-louth/2C63CB0798D217D880258D08005AB034", "not_full_market_price": 1}}, {"type": "Feature", "geometry": {"type": "Point", "coordinates": [-6.351298877355415, 53.73737145420515]}, "properties": {"ppr_id": "24da71256a8e1618e507f51b30aa37e4ea76325a49e0f5fac85536c9a1adeb0d", "address": "50 Ballymakenny Avenue, Ballymakenny Park, Drogheda", "sale_date": "2025-08-11", "price": 290700.0, "property_type": null, "beds": null, "baths": null, "floor_area_m2": null, "ber": null, "asking_price": null, "eur_per_m2": null, "sale_vs_asking": null, "daft_url": "https://www.daft.ie/sold/50-ballymakenny-avenue-ballymakenny-park-drogheda-louth/F95550A8BADFF7B880258CF8003E2987", "not_full_market_price": 0}}, {"type": "Feature", "geometry": {"type": "Point", "coordinates": [-6.394292565571237, 53.726898462832466]}, "properties": {"ppr_id": "0e29cccffe269f8828f43fd11d7708abec7d120d1406d8679056f30c416eb6ab", "address": "199 Gort Mell, Old Slane Road, Drogheda", "sale_date": "2025-08-13", "price": 350220.0, "property_type": null, "beds": null, "baths": null, "floor_area_m2": null, "ber": null, "asking_price": null, "eur_per_m2": null, "sale_vs_asking": null, "daft_url": "https://www.daft.ie/sold/199-gort-mell-old-slane-road-drogheda-louth/664551DD8C4415C980258D16005AB129", "not_full_market_price": 0}}, {"type": "Feature", "geometry": {"type": "Point", "coordinates": [-6.359353213667512, 53.712600926261686]}, "properties": {"ppr_id": "383a56185afb20d24a80ca56829dec52b52fc627df08510ab1665655231eae2e", "address": "267 BALLSGROVE, DROGHEDA, LOUTH", "sale_date": "2025-08-15", "price": 247000.0, "property_type": "End of Terrace", "beds": 2.0, "baths": 2.0, "floor_area_m2": 72.0, "ber": "G", "asking_price": 225000.0, "eur_per_m2": 3430.5555555555557, "sale_vs_asking": 0.09777777777777774, "daft_url": "https://www.daft.ie/sold/267-ballsgrove-drogheda-louth/EA1FA6F20D9C7CAF80258CFA005AAB9C", "not_full_market_price": 0}}, {"type": "Feature", "geometry": {"type": "Point", "coordinates": [-6.352791067023892, 53.72294599207795]}, "properties": {"ppr_id": "60c03400b67b36679fc2a3b7ccbef90b863132d5b3f81cc27eec7bd08c57a45a", "address": "30A WINDMILL RD, DROGHEDA, CO LOUTH", "sale_date": "2025-08-15", "price": 350000.0, "property_type": null, "beds": null, "baths": null, "floor_area_m2": null, "ber": "F", "asking_price": null, "eur_per_m2": null, "sale_vs_asking": null, "daft_url": "https://www.daft.ie/sold/30a-windmill-rd-drogheda/BF56FB66249F901C80258D16005AB2A0", "not_full_market_price": 0}}, {"type": "Feature", "geometry": {"type": "Point", "coordinates": [-6.316535488930835, 53.703915063808985]}, "properties": {"ppr_id": "a072a320f94f06bf7cb3092df672f83f575396c1d836ae96aa16a866a8f87ca4", "address": "16 ST. MARYS COTTAGES, DUBLIN ROAD, DROGHEDA", "sale_date": "2025-08-18", "price": 295000.0, "property_type": "Bungalow", "beds": 2.0, "baths": 1.0, "floor_area_m2": 54.0, "ber": "Exempt", "asking_price": 295000.0, "eur_per_m2": 5462.962962962963, "sale_vs_asking": 0.0, "daft_url": "https://www.daft.ie/sold/16-st-marys-cottages-dublin-road-drogheda-louth/16D380F3ED167D3180258CF8003E2DB8", "not_full_market_price": 0}}, {"type": "Feature", "geometry": {"type": "Point", "coordinates": [-6.394394503822006, 53.72690973575701]}, "properties": {"ppr_id": "e9edd77e74ded2d8272a428203b4611f8e4250f0777893bb2e982de2d674cbd6", "address": "204 Gort Mell, Old Slane Road, Drogheda", "sale_date": "2025-08-18", "price": 352378.85, "property_type": null, "beds": null, "baths": null, "floor_area_m2": null, "ber": null, "asking_price": null, "eur_per_m2": null, "sale_vs_asking": null, "daft_url": "https://www.daft.ie/sold/204-gort-mell-old-slane-road-drogheda-louth/346349953CD5AA2A80258D0F005AB031", "not_full_market_price": 0}}, {"type": "Feature", "geometry": {"type": "Point", "coordinates": [-6.358664196363931, 53.714059753662646]}, "properties": {"ppr_id": "bdf8cb36e0c11520b10f1194c05049d990d6bfed20ce89bc2836858af4a582f0", "address": "28 THE SQUARE, RIVERBANK, RATHMULLAN RD DROGHEDA", "sale_date": "2025-08-18", "price": 245000.0, "property_type": "Duplex", "beds": 3.0, "baths": 3.0, "floor_area_m2": 104.0, "ber": "C1", "asking_price": 249000.0, "eur_per_m2": 2355.769230769231, "sale_vs_asking": -0.016064257028112428, "daft_url": "https://www.daft.ie/sold/28-the-square-riverbank-rathmullan-rd-drogheda-louth/9AE1A527B41E116980258D08005AAE74", "not_full_market_price": 0}}, {"type": "Feature", "geometry": {"type": "Point", "coordinates": [-6.384041299065568, 53.721759636299524]}, "properties": {"ppr_id": "d9120f9cebdc905b62038c9ef1123d67387e710fe0346f7ffa3abd1cd75eea48", "address": "217 Gort Mell, Slane Road, Drogheda", "sale_date": "2025-08-19", "price": 350220.0, "property_type": null, "beds": null, "baths": null, "floor_area_m2": null, "ber": null, "asking_price": null, "eur_per_m2": null, "sale_vs_asking": null, "daft_url": "https://www.daft.ie/sold/217-gort-mell-slane-road-drogheda-louth/4E2D2A583669E55580258CFA005AA9DB", "not_full_market_price": 0}}, {"type": "Feature", "geometry": {"type": "Point", "coordinates": [-6.362418070049637, 53.72340549110143]}, "properties": {"ppr_id": "cec5ef4bb8596a265868d11762d613ed7e914b141ee84ba118e361c93a59cbe9", "address": "27 Seven Winds, North Road, Drogheda", "sale_date": "2025-08-19", "price": 299515.42, "property_type": null, "beds": null, "baths": null, "floor_area_m2": null, "ber": null, "asking_price": null, "eur_per_m2": null, "sale_vs_asking": null, "daft_url": "https://www.daft.ie/sold/27-seven-winds-north-road-drogheda-louth/6B1175AA8900D05980258CF8003E2B20", "not_full_market_price": 0}}, {"type": "Feature", "geometry": {"type": "Point", "coordinates": [-6.350578636052388, 53.70561000976657]}, "properties": {"ppr_id": "c950fa37675eb51c1e22d54b2dd585c2ab2272f9b94673923bacbdcbf576a0e6", "address": "38 ROSEVALE, DROGHEDA, LOUTH", "sale_date": "2025-08-19", "price": 335000.0, "property_type": "Semi-D", "beds": 4.0, "baths": 1.0, "floor_area_m2": null, "ber": "C2", "asking_price": null, "eur_per_m2": null, "sale_vs_asking": null, "daft_url": "https://www.daft.ie/sold/38-rosevale-drogheda-louth/52BB35CE274EA6F980258CF8003E2B2E", "not_full_market_price": 0}}, {"type": "Feature", "geometry": {"type": "Point", "coordinates": [-6.337518895558469, 53.719857408573056]}, "properties": {"ppr_id": "d219b0cb0005fa6236a2c55a029552db15b47adaf859873cc983c64fc82a84a3", "address": "19 BREDIN ST, DROGHEDA, LOUTH", "sale_date": "2025-08-20", "price": 220000.0, "property_type": "Townhouse", "beds": 2.0, "baths": 1.0, "floor_area_m2": null, "ber": "D2", "asking_price": 185000.0, "eur_per_m2": null, "sale_vs_asking": 0.18918918918918926, "daft_url": "https://www.daft.ie/sold/19-bredin-st-drogheda-louth/88D916EB0B7F7B4580258D0F005AB1AF", "not_full_market_price": 0}}, {"type": "Feature", "geometry": {"type": "Point", "coordinates": [-6.384279443204762, 53.721752308898566]}, "properties": {"ppr_id": "ecf7e6e506dd832b8192ece461371c571f6cc06cc61091b343eb3707a449c6f6", "address": "218 Gort Mell, Slane Road, Drogheda", "sale_date": "2025-08-20", "price": 350220.0, "property_type": null, "beds": null, "baths": null, "floor_area_m2": null, "ber": null, "asking_price": null, "eur_per_m2": null, "sale_vs_asking": null, "daft_url": "https://www.daft.ie/sold/218-gort-mell-slane-road-drogheda-louth/D3140D7AFD436D3180258CFA005AA9E2", "not_full_market_price": 0}}, {"type": "Feature", "geometry": {"type": "Point", "coordinates": [-6.384100358812088, 53.72181825550717]}, "properties": {"ppr_id": "a74f4b7bed49d1f74dfff60806c8c9e0a5238241e18f8ceef3b9025b4082a796", "address": "222 Gort Mell, Slane Road, Drogheda", "sale_date": "2025-08-20", "price": 350220.0, "property_type": null, "beds": null, "baths": null, "floor_area_m2": null, "ber": null, "asking_price": null, "eur_per_m2": null, "sale_vs_asking": null, "daft_url": "https://www.daft.ie/sold/222-gort-mell-slane-road-drogheda-louth/501281835595B16780258CFA005AA9E8", "not_full_market_price": 0}}, {"type": "Feature", "geometry": {"type": "Point", "coordinates": [-6.343597516841422, 53.71998130027125]}, "properties": {"ppr_id": "5e217274653ea55ea3ea5e4872659d3abaad8a30df96ff7ef58d55211c1b4852", "address": "96 GLENMORE DR, DROGHEDA, LOUTH", "sale_date": "2025-08-20", "price": 297000.0, "property_type": "End of Terrace", "beds": 3.0, "baths": 2.0, "floor_area_m2": null, "ber": "E2", "asking_price": 295000.0, "eur_per_m2": null, "sale_vs_asking": 0.006779661016949046, "daft_url": "https://www.daft.ie/sold/96-glenmore-dr-drogheda-louth/8BD817C38AC7F60F80258CFA005AAB4C", "not_full_market_price": 0}}, {"type": "Feature", "geometry": {"type": "Point", "coordinates": [-6.347485651063847, 53.71602371720037]}, "properties": {"ppr_id": "39ebef3092e733adb2eefe68372583e81b755f4a3a70d775845f747a37749320", "address": "APT 1, 12 PALACE ST, DROGHEDA", "sale_date": "2025-08-20", "price": 52666.67, "property_type": null, "beds": null, "baths": null, "floor_area_m2": null, "ber": null, "asking_price": null, "eur_per_m2": null, "sale_vs_asking": null, "daft_url": "https://www.daft.ie/sold/1-palace-st-drogheda-louth/0E01837B9B9BB2B380258D40006025B1", "not_full_market_price": 0}}, {"type": "Feature", "geometry": {"type": "Point", "coordinates": [-6.3474532678372295, 53.716046826695695]}, "properties": {"ppr_id": "67fcc6e801645962f3d7127ddee41b9a48323db4a57e7e534ce999a1447dcb98", "address": "APT 2, 12 PALACE ST, DROGHEDA", "sale_date": "2025-08-20", "price": 52666.67, "property_type": null, "beds": null, "baths": null, "floor_area_m2": null, "ber": null, "asking_price": null, "eur_per_m2": null, "sale_vs_asking": null, "daft_url": "https://www.daft.ie/sold/apt-2-12-palace-st-drogheda-louth/AFB7C552A58FA07D80258D01005AA9F2", "not_full_market_price": 0}}, {"type": "Feature", "geometry": {"type": "Point", "coordinates": [-6.3475218440818315, 53.71605077221929]}, "properties": {"ppr_id": "fe8f2644194b97278b8174055584934278307b777191dbbb15544d41deafb27a", "address": "APT 3, 12 PALACE ST, DROGHEDA", "sale_date": "2025-08-20", "price": 52666.67, "property_type": null, "beds": null, "baths": null, "floor_area_m2": null, "ber": null, "asking_price": null, "eur_per_m2": null, "sale_vs_asking": null, "daft_url": "https://www.daft.ie/sold/apt-3-12-palace-st-drogheda-louth/80F9B083B8B8A60280258D01005AA9F3", "not_full_market_price": 0}}, {"type": "Feature", "geometry": {"type": "Point", "coordinates": [-6.3473846915926275, 53.71601751709187]}, "properties": {"ppr_id": "53c891770b7e52350036b0c21c0260f0b3a537ce64f04608ae249a8a8824f35f", "address": "APT 4, 12 PALACE ST, DROGHEDA", "sale_date": "2025-08-20", "price": 52666.67, "property_type": null, "beds": null, "baths": null, "floor_area_m2": null, "ber": null, "asking_price": null, "eur_per_m2": null, "sale_vs_asking": null, "daft_url": "https://www.daft.ie/sold/apt-4-12-palace-st-drogheda-louth/8BB0182C66AFB7FF80258D01005AA9F4", "not_full_market_price": 0}}, {"type": "Feature", "geometry": {"type": "Point", "coordinates": [-6.347449458045863, 53.7160242808466]}, "properties": {"ppr_id": "c213352ba77dc4a84f6d9f01b05f2ff8c7f34f2274c4d59c68346e85d27c7230", "address": "APT 5, 12 PALACE ST, DROGHEDA", "sale_date": "2025-08-20", "price": 52666.67, "property_type": null, "beds": null, "baths": null, "floor_area_m2": null, "ber": null, "asking_price": null, "eur_per_m2": null, "sale_vs_asking": null, "daft_url": "https://www.daft.ie/sold/apt-5-12-palace-st-drogheda-louth/DFDF80BEC57DEAEC80258D01005AA9F5", "not_full_market_price": 0}}, {"type": "Feature", "geometry": {"type": "Point", "coordinates": [-6.347323734930759, 53.71612968269113]}, "properties": {"ppr_id": "b2eb910cd48f5324950d182070635562a8a7602ba7ef49bb04c1a50329108aaa", "address": "APT 6, 12 PALACE ST, DROGHEDA", "sale_date": "2025-08-20", "price": 52666.67, "property_type": "Townhouse", "beds": 3.0, "baths": 1.0, "floor_area_m2": null, "ber": null, "asking_price": null, "eur_per_m2": null, "sale_vs_asking": null, "daft_url": "https://www.daft.ie/sold/6-palace-st-drogheda-louth/D34ECE494AC82B1580257EDE00477D5B", "not_full_market_price": 0}}, {"type": "Feature", "geometry": {"type": "Point", "coordinates": [-6.347343736335435, 53.716060354205155]}, "properties": {"ppr_id": "4f97904a57235cad7bdfe32ef603ea7529d5aa5f2de36a1fff2ee29291bfe32a", "address": "APT 7, 12 PALACE ST, DROGHEDA", "sale_date": "2025-08-20", "price": 52666.66, "property_type": null, "beds": null, "baths": null, "floor_area_m2": null, "ber": null, "asking_price": null, "eur_per_m2": null, "sale_vs_asking": null, "daft_url": "https://www.daft.ie/sold/apt-7-12-palace-st-drogheda-louth/DFD4DF0B4BA799A180258D01005AA9F7", "not_full_market_price": 0}}, {"type": "Feature", "geometry": {"type": "Point", "coordinates": [-6.347498032885789, 53.71607613629953]}, "properties": {"ppr_id": "0160117c14c2fb6572b78792ea4cbb0b5cb8d5c38d519cd3d7ba48020d896eeb", "address": "APT 8, 12 PALACE ST, DROGHEDA", "sale_date": "2025-08-20", "price": 52666.66, "property_type": null, "beds": null, "baths": null, "floor_area_m2": null, "ber": null, "asking_price": null, "eur_per_m2": null, "sale_vs_asking": null, "daft_url": "https://www.daft.ie/sold/apt-8-12-palace-st-drogheda-louth/2D3F270D74ABB84180258D01005AA9F8", "not_full_market_price": 0}}, {"type": "Feature", "geometry": {"type": "Point", "coordinates": [-6.34744755315018, 53.71606091785139]}, "properties": {"ppr_id": "4257a5d7ae5ddcc248deb0a605428ebdceaa717385a457b455b5fe01f8bf11ff", "address": "APT 9, 12 PALACE ST, DROGHEDA", "sale_date": "2025-08-20", "price": 53200.0, "property_type": null, "beds": null, "baths": null, "floor_area_m2": null, "ber": null, "asking_price": null, "eur_per_m2": null, "sale_vs_asking": null, "daft_url": "https://www.daft.ie/sold/apt-9-12-palace-st-drogheda-louth/2B0632A4821360EB80258D01005AA9F9", "not_full_market_price": 0}}, {"type": "Feature", "geometry": {"type": "Point", "coordinates": [-6.312323624218794, 53.72157030005425]}, "properties": {"ppr_id": "fd6696de9ce3947fbe9bf17d6366c45eb41d275d60c88e6e2adf76d2406c2874", "address": "CHERRYGARTH, NEWTOWNSTALABAN, DROGHEDA", "sale_date": "2025-08-20", "price": 500000.0, "property_type": "Detached", "beds": 3.0, "baths": 2.0, "floor_area_m2": null, "ber": "D2", "asking_price": null, "eur_per_m2": null, "sale_vs_asking": null, "daft_url": "https://www.daft.ie/sold/cherrygarth-newtownstalaban-drogheda-louth/823AE30987BDE88480258D08005AB223", "not_full_market_price": 0}}, {"type": "Feature", "geometry": {"type": "Point", "coordinates": [-6.328311561354821, 53.729786764893994]}, "properties": {"ppr_id": "c13508a6c5fe013fd9a0743f67bf3e10dc7d1680d36c8358de932fbb8cda5ca2", "address": "165 BEAULIEU VILLAGE, TERMONFECKIN ROAD, DROGHEDA", "sale_date": "2025-08-21", "price": 325947.0, "property_type": null, "beds": null, "baths": null, "floor_area_m2": null, "ber": null, "asking_price": null, "eur_per_m2": null, "sale_vs_asking": null, "daft_url": "https://www.daft.ie/sold/165-beaulieu-village-termonfeckin-road-drogheda-louth/E3879DF5B6BEB9E880258D01005AACED", "not_full_market_price": 0}}, {"type": "Feature", "geometry": {"type": "Point", "coordinates": [-6.395209234382522, 53.72637454568635]}, "properties": {"ppr_id": "427502da1aaf77ff98f6871c1107d5a8ded2ca08880f6aaceb3abc8b9325f301", "address": "201 Gort Mell, Old Slane Road, Drogheda", "sale_date": "2025-08-21", "price": 348018.0, "property_type": null, "beds": null, "baths": null, "floor_area_m2": null, "ber": null, "asking_price": null, "eur_per_m2": null, "sale_vs_asking": null, "daft_url": "https://www.daft.ie/sold/201-gort-mell-old-slane-road-drogheda-louth/6FD686E7957C8B0480258CFA005AABBE", "not_full_market_price": 0}}, {"type": "Feature", "geometry": {"type": "Point", "coordinates": [-6.3841670391710625, 53.72178443673353]}, "properties": {"ppr_id": "a2b6b5b3244a4a7051e645f886cc0cbd2f2c0f6602c0d90e3d39d2c91063ab49", "address": "211 Gort Mell, Slane Road, Drogheda", "sale_date": "2025-08-21", "price": 350220.0, "property_type": null, "beds": null, "baths": null, "floor_area_m2": null, "ber": null, "asking_price": null, "eur_per_m2": null, "sale_vs_asking": null, "daft_url": "https://www.daft.ie/sold/211-gort-mell-slane-road-drogheda-louth/D449124736FFA1AE80258CFA005AAA06", "not_full_market_price": 0}}, {"type": "Feature", "geometry": {"type": "Point", "coordinates": [-6.384164181441392, 53.72171961741737]}, "properties": {"ppr_id": "67f977c464ac26a06dc596bd11457bbc165b099ef804ee28412ca0754dd0fde6", "address": "215 Gort Mell, Slane Road, Drogheda", "sale_date": "2025-08-21", "price": 351982.0, "property_type": null, "beds": null, "baths": null, "floor_area_m2": null, "ber": null, "asking_price": null, "eur_per_m2": null, "sale_vs_asking": null, "daft_url": "https://www.daft.ie/sold/215-gort-mell-slane-road-drogheda-louth/DE149ABDE02AADBC80258CFA005AAA00", "not_full_market_price": 0}}, {"type": "Feature", "geometry": {"type": "Point", "coordinates": [-6.350267705797371, 53.716759581389105]}, "properties": {"ppr_id": "858627d4def98b09dcc6a99f162e1a615e4fecd1b558e3c343fb6091285f6edb", "address": "2 ANNASASSAN RD, GRANGEBELLEW, DROGHEDA LOUTH", "sale_date": "2025-08-22", "price": 310000.0, "property_type": null, "beds": null, "baths": null, "floor_area_m2": null, "ber": null, "asking_price": null, "eur_per_m2": null, "sale_vs_asking": null, "daft_url": "https://www.daft.ie/sold/2-north-road-drogheda-louth/6E400B760F5847EC80257E2F00477147", "not_full_market_price": 0}}, {"type": "Feature", "geometry": {"type": "Point", "coordinates": [-6.394237309323157, 53.726904099294735]}, "properties": {"ppr_id": "60cc9ed3cbdf4cfad123f490675d84fbac3a1fd89dabce1f55b4cba9fe2ca7fd", "address": "209 Gort Mell, Old Slane Road, Drogheda", "sale_date": "2025-08-22", "price": 361233.0, "property_type": null, "beds": null, "baths": null, "floor_area_m2": null, "ber": null, "asking_price": null, "eur_per_m2": null, "sale_vs_asking": null, "daft_url": "https://www.daft.ie/sold/209-gort-mell-old-slane-road-drogheda-louth/A27E8F705987C52E80258D01005AA95B", "not_full_market_price": 0}}, {"type": "Feature", "geometry": {"type": "Point", "coordinates": [-6.3623094721098425, 53.72336885409665]}, "properties": {"ppr_id": "155a11d23c7743f48c35772d1c0b93c44b9dbfd1fb515856e9df7741c1c91a90", "address": "22 Seven Winds, North Road, Drogheda", "sale_date": "2025-08-22", "price": 312731.28, "property_type": "End of Terrace", "beds": 4.0, "baths": 1.0, "floor_area_m2": null, "ber": "G", "asking_price": 150000.0, "eur_per_m2": null, "sale_vs_asking": 1.0848752000000004, "daft_url": "https://www.daft.ie/sold/22-north-road-drogheda/12235719EEAC4BE48025851B003484C6", "not_full_market_price": 0}}, {"type": "Feature", "geometry": {"type": "Point", "coordinates": [-6.362272320183071, 53.72339478182311]}, "properties": {"ppr_id": "b08394c14da2932e782dd16ab253a091f5b7cf56a17e5f609a41904c39d22623", "address": "37 Seven Winds, North Road, Drogheda", "sale_date": "2025-08-22", "price": 400881.05, "property_type": null, "beds": null, "baths": null, "floor_area_m2": null, "ber": null, "asking_price": null, "eur_per_m2": null, "sale_vs_asking": null, "daft_url": "https://www.daft.ie/sold/37-seven-winds-north-road-drogheda-louth/4586BDAD7204B0E380258D16005AB32E", "not_full_market_price": 0}}, {"type": "Feature", "geometry": {"type": "Point", "coordinates": [-6.369915654419601, 53.72917461850239]}, "properties": {"ppr_id": "2b3e88bd334ed05ec583f8cf4fde8d7445d3da99c571a535d32451d9e26db124", "address": "7  SEVEN WINDS, Drogheda", "sale_date": "2025-08-22", "price": 427312.0, "property_type": null, "beds": null, "baths": null, "floor_area_m2": null, "ber": null, "asking_price": null, "eur_per_m2": null, "sale_vs_asking": null, "daft_url": "https://www.daft.ie/sold/7-seven-winds-drogheda-louth/2F3BA6BED448349580258CFA005AAA09", "not_full_market_price": 0}}, {"type": "Feature", "geometry": {"type": "Point", "coordinates": [-6.369476395602478, 53.719300100162755]}, "properties": {"ppr_id": "cdfb30a792a7a6e6eee8b23d784a4317ef3e3c466898fe2bf0550a085a8c6d59", "address": "UPPER MELL, MELL, DROGHEDA", "sale_date": "2025-08-22", "price": 520000.0, "property_type": "Detached", "beds": 4.0, "baths": 2.0, "floor_area_m2": null, "ber": "D2", "asking_price": null, "eur_per_m2": null, "sale_vs_asking": null, "daft_url": "https://www.daft.ie/sold/upper-mell-mell-drogheda-louth/BC665322DAEC3BE680258E35005AAF2D", "not_full_market_price": 0}}, {"type": "Feature", "geometry": {"type": "Point", "coordinates": [-6.348898613857477, 53.71829511730887]}, "properties": {"ppr_id": "702ba607885642f536720babab385121ce830d728095e5885ae683cfc4aa0083", "address": "1 UPPER MAGDALENE ST, DROGHEDA, LOUTH", "sale_date": "2025-08-25", "price": 200000.0, "property_type": "End of Terrace", "beds": 2.0, "baths": 1.0, "floor_area_m2": null, "ber": "D2", "asking_price": 210000.0, "eur_per_m2": null, "sale_vs_asking": -0.04761904761904767, "daft_url": "https://www.daft.ie/sold/1-upper-magdalene-st-drogheda-louth/A6D00EFE34D7220680258D01005AA903", "not_full_market_price": 0}}, {"type": "Feature", "geometry": {"type": "Point", "coordinates": [-6.395213997786126, 53.726339035974014]}, "properties": {"ppr_id": "7fb067f25162e832fd7d811ad897078888efed24481a6ab53e8d6b6e2ac3b608", "address": "221 Gort Mell, Old Slane Road, Drogheda", "sale_date": "2025-08-25", "price": 350220.0, "property_type": null, "beds": null, "baths": null, "floor_area_m2": null, "ber": null, "asking_price": null, "eur_per_m2": null, "sale_vs_asking": null, "daft_url": "https://www.daft.ie/sold/221-gort-mell-old-slane-road-drogheda-louth/1360F4616D2CFD8780258D08005AB25D", "not_full_market_price": 0}}, {"type": "Feature", "geometry": {"type": "Point", "coordinates": [-6.3537937699929525, 53.737572617851384]}, "properties": {"ppr_id": "dab10d64b385562e680418691bb31ac8ccfb1416fd1c001904fe4733638411b1", "address": "56 Ballymakenny Dene, Ballymakenny Park, Drogheda", "sale_date": "2025-08-25", "price": 325991.19, "property_type": null, "beds": null, "baths": null, "floor_area_m2": null, "ber": null, "asking_price": null, "eur_per_m2": null, "sale_vs_asking": null, "daft_url": "https://www.daft.ie/sold/56-ballymakenny-dene-ballymakenny-park-drogheda-louth/55BCF98FE482B5DE80258CFA005AAA8A", "not_full_market_price": 0}}, {"type": "Feature", "geometry": {"type": "Point", "coordinates": [-6.3235906653743985, 53.77981787211078]}, "properties": {"ppr_id": "df9297d5726fb5c57db7f22b9accd8ea9b20284815c8ea36c1328d239664fd6d", "address": "GALROOSTOWN, TERMONFECKIN, DROGHEDA", "sale_date": "2025-08-25", "price": 725000.0, "property_type": null, "beds": null, "baths": null, "floor_area_m2": null, "ber": null, "asking_price": null, "eur_per_m2": null, "sale_vs_asking": null, "daft_url": "https://www.daft.ie/sold/43-the-spires-termonfeckin-drogheda-louth/0A9FDD08AA69CF95802585440047740C", "not_full_market_price": 0}}, {"type": "Feature", "geometry": {"type": "Point", "coordinates": [-6.393648902515539, 53.724324664025985]}, "properties": {"ppr_id": "b52a5e98517f066e51505c2bb48e2623246a9606ea0dbdbdf33545180aa17354", "address": "220 Gort Mell, Old Slane Road, Drogheda", "sale_date": "2025-08-26", "price": 351982.37, "property_type": null, "beds": null, "baths": null, "floor_area_m2": null, "ber": null, "asking_price": null, "eur_per_m2": null, "sale_vs_asking": null, "daft_url": "https://www.daft.ie/sold/220-gort-mell-old-slane-road-drogheda-louth/3893A315A8DFB34F80258CFA005AAC5A", "not_full_market_price": 0}}, {"type": "Feature", "geometry": {"type": "Point", "coordinates": [-6.3935936497392225, 53.72424406261546]}, "properties": {"ppr_id": "b9ade7b778150c208b93b684bc0c841b91905d43459ece5140fac702a027f038", "address": "205 Gort Mell, Old Slane Road, Drogheda", "sale_date": "2025-08-27", "price": 363436.12, "property_type": null, "beds": null, "baths": null, "floor_area_m2": null, "ber": null, "asking_price": null, "eur_per_m2": null, "sale_vs_asking": null, "daft_url": "https://www.daft.ie/sold/205-gort-mell-old-slane-road-drogheda-louth/6908F71E3B3EBC6F80258CFA005AAB7D", "not_full_market_price": 0}}, {"type": "Feature", "geometry": {"type": "Point", "coordinates": [-6.361977908422526, 53.71487541785138]}, "properties": {"ppr_id": "1f428d2ab7e44b3e3a64d2c4a3b8596b71793c2fec46685b52b379ca6387f6b3", "address": "13 THE WILLOWS, RATHMULLEN ROAD, DROGHEDA", "sale_date": "2025-08-28", "price": 260000.0, "property_type": "Apartment", "beds": 2.0, "baths": 2.0, "floor_area_m2": 80.0, "ber": "C2", "asking_price": 225000.0, "eur_per_m2": 3250.0, "sale_vs_asking": 0.15555555555555545, "daft_url": "https://www.daft.ie/sold/13-the-willows-rathmullen-road-drogheda-louth/C8CCB009DD82D21E80258D01005AAA58", "not_full_market_price": 0}}, {"type": "Feature", "geometry": {"type": "Point", "coordinates": [-6.393659381490358, 53.72428351785138]}, "properties": {"ppr_id": "e1c402827bc6e28e5d5404cfb79fdd55b464526d6a1a833a092eb4178997f8a1", "address": "212 Gort Mell, Old Slane Road, Drogheda", "sale_date": "2025-08-28", "price": 350220.26, "property_type": null, "beds": null, "baths": null, "floor_area_m2": null, "ber": null, "asking_price": null, "eur_per_m2": null, "sale_vs_asking": null, "daft_url": "https://www.daft.ie/sold/212-gort-mell-old-slane-road-drogheda-louth/1743D3E39C8D81BE80258D1D005AB2DA", "not_full_market_price": 0}}, {"type": "Feature", "geometry": {"type": "Point", "coordinates": [-6.329823627346044, 53.73288633564851]}, "properties": {"ppr_id": "0b1989503392af2725f7efbe567504d270a2cf03d15f89e3bb512ee9e0714e2a", "address": "33 DUNLIN ST, ASTON VILLAGE, DROGHEDA", "sale_date": "2025-08-28", "price": 290000.0, "property_type": "Terrace", "beds": 2.0, "baths": 3.0, "floor_area_m2": null, "ber": "C3", "asking_price": 280000.0, "eur_per_m2": null, "sale_vs_asking": 0.03571428571428581, "daft_url": "https://www.daft.ie/sold/33-dunlin-st-aston-village-drogheda-louth/56C8A500933A6FDF80258D01005AA8A5", "not_full_market_price": 0}}, {"type": "Feature", "geometry": {"type": "Point", "coordinates": [-6.3357300242654935, 53.72369893554001]}, "properties": {"ppr_id": "4de799b4d44ecb7c64bcbaee3fdf59fc6241e8def6f8422e3029040520328d2f", "address": "5 COLLEGE RISE, ARDEE, LOUTH", "sale_date": "2025-08-28", "price": 295000.0, "property_type": "Semi-D", "beds": 3.0, "baths": 3.0, "floor_area_m2": null, "ber": "G", "asking_price": 169000.0, "eur_per_m2": null, "sale_vs_asking": 0.7455621301775148, "daft_url": "https://www.daft.ie/sold/5-college-rise-drogheda-louth/FA77AF5A6C77E4CD80257A7D0057CC4F", "not_full_market_price": 0}}, {"type": "Feature", "geometry": {"type": "Point", "coordinates": [-6.393674623635549, 53.72436468290813]}, "properties": {"ppr_id": "13d18141c7cbff061114387210d53eca1f009d118cd3c16f98d6234e4f85c196", "address": "213 Gort Mell, Old Slane Road, Drogheda", "sale_date": "2025-08-29", "price": 350220.26, "property_type": null, "beds": null, "baths": null, "floor_area_m2": null, "ber": null, "asking_price": null, "eur_per_m2": null, "sale_vs_asking": null, "daft_url": "https://www.daft.ie/sold/213-gort-mell-old-slane-road-drogheda-louth/0D406052B0B439A480258D08005AAF44", "not_full_market_price": 0}}, {"type": "Feature", "geometry": {"type": "Point", "coordinates": [-6.393781318651885, 53.724343827997714]}, "properties": {"ppr_id": "b179436922955ecd0dad445f663b382fb274d7b1a2a41aac4c13a4a2e10d26c8", "address": "214 Gort Mell, Old Slane Road, Drogheda", "sale_date": "2025-08-29", "price": 350220.26, "property_type": null, "beds": null, "baths": null, "floor_area_m2": null, "ber": null, "asking_price": null, "eur_per_m2": null, "sale_vs_asking": null, "daft_url": "https://www.daft.ie/sold/214-gort-mell-old-slane-road-drogheda-louth/80A572A68708E70B80258D08005AAF58", "not_full_market_price": 0}}, {"type": "Feature", "geometry": {"type": "Point", "coordinates": [-6.328894889374364, 53.710071572002285]}, "properties": {"ppr_id": "7ed5f34033ddb54a5ca8ca004ccaf78d251635028b67d0ad31007a9e3a5cb8d5", "address": "38 FOREST VIEW, WHEATON HALL, DROGHEDA", "sale_date": "2025-08-29", "price": 428000.0, "property_type": null, "beds": null, "baths": null, "floor_area_m2": null, "ber": null, "asking_price": null, "eur_per_m2": null, "sale_vs_asking": null, "daft_url": "https://www.daft.ie/sold/38-forest-view-wheaton-hall-drogheda-louth/7F59A6F344A74FDA80258D01005AA915", "not_full_market_price": 0}}, {"type": "Feature", "geometry": {"type": "Point", "coordinates": [-6.341569035957206, 53.737546600922265]}, "properties": {"ppr_id": "5f96d332c55bf8a6741ecddffe8185e3e3893a26d0014643fe1a113f6a686e6f", "address": "42 LINENFIELD CRESCENT, BALLYMACKENNY ROAD, DROGHEDA", "sale_date": "2025-08-29", "price": 355000.0, "property_type": "Semi-D", "beds": 3.0, "baths": 3.0, "floor_area_m2": 98.0, "ber": "A2", "asking_price": 350000.0, "eur_per_m2": 3622.4489795918366, "sale_vs_asking": 0.014285714285714235, "daft_url": "https://www.daft.ie/sold/42-linenfield-crescent-ballymackenny-road-drogheda-louth/A46ED7E3C6E7541C80258D01005AA954", "not_full_market_price": 0}}, {"type": "Feature", "geometry": {"type": "Point", "coordinates": [-6.36226946234255, 53.72333616261546]}, "properties": {"ppr_id": "c7d72e96aa1295e8452a6f24a1411b46e56bb50d4e5ac7d75df1bdee76501e35", "address": "5 Seven Winds, North Road, Drogheda", "sale_date": "2025-08-30", "price": 436123.0, "property_type": "Bungalow", "beds": 2.0, "baths": 1.0, "floor_area_m2": null, "ber": "G", "asking_price": 60000.0, "eur_per_m2": null, "sale_vs_asking": 6.268716666666666, "daft_url": "https://www.daft.ie/sold/5-north-road-drogheda-louth/EFC7BBD246F9483C80257BF20053D147", "not_full_market_price": 0}}, {"type": "Feature", "geometry": {"type": "Point", "coordinates": [-6.332834665444276, 53.726401728431725]}, "properties": {"ppr_id": "4cd813d915e4cfb3b79a803e795d3c489bf31a721af577460cd98d178f8a7471", "address": "3 The Chesters, Termonfeckin Road, Drogheda", "sale_date": "2025-09-01", "price": 370044.0, "property_type": null, "beds": null, "baths": null, "floor_area_m2": null, "ber": null, "asking_price": null, "eur_per_m2": null, "sale_vs_asking": null, "daft_url": "https://www.daft.ie/sold/3-the-chesters-termonfeckin-road-drogheda-louth/7EEB583BB5F0C87180258D01005AAA83", "not_full_market_price": 0}}, {"type": "Feature", "geometry": {"type": "Point", "coordinates": [-6.359625077822556, 53.7177541188279]}, "properties": {"ppr_id": "b2efbd637b9d04f7857f9f2e07245ef3ee0251eb745d7b1681e853be38cb4130", "address": "52 TRINITY GARDENS, DROGHEDA, LOUTH", "sale_date": "2025-09-01", "price": 280000.0, "property_type": "Bungalow", "beds": 2.0, "baths": 1.0, "floor_area_m2": null, "ber": "F", "asking_price": null, "eur_per_m2": null, "sale_vs_asking": null, "daft_url": "https://www.daft.ie/sold/52-trinity-gardens-drogheda-louth/4DF7FCAB3613423E80258D01005AA9EF", "not_full_market_price": 0}}, {"type": "Feature", "geometry": {"type": "Point", "coordinates": [-6.333744427904042, 53.72688147373831]}, "properties": {"ppr_id": "9ad0f94a1620cc1c53bbd947b51e60e6cae4acd8d994b22c6a8ffecb3cfbb3f7", "address": "1 The Chesters, Termonfeckin Road, Drogheda", "sale_date": "2025-09-02", "price": 439646.0, "property_type": null, "beds": null, "baths": null, "floor_area_m2": null, "ber": null, "asking_price": null, "eur_per_m2": null, "sale_vs_asking": null, "daft_url": "https://www.daft.ie/sold/1-the-chesters-termonfeckin-road-drogheda-louth/0D0E2A3B8127099A80258D01005AAAD0", "not_full_market_price": 0}}, {"type": "Feature", "geometry": {"type": "Point", "coordinates": [-6.36243902754679, 53.72335532658719]}, "properties": {"ppr_id": "62d8aad5e224e063b61d3312ff9660e6fdb3c20d3fd810623fd453a0358b7f3e", "address": "35 Seven Winds, North Road, Drogheda", "sale_date": "2025-09-02", "price": 299515.41, "property_type": null, "beds": null, "baths": null, "floor_area_m2": null, "ber": null, "asking_price": null, "eur_per_m2": null, "sale_vs_asking": null, "daft_url": "https://www.daft.ie/sold/35-seven-winds-north-road-drogheda-louth/4B0A5A7BBB6D82D780258D16005AB2BE", "not_full_market_price": 0}}, {"type": "Feature", "geometry": {"type": "Point", "coordinates": [-6.359612680067352, 53.73146585518167]}, "properties": {"ppr_id": "35ec4bab20d5bb934ecd620a38b5eb6543ffc20d76d8d3c4c3709a47be53e9ae", "address": "4 MAYFIELD, TWENTIES LANE, DROGHEDA", "sale_date": "2025-09-02", "price": 315000.0, "property_type": "Semi-D", "beds": 3.0, "baths": 3.0, "floor_area_m2": null, "ber": "D1", "asking_price": null, "eur_per_m2": null, "sale_vs_asking": null, "daft_url": "https://www.daft.ie/sold/4-mayfield-twenties-lane-drogheda-louth/F57ADF6857A3888580258D08005AB235", "not_full_market_price": 0}}, {"type": "Feature", "geometry": {"type": "Point", "coordinates": [-6.326721601934419, 53.72943274514383]}, "properties": {"ppr_id": "4940382eb62be0ee50f930e9ff1c949d21f9a8377f1e64908b31fc65aecab092", "address": "208 Beaulieu Village, Termonfeckin Road, Drogheda", "sale_date": "2025-09-03", "price": 392070.48, "property_type": null, "beds": null, "baths": null, "floor_area_m2": null, "ber": null, "asking_price": null, "eur_per_m2": null, "sale_vs_asking": null, "daft_url": "https://www.daft.ie/sold/208-beaulieu-village-termonfeckin-road-drogheda-louth/DB247B521AD4207280258D16005AB115", "not_full_market_price": 0}}, {"type": "Feature", "geometry": {"type": "Point", "coordinates": [-6.333773961331167, 53.72685949153544]}, "properties": {"ppr_id": "6b0dadf07f8c2956ac8ea2a5ce303fc79c69273968104dffd53a509e1fc772da", "address": "4 The Chesters, Termonfeckin Road, Drogheda", "sale_date": "2025-09-03", "price": 370044.05, "property_type": null, "beds": null, "baths": null, "floor_area_m2": null, "ber": null, "asking_price": null, "eur_per_m2": null, "sale_vs_asking": null, "daft_url": "https://www.daft.ie/sold/4-the-chesters-termonfeckin-road-drogheda-louth/28FC5E76405BD56F80258D16005AB189", "not_full_market_price": 0}}, {"type": "Feature", "geometry": {"type": "Point", "coordinates": [-6.328414205418278, 53.72964870965808]}, "properties": {"ppr_id": "644bd549bcbc7235b41b7a46fb62064860c36cdae33a98856ba7d20930bd3870", "address": "166 Beaulieu Village, Drogheda, Termonfeckin Road", "sale_date": "2025-09-04", "price": 277533.0, "property_type": null, "beds": null, "baths": null, "floor_area_m2": null, "ber": null, "asking_price": null, "eur_per_m2": null, "sale_vs_asking": null, "daft_url": "https://www.daft.ie/sold/166-beaulieu-village-drogheda-termonfeckin-road-louth/D6C68B9953F666D480258D08005AB00D", "not_full_market_price": 0}}, {"type": "Feature", "geometry": {"type": "Point", "coordinates": [-6.394275417080453, 53.72697455507317]}, "properties": {"ppr_id": "b722ce8e521d5934f91cb70017847f1117c5d5305196df93e3991d67c5b837ec", "address": "216 Gort Mell, Drogheda, Co. Louth", "sale_date": "2025-09-04", "price": 351982.38, "property_type": null, "beds": null, "baths": null, "floor_area_m2": null, "ber": null, "asking_price": null, "eur_per_m2": null, "sale_vs_asking": null, "daft_url": "https://www.daft.ie/sold/216-gort-mell-drogheda/95742600F886907680258D16005AB11A", "not_full_market_price": 0}}, {"type": "Feature", "geometry": {"type": "Point", "coordinates": [-6.333873993906915, 53.7267929812806]}, "properties": {"ppr_id": "ef2fe32c5fb7c250863888ff1332e42940c956746112d7f33614c34e8ea1307c", "address": "6 The Chesters, Termonfeckin Road, Drogheda", "sale_date": "2025-09-04", "price": 370044.0, "property_type": null, "beds": null, "baths": null, "floor_area_m2": null, "ber": null, "asking_price": null, "eur_per_m2": null, "sale_vs_asking": null, "daft_url": "https://www.daft.ie/sold/6-the-chesters-termonfeckin-road-drogheda-louth/10B6745CFA62219280258D08005AB294", "not_full_market_price": 0}}, {"type": "Feature", "geometry": {"type": "Point", "coordinates": [-6.349014848040595, 53.714795572653294]}, "properties": {"ppr_id": "f14e6ad4fc01fddf4c160f24a6e071f965d5d1d1591629bad7c294f161aa8886", "address": "8 COACH HOUSE, BACHELORS LANE, DROGHEDA", "sale_date": "2025-09-04", "price": 150000.0, "property_type": "Apartment", "beds": 1.0, "baths": 1.0, "floor_area_m2": null, "ber": "D2", "asking_price": 149000.0, "eur_per_m2": null, "sale_vs_asking": 0.006711409395973256, "daft_url": "https://www.daft.ie/sold/8-coach-house-bachelors-lane-drogheda-louth/BA2D1E803025BA3180258D08005AAF35", "not_full_market_price": 0}}, {"type": "Feature", "geometry": {"type": "Point", "coordinates": [-6.362422833117171, 53.723413945794846]}, "properties": {"ppr_id": "083a9419b860e575f002cae3f4f34e7f12aac56f8bfef3395452c4e7831cd82b", "address": "18 Seven Winds, North Road, Drogheda", "sale_date": "2025-09-05", "price": 299515.0, "property_type": null, "beds": null, "baths": null, "floor_area_m2": null, "ber": null, "asking_price": null, "eur_per_m2": null, "sale_vs_asking": null, "daft_url": "https://www.daft.ie/sold/18-seven-winds-north-road-drogheda-louth/5C6D810BA1ADB69880258D2B005AAF8A", "not_full_market_price": 0}}, {"type": "Feature", "geometry": {"type": "Point", "coordinates": [-6.355666657101666, 53.73194455474766]}, "properties": {"ppr_id": "5918d68637536553682ff2ac9aea867d427222c1ffdaacd34527801a92c5769b", "address": "21 Usher Mill Green, Usher Mill, Drogheda", "sale_date": "2025-09-05", "price": 365638.77, "property_type": null, "beds": null, "baths": null, "floor_area_m2": null, "ber": null, "asking_price": null, "eur_per_m2": null, "sale_vs_asking": null, "daft_url": "https://www.daft.ie/sold/21-usher-mill-green-usher-mill-drogheda-louth/827A8885527AFA7480258D01005AAD13", "not_full_market_price": 0}}, {"type": "Feature", "geometry": {"type": "Point", "coordinates": [-6.351013251568002, 53.708621771568275]}, "properties": {"ppr_id": "110b2a1202ceefa09ea7e3f43cda118b27f8801c8ab92274ffc4906039c51e09", "address": "44 ELMWOOD, PLATIN RD, DROGHEDA", "sale_date": "2025-09-05", "price": 312000.0, "property_type": "Semi-D", "beds": 4.0, "baths": 2.0, "floor_area_m2": null, "ber": "D2", "asking_price": null, "eur_per_m2": null, "sale_vs_asking": null, "daft_url": "https://www.daft.ie/sold/44-elmwood-platin-rd-drogheda-louth/1CE59A6842AA33CE80258D08005AAF7A", "not_full_market_price": 0}}, {"type": "Feature", "geometry": {"type": "Point", "coordinates": [-6.41505169380544, 53.75093214427582]}, "properties": {"ppr_id": "242d4e2f6981897927c6eebe62b3810b84436f060b38eddb00dda5b2067c2e13", "address": "BALGATHERAN, DROGHEDA, LOUTH", "sale_date": "2025-09-05", "price": 316000.0, "property_type": null, "beds": null, "baths": null, "floor_area_m2": null, "ber": null, "asking_price": null, "eur_per_m2": null, "sale_vs_asking": null, "daft_url": "https://www.daft.ie/sold/begrath-drogheda-louth/7D4EE93C81F3D71680257A7D00558200", "not_full_market_price": 0}}, {"type": "Feature", "geometry": {"type": "Point", "coordinates": [-6.362326619152968, 53.72336152669569]}, "properties": {"ppr_id": "2da30b5cd62d699f1562afc51a57b4339a5f60b05b6b417cf047b05439ff8244", "address": "26 Seven Winds, North Road, Drogheda", "sale_date": "2025-09-08", "price": 299515.42, "property_type": null, "beds": null, "baths": null, "floor_area_m2": null, "ber": null, "asking_price": null, "eur_per_m2": null, "sale_vs_asking": null, "daft_url": "https://www.daft.ie/sold/26-seven-winds-north-road-drogheda-louth/B5C967724F58C99480258D16005AB116", "not_full_market_price": 0}}, {"type": "Feature", "geometry": {"type": "Point", "coordinates": [-6.3535917477192605, 53.737534853554145]}, "properties": {"ppr_id": "be2a45271d168b6b4a7ba82167100acd8770c780ca4a80158e76696e38d2a0ac", "address": "64 Ballymakenny Dene, Ballymakenny Park, Drogheda", "sale_date": "2025-09-08", "price": 325991.18, "property_type": null, "beds": null, "baths": null, "floor_area_m2": null, "ber": null, "asking_price": null, "eur_per_m2": null, "sale_vs_asking": null, "daft_url": "https://www.daft.ie/sold/64-ballymakenny-dene-ballymakenny-park-drogheda-louth/78068E26D12E78C280258D08005AB0A9", "not_full_market_price": 0}}, {"type": "Feature", "geometry": {"type": "Point", "coordinates": [-6.333751096742426, 53.72681327254479]}, "properties": {"ppr_id": "df7d0289d05aaa0cc751c3454370d8034e3dcca9ffe8c40b5490246b5ac53eb4", "address": "8 The Chesters, Termonfeckin Road, Drogheda", "sale_date": "2025-09-08", "price": 370043.0, "property_type": null, "beds": null, "baths": null, "floor_area_m2": null, "ber": null, "asking_price": null, "eur_per_m2": null, "sale_vs_asking": null, "daft_url": "https://www.daft.ie/sold/8-the-chesters-termonfeckin-road-drogheda-louth/B63BBDF4206FEAB580258D08005AAED3", "not_full_market_price": 0}}, {"type": "Feature", "geometry": {"type": "Point", "coordinates": [-6.395128256521263, 53.72641400092227]}, "properties": {"ppr_id": "1667309a05902435ad2e48f3c27a635ad110403aa7b2f8c5e1ec9efee961d5ef", "address": "202 gort mell, OLD SLANE ROAD, drogheda", "sale_date": "2025-09-09", "price": 348017.0, "property_type": null, "beds": null, "baths": null, "floor_area_m2": null, "ber": null, "asking_price": null, "eur_per_m2": null, "sale_vs_asking": null, "daft_url": "https://www.daft.ie/sold/202-gort-mell-old-slane-road-drogheda-louth/5B066089F94F018580258D16005AAE11", "not_full_market_price": 0}}, {"type": "Feature", "geometry": {"type": "Point", "coordinates": [-6.343734099335903, 53.72729789023342]}, "properties": {"ppr_id": "12bc0a015157adce61f3f642c1a741e1e90d195e435f93bcb83cc66e612e86a3", "address": "11 Listoke Pines, Ballymakenny Road, Drogheda", "sale_date": "2025-09-10", "price": 348251.1, "property_type": null, "beds": null, "baths": null, "floor_area_m2": null, "ber": null, "asking_price": null, "eur_per_m2": null, "sale_vs_asking": null, "daft_url": "https://www.daft.ie/sold/11-listoke-pines-ballymakenny-road-drogheda-louth/8E59DC84B3D72C4980258D1D005AAFC6", "not_full_market_price": 0}}, {"type": "Feature", "geometry": {"type": "Point", "coordinates": [-6.3437093290626665, 53.727290562832465]}, "properties": {"ppr_id": "ae11aadf0ee12a6475e74a1d498ff987983b5b40b47121823482fcbad58d6c52", "address": "13 Listoke Pines, Ballymakenny Road, Drogheda", "sale_date": "2025-09-10", "price": 348251.0, "property_type": null, "beds": null, "baths": null, "floor_area_m2": null, "ber": null, "asking_price": null, "eur_per_m2": null, "sale_vs_asking": null, "daft_url": "https://www.daft.ie/sold/13-ballymakenny-road-drogheda-louth/8C73B37CD51F8EF780258BFE00603720", "not_full_market_price": 0}}, {"type": "Feature", "geometry": {"type": "Point", "coordinates": [-6.343517835796495, 53.727266326044685]}, "properties": {"ppr_id": "b9182436eeb855194b2e8657ca2ecb32905d64ab921caceadf9df694045950e6", "address": "12 Listoke Pines, Ballymakenny Road, Drogheda", "sale_date": "2025-09-11", "price": 334856.0, "property_type": null, "beds": null, "baths": null, "floor_area_m2": null, "ber": null, "asking_price": null, "eur_per_m2": null, "sale_vs_asking": null, "daft_url": "https://www.daft.ie/sold/12-listoke-pines-ballymakenny-road-drogheda-louth/099A24586D6170DF80258D320060252C", "not_full_market_price": 0}}, {"type": "Feature", "geometry": {"type": "Point", "coordinates": [-6.346719316375892, 53.733154508681565]}, "properties": {"ppr_id": "ff2b67846f9f5bd4422c5c1e51f990e29196a7148b7473702e1b4be2f26c32ab", "address": "3 LISTOKE PINES, BALLYMAKENNY, DROGHEDA", "sale_date": "2025-09-11", "price": 365639.0, "property_type": null, "beds": null, "baths": null, "floor_area_m2": null, "ber": null, "asking_price": null, "eur_per_m2": null, "sale_vs_asking": null, "daft_url": "https://www.daft.ie/sold/3-listoke-elms-ballymakenny-road-drogheda-louth/9C21BE0512A7D2068025893B00603729", "not_full_market_price": 0}}, {"type": "Feature", "geometry": {"type": "Point", "coordinates": [-6.3435264101218465, 53.72728379907773]}, "properties": {"ppr_id": "dc891aa40978fbd9befb197126f90ff1aa58577d77f8daefe5197fe80dc574a5", "address": "6 Listoke Pines, Ballymakenny Road, Drogheda", "sale_date": "2025-09-11", "price": 365637.0, "property_type": null, "beds": null, "baths": null, "floor_area_m2": null, "ber": null, "asking_price": null, "eur_per_m2": null, "sale_vs_asking": null, "daft_url": "https://www.daft.ie/sold/6-listoke-pines-ballymakenny-road-drogheda-louth/3CD5E3345AED52A680258D3200602504", "not_full_market_price": 0}}, {"type": "Feature", "geometry": {"type": "Point", "coordinates": [-6.333652969549074, 53.72678903575701]}, "properties": {"ppr_id": "6bdf72c9c5dfc0f2e015a61fd27188a47d46b279f49f27b7b74dc8d4cce42cfa", "address": "9 The Chesters, Termonfeckin Road, Drogheda", "sale_date": "2025-09-11", "price": 370043.0, "property_type": null, "beds": null, "baths": null, "floor_area_m2": null, "ber": null, "asking_price": null, "eur_per_m2": null, "sale_vs_asking": null, "daft_url": "https://www.daft.ie/sold/9-the-chesters-termonfeckin-road-drogheda-louth/BB97EF0900E4F10680258D08005AB171", "not_full_market_price": 0}}, {"type": "Feature", "geometry": {"type": "Point", "coordinates": [-6.333834933567814, 53.726756907922045]}, "properties": {"ppr_id": "7b7d16fcfabd1fd9f1d0d0efe8041884ac5bf3b6e5bf3fe9d0293da42eaebd28", "address": "10 The Chesters, Termonfeckin Road, Drogheda", "sale_date": "2025-09-12", "price": 370043.0, "property_type": null, "beds": null, "baths": null, "floor_area_m2": null, "ber": null, "asking_price": null, "eur_per_m2": null, "sale_vs_asking": null, "daft_url": "https://www.daft.ie/sold/10-the-chesters-termonfeckin-road-drogheda-louth/99878D5A1F6A71E980258D08005AB283", "not_full_market_price": 0}}, {"type": "Feature", "geometry": {"type": "Point", "coordinates": [-6.340110991370041, 53.72392407362981]}, "properties": {"ppr_id": "31b19c2084cef2c80cbac50890550446bbf611028428f02a151db8168b32a9a8", "address": "125 NEWFIELD, DROGHEDA, LOUTH", "sale_date": "2025-09-12", "price": 296000.0, "property_type": "Semi-D", "beds": 3.0, "baths": 1.0, "floor_area_m2": 107.0, "ber": "C3", "asking_price": 265000.0, "eur_per_m2": 2766.355140186916, "sale_vs_asking": 0.11698113207547167, "daft_url": "https://www.daft.ie/sold/125-newfield-drogheda-louth/A07907A54414767880258D0F005AAEB7", "not_full_market_price": 0}}, {"type": "Feature", "geometry": {"type": "Point", "coordinates": [-6.329732155712517, 53.73287562637019]}, "properties": {"ppr_id": "7313264302319e74750b1bb9a644d078e72e25f6351f4ebde7d80ad99f12a0bb", "address": "13 REDSHANK COURT, ASTON VILLAGE, DROGHEDA", "sale_date": "2025-09-12", "price": 240000.0, "property_type": "Terrace", "beds": 2.0, "baths": 2.0, "floor_area_m2": 79.0, "ber": "C2", "asking_price": 240000.0, "eur_per_m2": 3037.974683544304, "sale_vs_asking": 0.0, "daft_url": "https://www.daft.ie/sold/13-redshank-court-aston-village-drogheda-louth/41358C8567D913F380258D0F005AAE83", "not_full_market_price": 0}}, {"type": "Feature", "geometry": {"type": "Point", "coordinates": [-6.321762598562257, 53.730628409658074]}, "properties": {"ppr_id": "26438ec3c687bc4fb71dc4c56d1de80c18d3e25fa73da85fca90afa3dd6de699", "address": "16 BEAULIEU BANKS, TERMONFECKIN ROAD, DROGHEDA", "sale_date": "2025-09-12", "price": 348017.62, "property_type": null, "beds": null, "baths": null, "floor_area_m2": null, "ber": null, "asking_price": null, "eur_per_m2": null, "sale_vs_asking": null, "daft_url": "https://www.daft.ie/sold/16-beaulieu-banks-termonfeckin-road-drogheda-louth/8FBCE2E765E8B8C980258D0F005AAF8D", "not_full_market_price": 0}}, {"type": "Feature", "geometry": {"type": "Point", "coordinates": [-6.343632160134508, 53.727395964676994]}, "properties": {"ppr_id": "b19d97b74512c60dbcb057683470d2a07f0497ced7afcdbf9d4206b8b635288a", "address": "9 Listoke Pines, Ballymakenny Road, Drogheda", "sale_date": "2025-09-12", "price": 388433.0, "property_type": null, "beds": null, "baths": null, "floor_area_m2": null, "ber": null, "asking_price": null, "eur_per_m2": null, "sale_vs_asking": null, "daft_url": "https://www.daft.ie/sold/9-listoke-pines-ballymakenny-road-drogheda-louth/BBAE5423501A5EAC80258D3200602502", "not_full_market_price": 0}}, {"type": "Feature", "geometry": {"type": "Point", "coordinates": [-6.355507538335714, 53.73193891828539]}, "properties": {"ppr_id": "e4b5c5ee7f3b30a9cc9d15f8fbf4e6b138b7a0c6be7d771cc582fd217b69787e", "address": "15 Usher's Mill Green, Usher's Mill, Drogheda", "sale_date": "2025-09-15", "price": 365638.77, "property_type": null, "beds": null, "baths": null, "floor_area_m2": null, "ber": null, "asking_price": null, "eur_per_m2": null, "sale_vs_asking": null, "daft_url": "https://www.daft.ie/sold/15-ushers-mill-green-ushers-mill-drogheda-louth/B5154A5EE782B9F780258D16005AAFA3", "not_full_market_price": 0}}, {"type": "Feature", "geometry": {"type": "Point", "coordinates": [-6.3471378710521, 53.72414392615319]}, "properties": {"ppr_id": "26058c3469d4f9fd0e98ff19f7c0062145eacf11324d368898789dfee30cfa17", "address": "2 LISTOKE PINES, BALLYMAKENNY ROAD, DROGHEDA", "sale_date": "2025-09-15", "price": 365638.77, "property_type": null, "beds": null, "baths": null, "floor_area_m2": null, "ber": null, "asking_price": null, "eur_per_m2": null, "sale_vs_asking": null, "daft_url": "https://www.daft.ie/sold/2-listoke-elms-ballymakenny-road-drogheda-louth/4B8A9A13F31C9E2E80258934006039AA", "not_full_market_price": 0}}, {"type": "Feature", "geometry": {"type": "Point", "coordinates": [-6.362444743227832, 53.723327707922046]}, "properties": {"ppr_id": "45e622fef4a76bf975416f128fe4890ca7b419e67ea7e2839adb1cd7aef10316", "address": "36 Seven Winds, North Road, Drogheda", "sale_date": "2025-09-15", "price": 299515.0, "property_type": null, "beds": null, "baths": null, "floor_area_m2": null, "ber": null, "asking_price": null, "eur_per_m2": null, "sale_vs_asking": null, "daft_url": "https://www.daft.ie/sold/36-seven-winds-north-road-drogheda-louth/264AFAC1CC55D72680258D0F005AB112", "not_full_market_price": 0}}, {"type": "Feature", "geometry": {"type": "Point", "coordinates": [-6.35633414118614, 53.71611891850239]}, "properties": {"ppr_id": "caf04804c79facb138839700eda4555c0f27b32bb1a51ffd4c2d1a6a3557a768", "address": "65 WEST ST, DROGHEDA, LOUTH", "sale_date": "2025-09-15", "price": 100000.0, "property_type": null, "beds": null, "baths": null, "floor_area_m2": null, "ber": null, "asking_price": null, "eur_per_m2": null, "sale_vs_asking": null, "daft_url": "https://www.daft.ie/sold/65-west-st-drogheda-louth/6D3B12D256BE97C580258D1D005AAEA8", "not_full_market_price": 0}}, {"type": "Feature", "geometry": {"type": "Point", "coordinates": [-6.26725214624319, 53.73717213521451]}, "properties": {"ppr_id": "196ccc43211d450f12230fce0d7ba7a03c5578ef8966062acb689494e7ed4122", "address": "9 THE COTTAGES, BALTRAY, DROGHEDA", "sale_date": "2025-09-15", "price": 425000.0, "property_type": "Terrace", "beds": 3.0, "baths": 2.0, "floor_area_m2": 98.0, "ber": "D1", "asking_price": 170000.0, "eur_per_m2": 4336.734693877551, "sale_vs_asking": 1.5, "daft_url": "https://www.daft.ie/sold/9-rose-hill-cottages-cord-road-drogheda-louth/D9E70DA686A024ED8025825E0047794D", "not_full_market_price": 0}}, {"type": "Feature", "geometry": {"type": "Point", "coordinates": [-6.362981712950253, 53.7204654271297]}, "properties": {"ppr_id": "26c6c42aba3b66e128e98fd85f71ca16904da2d05bf53486b61bb723823e02f0", "address": "96 ASHFIELD GREEN, DROGHEDA, CO LOUTH", "sale_date": "2025-09-15", "price": 345000.0, "property_type": "Detached", "beds": 2.0, "baths": 2.0, "floor_area_m2": 112.0, "ber": "D2", "asking_price": 350000.0, "eur_per_m2": 3080.3571428571427, "sale_vs_asking": -0.014285714285714235, "daft_url": "https://www.daft.ie/sold/96-ashfield-green-drogheda/13CFE473ACE54D4180258D2B005AAF9A", "not_full_market_price": 0}}, {"type": "Feature", "geometry": {"type": "Point", "coordinates": [-6.343700754737315, 53.72735594579485]}, "properties": {"ppr_id": "35b8d32b07fea455b121a07570fb929a8841ec266229d5ab31145b38c7a4ce49", "address": "4 Listoke Pines, Ballymakenny Road, Drogheda", "sale_date": "2025-09-16", "price": 383259.91, "property_type": null, "beds": null, "baths": null, "floor_area_m2": null, "ber": null, "asking_price": null, "eur_per_m2": null, "sale_vs_asking": null, "daft_url": "https://www.daft.ie/sold/4-listoke-pines-ballymakenny-road-drogheda-louth/91B31A8E679C3C4D80258D0F005AB034", "not_full_market_price": 0}}, {"type": "Feature", "geometry": {"type": "Point", "coordinates": [-6.347034986803273, 53.72421889110144]}, "properties": {"ppr_id": "176410a5e2a53e69f60b2f3ea0416beec3ca9cdf7da8f3f2cc3ca40e03cb23ec", "address": "5 LISTOKE PINES, BALLYMAKENNY ROAD, DROGHEDA", "sale_date": "2025-09-16", "price": 365639.0, "property_type": null, "beds": null, "baths": null, "floor_area_m2": null, "ber": null, "asking_price": null, "eur_per_m2": null, "sale_vs_asking": null, "daft_url": "https://www.daft.ie/sold/5-listoke-pines-ballymakenny-road-drogheda-louth/AB5B239A15EE105A80258D2B005AB294", "not_full_market_price": 0}}, {"type": "Feature", "geometry": {"type": "Point", "coordinates": [-6.349175328493854, 53.71868620016275]}, "properties": {"ppr_id": "32c8af6fc8f736085a5a046d4ad51688550e6cf6cfb6c8b3cfe4146fcea34d69", "address": "5A JANES TERRACE, SCARLET STREET, DROGHEDA", "sale_date": "2025-09-16", "price": 125000.0, "property_type": null, "beds": null, "baths": null, "floor_area_m2": null, "ber": null, "asking_price": null, "eur_per_m2": null, "sale_vs_asking": null, "daft_url": "https://www.daft.ie/sold/5a-janes-terrace-scarlet-street-drogheda-louth/6A4C55EAC9EF8CBA80258D0F005AB03A", "not_full_market_price": 0}}, {"type": "Feature", "geometry": {"type": "Point", "coordinates": [-6.343640734459859, 53.727266326044685]}, "properties": {"ppr_id": "8c4dd29b3e7049a8c1f199b013aa740fc6cf248fae9a13d3f3b1fb437f8498c6", "address": "7 Listoke Pines, Ballymakenny Road, Drogheda", "sale_date": "2025-09-16", "price": 388433.0, "property_type": null, "beds": null, "baths": null, "floor_area_m2": null, "ber": null, "asking_price": null, "eur_per_m2": null, "sale_vs_asking": null, "daft_url": "https://www.daft.ie/sold/7-listoke-pines-ballymakenny-road-drogheda-louth/207E087C4F87155980258D32006024FF", "not_full_market_price": 0}}, {"type": "Feature", "geometry": {"type": "Point", "coordinates": [-6.321685423651182, 53.730569790450424]}, "properties": {"ppr_id": "43e794d3799debf5b373c1c66ea40b0d4e3cf06b57468b00603a7d587d74077f", "address": "18 Beaulieu Banks, Termonfeckin Road, Drogheda", "sale_date": "2025-09-17", "price": 348018.0, "property_type": null, "beds": null, "baths": null, "floor_area_m2": null, "ber": null, "asking_price": null, "eur_per_m2": null, "sale_vs_asking": null, "daft_url": "https://www.daft.ie/sold/18-beaulieu-banks-termonfeckin-road-drogheda-louth/1363B4453CDBC42880258D16005AB244", "not_full_market_price": 0}}, {"type": "Feature", "geometry": {"type": "Point", "coordinates": [-6.321446881107918, 53.73036253727604]}, "properties": {"ppr_id": "c6ebc6219fb40b17235300a70f516325e05e6139d0040695ccc1780dc6857cdb", "address": "25 Beaulieu Banks, Drogheda", "sale_date": "2025-09-17", "price": 400881.0, "property_type": null, "beds": null, "baths": null, "floor_area_m2": null, "ber": null, "asking_price": null, "eur_per_m2": null, "sale_vs_asking": null, "daft_url": "https://www.daft.ie/sold/25-beaulieu-banks-drogheda-louth/F632ACA60920250180258D2B005AB00C", "not_full_market_price": 0}}, {"type": "Feature", "geometry": {"type": "Point", "coordinates": [-6.321673037554343, 53.730648700922266]}, "properties": {"ppr_id": "4dd0c4dc33d830ed3977a2e9cec7ca8df54357a104569caafaa07a1f663f7d0e", "address": "9 Beaulieu Banks, Termonfeckin Road, Drogheda", "sale_date": "2025-09-17", "price": 392070.48, "property_type": null, "beds": null, "baths": null, "floor_area_m2": null, "ber": null, "asking_price": null, "eur_per_m2": null, "sale_vs_asking": null, "daft_url": "https://www.daft.ie/sold/9-beaulieu-banks-termonfeckin-road-drogheda-louth/5DBCA71A89E7F05380258D2B005AB064", "not_full_market_price": 0}}, {"type": "Feature", "geometry": {"type": "Point", "coordinates": [-6.355639025699195, 53.73195920954957]}, "properties": {"ppr_id": "22dceb0f3e4663961899f8995917627a8091aacfe571beee0c9a7bd5f2d0e453", "address": "11 Usher's Mill Green, Usher's Mill, Drogheda", "sale_date": "2025-09-18", "price": 374449.0, "property_type": null, "beds": null, "baths": null, "floor_area_m2": null, "ber": null, "asking_price": null, "eur_per_m2": null, "sale_vs_asking": null, "daft_url": "https://www.daft.ie/sold/11-ushers-mill-green-ushers-mill-drogheda-louth/60D62745C3D257BE80258D2B005AB1D3", "not_full_market_price": 0}}, {"type": "Feature", "geometry": {"type": "Point", "coordinates": [-6.320787726007544, 53.70531416337497]}, "properties": {"ppr_id": "25d3692651c65340c73aa76c8e29f66d3c82a13e5796e9cfe0483e5fe278591c", "address": "3 FOREST EDGE, STAMEEN, DROGHEDA", "sale_date": "2025-09-18", "price": 450000.0, "property_type": "Detached", "beds": 4.0, "baths": 2.0, "floor_area_m2": 120.0, "ber": "C3", "asking_price": 450000.0, "eur_per_m2": 3750.0, "sale_vs_asking": 0.0, "daft_url": "https://www.daft.ie/sold/3-forest-edge-stameen-drogheda-louth/489EE4CD9941D09F80258D0F005AB2A3", "not_full_market_price": 0}}, {"type": "Feature", "geometry": {"type": "Point", "coordinates": [-6.321433542325015, 53.730263899186234]}, "properties": {"ppr_id": "28454ec2447f2bd160418aa5e1ee29f3edc1097c8d214e43372f8d3c93913f6f", "address": "7 Beaulieu Banks, Termonfeckin Road, Drogheda", "sale_date": "2025-09-18", "price": 348017.62, "property_type": null, "beds": null, "baths": null, "floor_area_m2": null, "ber": null, "asking_price": null, "eur_per_m2": null, "sale_vs_asking": null, "daft_url": "https://www.daft.ie/sold/7-beaulieu-banks-termonfeckin-road-drogheda-louth/6186D7DC5F5970F280258D16005AB03E", "not_full_market_price": 0}}, {"type": "Feature", "geometry": {"type": "Point", "coordinates": [-6.343578808776769, 53.72737849164395]}, "properties": {"ppr_id": "8e78979988fa9ff1b8170259c97c120aeb077599019a29a23f0b469966b4fa53", "address": "8 Listoke Pines, Ballymakenny Road, Drogheda", "sale_date": "2025-09-18", "price": 400880.0, "property_type": null, "beds": null, "baths": null, "floor_area_m2": null, "ber": null, "asking_price": null, "eur_per_m2": null, "sale_vs_asking": null, "daft_url": "https://www.daft.ie/sold/8-listoke-pines-ballymakenny-road-drogheda-louth/815CC8FC5691476680258D3200602530", "not_full_market_price": 0}}, {"type": "Feature", "geometry": {"type": "Point", "coordinates": [-6.3437017074401325, 53.72730352669569]}, "properties": {"ppr_id": "96f73e0fea8676de718efdb87b443383b3bed0895f1e5a604d18d3c874ec6d4f", "address": "3 Ellwood Park, Ballymakenny Road, Drogheda", "sale_date": "2025-09-19", "price": 370044.05, "property_type": "Semi-D", "beds": 3.0, "baths": 2.0, "floor_area_m2": 107.0, "ber": "A2", "asking_price": 420000.0, "eur_per_m2": 3458.355607476635, "sale_vs_asking": -0.11894273809523814, "daft_url": "https://www.daft.ie/sold/3-ellwood-park-ballymakenny-road-drogheda-louth/B66C44815DE2573880258D16005AAEDD", "not_full_market_price": 0}}, {"type": "Feature", "geometry": {"type": "Point", "coordinates": [-6.359353213667512, 53.71269223695053]}, "properties": {"ppr_id": "45f1ce35325e7139d9d3e77d26aed76b319297b8ded6acfdb4d2f22969f791db", "address": "51 BALLSGROVE, DROGHEDA, LOUTH", "sale_date": "2025-09-19", "price": 194000.0, "property_type": "Terrace", "beds": 3.0, "baths": 1.0, "floor_area_m2": 73.0, "ber": "G", "asking_price": 180000.0, "eur_per_m2": 2657.5342465753424, "sale_vs_asking": 0.07777777777777772, "daft_url": "https://www.daft.ie/sold/51-ballsgrove-drogheda-louth/2AB09711023C732D80258D2B005AB327", "not_full_market_price": 0}}, {"type": "Feature", "geometry": {"type": "Point", "coordinates": [-6.359473632720338, 53.71773664579485]}, "properties": {"ppr_id": "6ad1206eae2c0d84e95c24566d508473cb7b955e511d093e9db4a73257c8a10d", "address": "14 BRICKFIELD, TRINITY GARDENS, DROGHEDA", "sale_date": "2025-09-22", "price": 255000.0, "property_type": "Terrace", "beds": 2.0, "baths": 1.0, "floor_area_m2": 75.0, "ber": "C2", "asking_price": 230000.0, "eur_per_m2": 3400.0, "sale_vs_asking": 0.10869565217391308, "daft_url": "https://www.daft.ie/sold/14-brickfield-trinity-gardens-drogheda-louth/45A63F21D5C850AF80258D16005AAF57", "not_full_market_price": 0}}, {"type": "Feature", "geometry": {"type": "Point", "coordinates": [-6.322159083400534, 53.73007847373831]}, "properties": {"ppr_id": "e98742e10160bf13bfabe538cae9ee71f620d138af93eb06f56cf045e49d6539", "address": "22 Beaulieu Banks, Drogheda", "sale_date": "2025-09-22", "price": 348018.0, "property_type": null, "beds": null, "baths": null, "floor_area_m2": null, "ber": null, "asking_price": null, "eur_per_m2": null, "sale_vs_asking": null, "daft_url": "https://www.daft.ie/sold/22-beaulieu-banks-drogheda-louth/4A006E9446AA426480258D16005AB0B0", "not_full_market_price": 0}}, {"type": "Feature", "geometry": {"type": "Point", "coordinates": [-6.320713414720589, 53.704718426261685]}, "properties": {"ppr_id": "92bcb35fbf2c141805147e55fa5841277dae5f4ed76c296e4630746d023e5c72", "address": "54 FIVE OAKS, DUBLIN RD, DROGHEDA", "sale_date": "2025-09-22", "price": 550000.0, "property_type": null, "beds": null, "baths": null, "floor_area_m2": null, "ber": null, "asking_price": null, "eur_per_m2": null, "sale_vs_asking": null, "daft_url": "https://www.daft.ie/sold/54-five-oaks-dublin-rd-drogheda-louth/9A77AF97A912B51580258D40006023B7", "not_full_market_price": 0}}, {"type": "Feature", "geometry": {"type": "Point", "coordinates": [-6.321400195367755, 53.730305045360836]}, "properties": {"ppr_id": "3a3f93ae6cdddb7234c23431e4d209af659968596240682e7ab41bb471d25b15", "address": "10 Beaulieu Banks, Termonfeckin Road, Drogheda", "sale_date": "2025-09-23", "price": 392070.48, "property_type": null, "beds": null, "baths": null, "floor_area_m2": null, "ber": null, "asking_price": null, "eur_per_m2": null, "sale_vs_asking": null, "daft_url": "https://www.daft.ie/sold/10-beaulieu-banks-termonfeckin-road-drogheda-louth/56B8F47F0B8BF89A80258D2B005AB000", "not_full_market_price": 0}}, {"type": "Feature", "geometry": {"type": "Point", "coordinates": [-6.333722516006498, 53.72679692680419]}, "properties": {"ppr_id": "6b62a9ca944c3393390a8c8dc8284b7349a5a78577a963828aa978b819e22692", "address": "11 The Chesters, Termonfeckin Road, Drogheda", "sale_date": "2025-09-23", "price": 370044.05, "property_type": null, "beds": null, "baths": null, "floor_area_m2": null, "ber": null, "asking_price": null, "eur_per_m2": null, "sale_vs_asking": null, "daft_url": "https://www.daft.ie/sold/11-the-chesters-termonfeckin-road-drogheda-louth/1E191D5B205FD8EA80258D3200602770", "not_full_market_price": 0}}, {"type": "Feature", "geometry": {"type": "Point", "coordinates": [-6.321430684014392, 53.73032533662503]}, "properties": {"ppr_id": "279da6767cee4079018cd556c6a0e81a86e78d776f31a024990f4b08bfda1869", "address": "13 Beaulieu Banks, Termonfeckin Road, Drogheda", "sale_date": "2025-09-23", "price": 348108.0, "property_type": null, "beds": null, "baths": null, "floor_area_m2": null, "ber": null, "asking_price": null, "eur_per_m2": null, "sale_vs_asking": null, "daft_url": "https://www.daft.ie/sold/13-beaulieu-banks-termonfeckin-road-drogheda-louth/C3B6207F7B55F6E980258D3200602519", "not_full_market_price": 0}}, {"type": "Feature", "geometry": {"type": "Point", "coordinates": [-6.321698762524701, 53.730551753771145]}, "properties": {"ppr_id": "f398799fcf753628dbdec93a7c28241eea0d5ad9e7ea655223b57d6c2ed6814f", "address": "19 Beaulieu Banks, Termonfeckin Road, Drogheda", "sale_date": "2025-09-23", "price": 348017.62, "property_type": null, "beds": null, "baths": null, "floor_area_m2": null, "ber": null, "asking_price": null, "eur_per_m2": null, "sale_vs_asking": null, "daft_url": "https://www.daft.ie/sold/19-beaulieu-banks-termonfeckin-road-drogheda-louth/369ADCCD4A954AED80258D16005AB031", "not_full_market_price": 0}}, {"type": "Feature", "geometry": {"type": "Point", "coordinates": [-6.362297088134252, 53.72343423705903]}, "properties": {"ppr_id": "27f9c209547cb0067d0fb09ac3c662ba0b752431d1e7fccab3c61489d63f0f32", "address": "25 Seven Winds, North Road, Drogheda", "sale_date": "2025-09-23", "price": 342290.75, "property_type": null, "beds": null, "baths": null, "floor_area_m2": null, "ber": null, "asking_price": null, "eur_per_m2": null, "sale_vs_asking": null, "daft_url": "https://www.daft.ie/sold/25-seven-winds-north-road-drogheda-louth/BD7974A48BB846F380258D16005AB0DE", "not_full_market_price": 0}}, {"type": "Feature", "geometry": {"type": "Point", "coordinates": [-6.355558989912728, 53.731976118936394]}, "properties": {"ppr_id": "df8feb4f1a33011605c4af7bb28f5fdc4f6c0e9de886058f8a0635ba3adb3e89", "address": "25 Usher's Mill Green, Usher's Mill, Drogheda", "sale_date": "2025-09-23", "price": 387665.19, "property_type": null, "beds": null, "baths": null, "floor_area_m2": null, "ber": null, "asking_price": null, "eur_per_m2": null, "sale_vs_asking": null, "daft_url": "https://www.daft.ie/sold/25-ushers-mill-green-ushers-mill-drogheda-louth/FAB79CEDE63FB59D80258D25005AB2F2", "not_full_market_price": 0}}, {"type": "Feature", "geometry": {"type": "Point", "coordinates": [-6.343671220949996, 53.727400473846814]}, "properties": {"ppr_id": "8136d2e6b596a875a8fe31429d31a38225f98c19cc1f43746efbc90e386245d3", "address": "10 Listoke Pines, Ballymakenny Road, Drogheda", "sale_date": "2025-09-24", "price": 365637.0, "property_type": null, "beds": null, "baths": null, "floor_area_m2": null, "ber": null, "asking_price": null, "eur_per_m2": null, "sale_vs_asking": null, "daft_url": "https://www.daft.ie/sold/10-listoke-pines-ballymakenny-road-drogheda-louth/A524736FBC439EBB80258D3200602536", "not_full_market_price": 0}}, {"type": "Feature", "geometry": {"type": "Point", "coordinates": [-6.321343981925518, 53.73030729994575]}, "properties": {"ppr_id": "2f35e81ab681bd5131e6f041e52bbca4d321e96e422fe6e923cb1eedef6c92da", "address": "20 Beaulieu Banks, Termonfeckin Road, Drogheda", "sale_date": "2025-09-24", "price": 348017.62, "property_type": null, "beds": null, "baths": null, "floor_area_m2": null, "ber": null, "asking_price": null, "eur_per_m2": null, "sale_vs_asking": null, "daft_url": "https://www.daft.ie/sold/20-beaulieu-banks-termonfeckin-road-drogheda-louth/FC45A98530123F0B80258D2B005AB2EA", "not_full_market_price": 0}}, {"type": "Feature", "geometry": {"type": "Point", "coordinates": [-6.321791181862655, 53.73066110113927]}, "properties": {"ppr_id": "0426eff331d91429fe4f62e895ec11767a0d57ac76f018b3b5a3229eedf5cb6e", "address": "21 BEAULIEU BANKS, TERMONFECKIN ROAD, DROGHEDA", "sale_date": "2025-09-24", "price": 348017.62, "property_type": null, "beds": null, "baths": null, "floor_area_m2": null, "ber": null, "asking_price": null, "eur_per_m2": null, "sale_vs_asking": null, "daft_url": "https://www.daft.ie/sold/21-beaulieu-banks-termonfeckin-road-drogheda-louth/8BF1F63B141EC01480258D16005AB1BF", "not_full_market_price": 0}}, {"type": "Feature", "geometry": {"type": "Point", "coordinates": [-6.321658745904144, 53.73064588269113]}, "properties": {"ppr_id": "41c8221b4d65055ab72c357c46b450ccb31c614c75311859f5f26806590a1a8c", "address": "23 Beaulieu Banks, Termonfeckin Road, Drogheda", "sale_date": "2025-09-24", "price": 348018.0, "property_type": null, "beds": null, "baths": null, "floor_area_m2": null, "ber": null, "asking_price": null, "eur_per_m2": null, "sale_vs_asking": null, "daft_url": "https://www.daft.ie/sold/23-beaulieu-banks-termonfeckin-road-drogheda-louth/36EB6DF1D925E24F80258D1D005AAF03", "not_full_market_price": 0}}, {"type": "Feature", "geometry": {"type": "Point", "coordinates": [-6.3218159540563335, 53.73064588269113]}, "properties": {"ppr_id": "458b31a2b43ac9490150ac5fc6002cd69500e4d728f46b5427a13385c18ad36a", "address": "24 BEAULIEU BANKS, TERMONFECKIN ROAD, DROGHEDA", "sale_date": "2025-09-24", "price": 365638.77, "property_type": null, "beds": null, "baths": null, "floor_area_m2": null, "ber": null, "asking_price": null, "eur_per_m2": null, "sale_vs_asking": null, "daft_url": "https://www.daft.ie/sold/24-beaulieu-banks-termonfeckin-road-drogheda-louth/EB9B84D444BF0E5580258D25005AAF73", "not_full_market_price": 0}}, {"type": "Feature", "geometry": {"type": "Point", "coordinates": [-6.33376919787518, 53.72679523586551]}, "properties": {"ppr_id": "7c0a8176e06023760dac402b6786d53ead37ae999a5a7351a960fd76780fadc4", "address": "7 The Chesters, Termonfeckin Road, Drogheda", "sale_date": "2025-09-25", "price": 370043.0, "property_type": null, "beds": null, "baths": null, "floor_area_m2": null, "ber": null, "asking_price": null, "eur_per_m2": null, "sale_vs_asking": null, "daft_url": "https://www.daft.ie/sold/7-the-chesters-termonfeckin-road-drogheda-louth/B5310EC54D5525A480258D16005AB2CB", "not_full_market_price": 0}}, {"type": "Feature", "geometry": {"type": "Point", "coordinates": [-6.394328767940669, 53.72694693640803]}, "properties": {"ppr_id": "9daf4a26cbe96d85751af1dac6b14b5e73fda5f6ade5218d08ba6fef7850b90c", "address": "34 Gort Mell, Drogheda", "sale_date": "2025-09-26", "price": 317180.62, "property_type": null, "beds": null, "baths": null, "floor_area_m2": null, "ber": null, "asking_price": null, "eur_per_m2": null, "sale_vs_asking": null, "daft_url": "https://www.daft.ie/sold/34-gort-mell-drogheda-louth/62786BCF68EBFAF680258D1D005AAF48", "not_full_market_price": 0}}, {"type": "Feature", "geometry": {"type": "Point", "coordinates": [-6.321734968038538, 53.73055795387965]}, "properties": {"ppr_id": "a084c31baa39e58a2be6fc374e3cccb43cda50fa1d2789d3b85b5835ea925400", "address": "6 Beaulieu Banks, Termonfeckin Road, Drogheda", "sale_date": "2025-09-26", "price": 348017.0, "property_type": null, "beds": null, "baths": null, "floor_area_m2": null, "ber": null, "asking_price": null, "eur_per_m2": null, "sale_vs_asking": null, "daft_url": "https://www.daft.ie/sold/6-beaulieu-banks-termonfeckin-road-drogheda-louth/00330DA8CD37AE8180258D25005AB118", "not_full_market_price": 0}}, {"type": "Feature", "geometry": {"type": "Point", "coordinates": [-6.320780068159088, 53.704709407922046]}, "properties": {"ppr_id": "167eb5804753dbf966ff9f42ec1df78eca816959fcf38af2199a815496d660d0", "address": "35 MOUNT AUBURN, DUBLIN RD, DROGHEDA", "sale_date": "2025-09-29", "price": 740000.0, "property_type": "Detached", "beds": 4.0, "baths": 3.0, "floor_area_m2": 183.0, "ber": "C1", "asking_price": 625000.0, "eur_per_m2": 4043.7158469945357, "sale_vs_asking": 0.18399999999999994, "daft_url": "https://www.daft.ie/sold/35-mount-auburn-dublin-rd-drogheda-louth/0CA7AE577924DC8E80258D25005AAF40", "not_full_market_price": 0}}, {"type": "Feature", "geometry": {"type": "Point", "coordinates": [-6.36234186096908, 53.72342183684203]}, "properties": {"ppr_id": "8541ed2dbef328170ceee98b7ba2f987a0b13eb4ddddc491347d97c5ef2db32b", "address": "119 ASHFIELD, NORTH RD DROGHEDA, LOUTH", "sale_date": "2025-09-30", "price": 350000.0, "property_type": "Detached", "beds": 3.0, "baths": 1.0, "floor_area_m2": 89.0, "ber": "D2", "asking_price": 350000.0, "eur_per_m2": 3932.5842696629215, "sale_vs_asking": 0.0, "daft_url": "https://www.daft.ie/sold/119-ashfield-north-rd-drogheda-louth/1CE72DF055B28A1280258D25005AB014", "not_full_market_price": 0}}, {"type": "Feature", "geometry": {"type": "Point", "coordinates": [-6.3436302547288745, 53.72730634492683]}, "properties": {"ppr_id": "4e1702c4cd358907db88a2cf0e7349dca4eb4c626e4374cef63df66c97490523", "address": "17 Listoke Pines, Ballymakenny Road, Drogheda", "sale_date": "2025-09-30", "price": 348251.0, "property_type": null, "beds": null, "baths": null, "floor_area_m2": null, "ber": null, "asking_price": null, "eur_per_m2": null, "sale_vs_asking": null, "daft_url": "https://www.daft.ie/sold/17-listoke-pines-ballymakenny-road-drogheda-louth/01AD9D0202BB4B4380258D3200602540", "not_full_market_price": 0}}, {"type": "Feature", "geometry": {"type": "Point", "coordinates": [-6.347181692121045, 53.72420423629953]}, "properties": {"ppr_id": "7b6a38b43b5e7076be87e164475d463ee7bea837170eeb882ab9df692c7f20f6", "address": "18 Listoke Lines, BALLYMAKENNY ROAD, Drogheda", "sale_date": "2025-09-30", "price": 343612.0, "property_type": null, "beds": null, "baths": null, "floor_area_m2": null, "ber": null, "asking_price": null, "eur_per_m2": null, "sale_vs_asking": null, "daft_url": "https://www.daft.ie/sold/18-listoke-lines-ballymakenny-road-drogheda-louth/31971838B37FEFCC80258D25005AAF58", "not_full_market_price": 0}}, {"type": "Feature", "geometry": {"type": "Point", "coordinates": [-6.4132787249145435, 53.74754209186095]}, "properties": {"ppr_id": "3effcad2d517e9889682b57f6e63ea26bd794e267e3a5cad3e1c072f85afb6d6", "address": "BALGATHERN, DROGHEDA, LOUTH", "sale_date": "2025-09-30", "price": 425000.0, "property_type": null, "beds": null, "baths": null, "floor_area_m2": null, "ber": null, "asking_price": null, "eur_per_m2": null, "sale_vs_asking": null, "daft_url": "https://www.daft.ie/sold/begrath-drogheda-louth/7D4EE93C81F3D71680257A7D00558200", "not_full_market_price": 0}}, {"type": "Feature", "geometry": {"type": "Point", "coordinates": [-6.343692180411964, 53.72734580016275]}, "properties": {"ppr_id": "8e5c7776de9df1e5228bd17f0ce385cef7a6c7da2c4eba7938a85fede2b5c97c", "address": "1 Listoke Pines, Ballymakenny Road, Drogheda", "sale_date": "2025-10-01", "price": 388433.0, "property_type": null, "beds": null, "baths": null, "floor_area_m2": null, "ber": null, "asking_price": null, "eur_per_m2": null, "sale_vs_asking": null, "daft_url": "https://www.daft.ie/sold/1-listoke-pines-ballymakenny-road-drogheda-louth/A871805B5F3857A380258D3200602544", "not_full_market_price": 0}}, {"type": "Feature", "geometry": {"type": "Point", "coordinates": [-6.3312485195485735, 53.73019389099293]}, "properties": {"ppr_id": "342fb7f20ad1ac555785d0d5e20cfd065e1489798c1d08cc711a5a899748524a", "address": "15 OAKWOOD PARK, TERMON ABBEY, DROGHEDA", "sale_date": "2025-10-01", "price": 280000.0, "property_type": "Semi-D", "beds": 3.0, "baths": null, "floor_area_m2": null, "ber": "C1", "asking_price": 285000.0, "eur_per_m2": null, "sale_vs_asking": -0.01754385964912286, "daft_url": "https://www.daft.ie/sold/15-oakwood-park-termon-abbey-drogheda-louth/72B5D15A00C962FA80258D1D005AB080", "not_full_market_price": 0}}, {"type": "Feature", "geometry": {"type": "Point", "coordinates": [-6.322409634958015, 53.70317349875223]}, "properties": {"ppr_id": "ac29518cb9db1011cdbaefd8ca2c12bbb68e586bbcbac51e02e76a9b2f2f6e66", "address": "27 THE VIEW, FIVE OAKS VILLAGE, DROGHEDA", "sale_date": "2025-10-01", "price": 335000.0, "property_type": "Semi-D", "beds": 3.0, "baths": 3.0, "floor_area_m2": null, "ber": "C3", "asking_price": null, "eur_per_m2": null, "sale_vs_asking": null, "daft_url": "https://www.daft.ie/sold/27-the-view-five-oaks-village-drogheda-louth/33066F13F8AD886280258D1D005AB199", "not_full_market_price": 0}}, {"type": "Feature", "geometry": {"type": "Point", "coordinates": [-6.333688219123385, 53.726852164134485]}, "properties": {"ppr_id": "1f1e33a463421bb0648abe7cd4aa2666786e6dc2828b9cafd42386131c0afb63", "address": "5 The Chesters, Termonfeckin Road, Drogheda", "sale_date": "2025-10-01", "price": 370044.05, "property_type": null, "beds": null, "baths": null, "floor_area_m2": null, "ber": null, "asking_price": null, "eur_per_m2": null, "sale_vs_asking": null, "daft_url": "https://www.daft.ie/sold/5-the-chesters-termonfeckin-road-drogheda-louth/A7E91B373AFFC94880258D1D005AB229", "not_full_market_price": 0}}, {"type": "Feature", "geometry": {"type": "Point", "coordinates": [-6.349537278777915, 53.71623379951174]}, "properties": {"ppr_id": "35c9a8903e92c2646a29fc2a4299998e192238c8c5aca1cc080e2d5e784878ce", "address": "1 ALBANY TCE, WILLIAM ST, DROGHEDA", "sale_date": "2025-10-02", "price": 520000.0, "property_type": "End of Terrace", "beds": 3.0, "baths": 3.0, "floor_area_m2": null, "ber": "Exempt", "asking_price": null, "eur_per_m2": null, "sale_vs_asking": null, "daft_url": "https://www.daft.ie/sold/1-albany-tce-william-st-drogheda-louth/BDCC715DA6C3305680258D25005AAE83", "not_full_market_price": 0}}, {"type": "Feature", "geometry": {"type": "Point", "coordinates": [-6.271337593705987, 53.761562009875085]}, "properties": {"ppr_id": "5b1a24e2915d73fa42f52121f59d649bc123b467d8a6a4078d7cfc66ac893dcf", "address": "44 COLLEGE RISE, TERMONFECKIN RD, DROGHEDA", "sale_date": "2025-10-02", "price": 292000.0, "property_type": "Semi-D", "beds": 3.0, "baths": 1.0, "floor_area_m2": 78.0, "ber": "E1", "asking_price": 245000.0, "eur_per_m2": 3743.5897435897436, "sale_vs_asking": 0.19183673469387763, "daft_url": "https://www.daft.ie/sold/44-college-rise-termonfeckin-rd-drogheda-louth/F5120DCAC7184DF980258D1D005AB1FC", "not_full_market_price": 0}}, {"type": "Feature", "geometry": {"type": "Point", "coordinates": [-6.3435521330979, 53.72737623705903]}, "properties": {"ppr_id": "3994504900d7e56f258e6737a6602bd292aa8138b88404f673ce3a7a5f94feb6", "address": "19 Listoke Pines, Ballymakenny Road, Drogheda", "sale_date": "2025-10-03", "price": 334856.0, "property_type": null, "beds": null, "baths": null, "floor_area_m2": null, "ber": null, "asking_price": null, "eur_per_m2": null, "sale_vs_asking": null, "daft_url": "https://www.daft.ie/sold/19-listoke-pines-ballymakenny-road-drogheda-louth/EF7EDD591828DE2080258D3200602547", "not_full_market_price": 0}}, {"type": "Feature", "geometry": {"type": "Point", "coordinates": [-6.343680747978164, 53.727346363808984]}, "properties": {"ppr_id": "63af3b17da4a4c6c8a4559f575f3f946f17b9d889f5b2e2568fbf043d1695340", "address": "21 Listoke Pines, Ballymakenny Road, Drogheda", "sale_date": "2025-10-03", "price": 365637.0, "property_type": null, "beds": null, "baths": null, "floor_area_m2": null, "ber": null, "asking_price": null, "eur_per_m2": null, "sale_vs_asking": null, "daft_url": "https://www.daft.ie/sold/21-listoke-pines-ballymakenny-road-drogheda-louth/300D9A01775B6F0280258D320060254C", "not_full_market_price": 0}}, {"type": "Feature", "geometry": {"type": "Point", "coordinates": [-6.350866811472167, 53.71805448279963]}, "properties": {"ppr_id": "153693f2b8f332f8bc49df40d281ce8aa69c8316555ffdb1e66cdde101f6885e", "address": "22 MAGDALENE ST, DROGHEDA, LOUTH", "sale_date": "2025-10-03", "price": 246000.0, "property_type": "Townhouse", "beds": 2.0, "baths": 1.0, "floor_area_m2": null, "ber": "D1", "asking_price": 230000.0, "eur_per_m2": null, "sale_vs_asking": 0.06956521739130439, "daft_url": "https://www.daft.ie/sold/22-magdalene-st-drogheda-louth/39AF706C52D8AB4780258D2B005AB280", "not_full_market_price": 0}}, {"type": "Feature", "geometry": {"type": "Point", "coordinates": [-6.345941974759194, 53.71791856326647]}, "properties": {"ppr_id": "f367eadd8b1a7459f219d84d0eaa1c3af46b24c6b8e6892ba30b88d66b701b7f", "address": "22 SIENNA, DROGHEDA, CO LOUTH", "sale_date": "2025-10-03", "price": 219000.0, "property_type": "Apartment", "beds": 2.0, "baths": 1.0, "floor_area_m2": 62.0, "ber": "D1", "asking_price": 205000.0, "eur_per_m2": 3532.2580645161293, "sale_vs_asking": 0.06829268292682933, "daft_url": "https://www.daft.ie/sold/22-sienna-drogheda/760464FED519DD2A80258D25005AAE9C", "not_full_market_price": 0}}, {"type": "Feature", "geometry": {"type": "Point", "coordinates": [-6.393646997247391, 53.724257590124914]}, "properties": {"ppr_id": "12e316c2f35c7e59b4e75c12d836d390684ad68d6cc5803fff3ed716b46a96b9", "address": "31 Gort Mell, Old Slane Road, Drogheda", "sale_date": "2025-10-03", "price": 351982.38, "property_type": null, "beds": null, "baths": null, "floor_area_m2": null, "ber": null, "asking_price": null, "eur_per_m2": null, "sale_vs_asking": null, "daft_url": "https://www.daft.ie/sold/31-gort-mell-old-slane-road-drogheda-louth/B46D7F47C589929880258D4000602370", "not_full_market_price": 0}}, {"type": "Feature", "geometry": {"type": "Point", "coordinates": [-6.393680339439996, 53.72425082637019]}, "properties": {"ppr_id": "674f70062abae5f96d764641d80fbd2c0a3ad60804bb22989eaa1b11127af094", "address": "32 Gort Mell, Old Slane Road, Drogheda", "sale_date": "2025-10-03", "price": 308370.04, "property_type": null, "beds": null, "baths": null, "floor_area_m2": null, "ber": null, "asking_price": null, "eur_per_m2": null, "sale_vs_asking": null, "daft_url": "https://www.daft.ie/sold/32-gort-mell-old-slane-road-drogheda-louth/83BDD1568150764D80258D4700603AD5", "not_full_market_price": 0}}, {"type": "Feature", "geometry": {"type": "Point", "coordinates": [-6.384152750522711, 53.72182501926191]}, "properties": {"ppr_id": "ade48fb283aa65a72c5d4d14575790fd5ae28c2cbf3328eb10146799be5ff586", "address": "33 GORTWELL, SLANE ROAD, DROGHEDA", "sale_date": "2025-10-03", "price": 308370.0, "property_type": null, "beds": null, "baths": null, "floor_area_m2": null, "ber": null, "asking_price": null, "eur_per_m2": null, "sale_vs_asking": null, "daft_url": "https://www.daft.ie/sold/33-boyne-hall-slane-rd-drogheda-louth/CE533784F98A93AC80257EBB00477CA0", "not_full_market_price": 0}}, {"type": "Feature", "geometry": {"type": "Point", "coordinates": [-6.347182669346883, 53.717236626587194]}, "properties": {"ppr_id": "a07a25df9647d8abd4620f22f7836861387500b8d0b396a2daec46ac6c180ad1", "address": "55 SIENNA, FRANCIS ST, DROGHEDA", "sale_date": "2025-10-03", "price": 281000.0, "property_type": "End of Terrace", "beds": 3.0, "baths": 2.0, "floor_area_m2": 104.0, "ber": "C1", "asking_price": 275000.0, "eur_per_m2": 2701.923076923077, "sale_vs_asking": 0.021818181818181737, "daft_url": "https://www.daft.ie/sold/55-sienna-francis-st-drogheda-louth/D5DD6470B465745180258D1D005AB23B", "not_full_market_price": 0}}, {"type": "Feature", "geometry": {"type": "Point", "coordinates": [-6.343699702040252, 53.72729295507317]}, "properties": {"ppr_id": "975a187c55b77aaf1327f02435c22806d0672e9fb8ee585a27de8b3d3fcee405", "address": "61 AVENUE 1, YELLOWBATTER, DROGHEDA", "sale_date": "2025-10-03", "price": 275000.0, "property_type": "End of Terrace", "beds": 3.0, "baths": 1.0, "floor_area_m2": 85.0, "ber": "D1", "asking_price": 245000.0, "eur_per_m2": 3235.294117647059, "sale_vs_asking": 0.12244897959183665, "daft_url": "https://www.daft.ie/sold/61-avenue-1-yellowbatter-drogheda-louth/D85DACD55D6AFAA580258D25005AAF07", "not_full_market_price": 0}}, {"type": "Feature", "geometry": {"type": "Point", "coordinates": [-6.347513272051256, 53.716028790016416]}, "properties": {"ppr_id": "1afe933aa1c5cd1cfd511b2cc3cfb4a592fa9645652c1645305cd2f23bff9e65", "address": "APT 1, 10 PALACE STREET, DROGHEDA", "sale_date": "2025-10-03", "price": 173000.0, "property_type": null, "beds": null, "baths": null, "floor_area_m2": null, "ber": null, "asking_price": null, "eur_per_m2": null, "sale_vs_asking": null, "daft_url": "https://www.daft.ie/sold/apt-1-10-palace-street-drogheda-louth/844EF7FD0E41FA6B80258D4000602794", "not_full_market_price": 0}}, {"type": "Feature", "geometry": {"type": "Point", "coordinates": [-6.3489470567565265, 53.73636578269113]}, "properties": {"ppr_id": "10780238ab211139aa2cfa2b3fddc43aa3df8e9f6a933c9dd3766f7cdbf6e853", "address": "16 Ballymakenny Place, Ballymakenny Park, Drogheda", "sale_date": "2025-10-06", "price": 348017.0, "property_type": null, "beds": null, "baths": null, "floor_area_m2": null, "ber": null, "asking_price": null, "eur_per_m2": null, "sale_vs_asking": null, "daft_url": "https://www.daft.ie/sold/16-ballymakenny-place-ballymakenny-park-drogheda-louth/E678994E6826DC9580258D2B005AAF5A", "not_full_market_price": 0}}, {"type": "Feature", "geometry": {"type": "Point", "coordinates": [-6.343543558772549, 53.72727816261546]}, "properties": {"ppr_id": "e321b69f54da613abe9e61a26a1bce15f09d7c9045c6b5388805a07019dbbac7", "address": "14 Listoke Pines, Ballymakenny Road, Drogheda", "sale_date": "2025-10-07", "price": 365637.0, "property_type": null, "beds": null, "baths": null, "floor_area_m2": null, "ber": null, "asking_price": null, "eur_per_m2": null, "sale_vs_asking": null, "daft_url": "https://www.daft.ie/sold/14-listoke-pines-ballymakenny-road-drogheda-louth/146067AC83873DD380258D3200602556", "not_full_market_price": 0}}, {"type": "Feature", "geometry": {"type": "Point", "coordinates": [-6.3437093290626665, 53.72740329207795]}, "properties": {"ppr_id": "c6771e92b7fb5ee9093bdc3461f95c15f597f42da554217bdf8fe2c314809db0", "address": "16 Listoke Pines, Ballymakenny Road, Drogheda", "sale_date": "2025-10-07", "price": 334856.0, "property_type": null, "beds": null, "baths": null, "floor_area_m2": null, "ber": null, "asking_price": null, "eur_per_m2": null, "sale_vs_asking": null, "daft_url": "https://www.daft.ie/sold/16-listoke-pines-ballymakenny-road-drogheda-louth/A032BF2B71E62DB980258D320060254F", "not_full_market_price": 0}}, {"type": "Feature", "geometry": {"type": "Point", "coordinates": [-6.346731703233472, 53.733155635974015]}, "properties": {"ppr_id": "ee307c87f4958ea87dc7480d7e770900b3f7f03b393744908f4c80d0590e5f4b", "address": "20 LISTOKE PINES, BALLYMAKENNY, DROGHEDA", "sale_date": "2025-10-07", "price": 330396.47, "property_type": null, "beds": null, "baths": null, "floor_area_m2": null, "ber": null, "asking_price": null, "eur_per_m2": null, "sale_vs_asking": null, "daft_url": "https://www.daft.ie/sold/20-listoke-elms-ballymakenny-road-drogheda-louth/7BF03BFA26796E07802589D5005ABB4A", "not_full_market_price": 0}}, {"type": "Feature", "geometry": {"type": "Point", "coordinates": [-6.336551016344875, 53.707532244384325]}, "properties": {"ppr_id": "11a5bd8aaf6345133d3ef31e07a54378ecff1b7afb57587c91afdaf96f958884", "address": "22 THE GROVE, MARTELLO VILLAGE, DROGHEDA", "sale_date": "2025-10-07", "price": 240000.0, "property_type": "Apartment", "beds": 2.0, "baths": 2.0, "floor_area_m2": 65.0, "ber": "C1", "asking_price": 215000.0, "eur_per_m2": 3692.3076923076924, "sale_vs_asking": 0.11627906976744184, "daft_url": "https://www.daft.ie/sold/22-the-grove-martello-village-drogheda-louth/1BCE079A7110D07A80258D2B005AB092", "not_full_market_price": 0}}, {"type": "Feature", "geometry": {"type": "Point", "coordinates": [-6.343524504716213, 53.72739540103077]}, "properties": {"ppr_id": "ba2f4419b741f37fcbe72abf8b28ec74c687e21c1b1e0da5157d12182e29d8df", "address": "15 Listoke Pines, Ballymakenny Road, Drogheda", "sale_date": "2025-10-08", "price": 334856.0, "property_type": null, "beds": null, "baths": null, "floor_area_m2": null, "ber": null, "asking_price": null, "eur_per_m2": null, "sale_vs_asking": null, "daft_url": "https://www.daft.ie/sold/15-listoke-pines-ballymakenny-road-drogheda-louth/2A94A1F206AF82AD80258D3200602552", "not_full_market_price": 0}}, {"type": "Feature", "geometry": {"type": "Point", "coordinates": [-6.353751840841809, 53.73766111030909]}, "properties": {"ppr_id": "c1d25e05ace3fce569b3312f6cb0faf624f6bfef5dac159c8339cf809b5953b1", "address": "47 Ballymakenny Dene, Ballymakenny Park, Drogheda", "sale_date": "2025-10-08", "price": 281938.32, "property_type": null, "beds": null, "baths": null, "floor_area_m2": null, "ber": null, "asking_price": null, "eur_per_m2": null, "sale_vs_asking": null, "daft_url": "https://www.daft.ie/sold/47-ballymakenny-dene-ballymakenny-park-drogheda-louth/58BE6E67AF30ACD180258D3200602672", "not_full_market_price": 0}}, {"type": "Feature", "geometry": {"type": "Point", "coordinates": [-6.336622355754912, 53.70853259001641]}, "properties": {"ppr_id": "b3cc02632baa3e04bdad0f206056804c7ae07b66a411151173be8737cef14dc4", "address": "13 BLACKBUSH AVE, BRYANSTOWN, DROGHEDA", "sale_date": "2025-10-09", "price": 345000.0, "property_type": "Detached", "beds": 3.0, "baths": 3.0, "floor_area_m2": 120.0, "ber": "C2", "asking_price": 355000.0, "eur_per_m2": 2875.0, "sale_vs_asking": -0.028169014084507005, "daft_url": "https://www.daft.ie/sold/13-blackbush-ave-bryanstown-drogheda-louth/41F5ADD1E31B0C9980258D320060262F", "not_full_market_price": 0}}, {"type": "Feature", "geometry": {"type": "Point", "coordinates": [-6.385654334010116, 53.714989909983586]}, "properties": {"ppr_id": "1ad52e1debfa94c33a1c0836ad3c6515475ca3848b30bd746e272753f83e0fb3", "address": "7 THE DRIVE, RIVERBANK, DROGHEDA", "sale_date": "2025-10-09", "price": 345000.0, "property_type": "Semi-D", "beds": 4.0, "baths": 3.0, "floor_area_m2": 120.0, "ber": "C3", "asking_price": 335000.0, "eur_per_m2": 2875.0, "sale_vs_asking": 0.029850746268656803, "daft_url": "https://www.daft.ie/sold/7-the-drive-riverbank-drogheda-louth/8FEFB09980497E8F80258D32006023C4", "not_full_market_price": 0}}, {"type": "Feature", "geometry": {"type": "Point", "coordinates": [-6.43571091625824, 53.73841212680419]}, "properties": {"ppr_id": "4e571a08997f47cef6682e00011e595ce8166f9b670567ff800588e80dbcb84a", "address": "4 ST MALACHYS AVE, TULLYALLEN, DROGHEDA", "sale_date": "2025-10-10", "price": 225000.0, "property_type": null, "beds": null, "baths": null, "floor_area_m2": null, "ber": null, "asking_price": null, "eur_per_m2": null, "sale_vs_asking": null, "daft_url": "https://www.daft.ie/sold/4-mary-st-drogheda-louth/C5ECF2E2EF0434FA80258384004CF8A5", "not_full_market_price": 0}}, {"type": "Feature", "geometry": {"type": "Point", "coordinates": [-6.359305595148271, 53.71267814579485]}, "properties": {"ppr_id": "0647e9d4ad3311f1e499bad5705d851092f4fb66fa489ec8d9f0c48127e91138", "address": "8 BALLSGROVE, DROGHEDA, LOUTH", "sale_date": "2025-10-10", "price": 275000.0, "property_type": "Terrace", "beds": 3.0, "baths": 1.0, "floor_area_m2": 78.0, "ber": "D1", "asking_price": 235000.0, "eur_per_m2": 3525.641025641026, "sale_vs_asking": 0.17021276595744683, "daft_url": "https://www.daft.ie/sold/8-ballsgrove-drogheda-louth/8ED42E89F8203CA880258D25005AB327", "not_full_market_price": 0}}, {"type": "Feature", "geometry": {"type": "Point", "coordinates": [-6.321813095726293, 53.73052920792205]}, "properties": {"ppr_id": "3b63f79763d912d330090d803976f45aa9ea10b133fef4aa166ecdc034375aa9", "address": "14 Beaulieu Banks, TERMONFECKIN ROAD, Drogheda", "sale_date": "2025-10-13", "price": 348018.0, "property_type": null, "beds": null, "baths": null, "floor_area_m2": null, "ber": null, "asking_price": null, "eur_per_m2": null, "sale_vs_asking": null, "daft_url": "https://www.daft.ie/sold/14-beaulieu-banks-termonfeckin-road-drogheda-louth/6EFCC95E9EC0105380258D39006027A4", "not_full_market_price": 0}}, {"type": "Feature", "geometry": {"type": "Point", "coordinates": [-6.3588303838317195, 53.72113329951174]}, "properties": {"ppr_id": "df74b9b3e4681d1d96a508d7b355191f216023ec8dc62181989be6199572f1e8", "address": "5 ASHLEIGH HEIGHTS, NORTH RD, DROGHEDA", "sale_date": "2025-10-13", "price": 387000.0, "property_type": "Semi-D", "beds": 4.0, "baths": 3.0, "floor_area_m2": 111.0, "ber": "C3", "asking_price": 345000.0, "eur_per_m2": 3486.4864864864867, "sale_vs_asking": 0.12173913043478257, "daft_url": "https://www.daft.ie/sold/5-ashleigh-heights-north-rd-drogheda-louth/C4BEBA48C5AC52CE80258D320060269E", "not_full_market_price": 0}}, {"type": "Feature", "geometry": {"type": "Point", "coordinates": [-6.338820687428351, 53.71753860081377]}, "properties": {"ppr_id": "6bf037976eb73ca74d2aeddb77c186e6b174a33f0ba2b627957cbcdcb01e4827", "address": "6 Seven Winds, North, Drogheda", "sale_date": "2025-10-14", "price": 436123.34, "property_type": null, "beds": null, "baths": null, "floor_area_m2": null, "ber": null, "asking_price": null, "eur_per_m2": null, "sale_vs_asking": null, "daft_url": "https://www.daft.ie/sold/6-seven-winds-north-drogheda-louth/81C1967C53D5B6A280258D3900602653", "not_full_market_price": 0}}, {"type": "Feature", "geometry": {"type": "Point", "coordinates": [-6.355546603421965, 53.73186677156827]}, "properties": {"ppr_id": "9bd9b043b45e80f1ceedbcd0fa13e57ba521b15dbeb89e6e18f9e612cee7dcf6", "address": "31 Usher's Mill Green, Usher's Mill, Drogheda", "sale_date": "2025-10-15", "price": 330396.0, "property_type": null, "beds": null, "baths": null, "floor_area_m2": null, "ber": null, "asking_price": null, "eur_per_m2": null, "sale_vs_asking": null, "daft_url": "https://www.daft.ie/sold/31-ushers-mill-green-ushers-mill-drogheda-louth/9853CB33AB2C905580258D32006023F0", "not_full_market_price": 0}}, {"type": "Feature", "geometry": {"type": "Point", "coordinates": [-6.347578172331125, 53.713412726695694]}, "properties": {"ppr_id": "6c4b6dc86ab58805fa3b3bbefb32e290ea72a9c3f2454f5c11f4626031aabff3", "address": "37 MARSH ROAD, DROGHEDA, CO LOUTH", "sale_date": "2025-10-17", "price": 95000.0, "property_type": "Detached", "beds": 4.0, "baths": 3.0, "floor_area_m2": 145.0, "ber": "D1", "asking_price": 295000.0, "eur_per_m2": 655.1724137931035, "sale_vs_asking": -0.6779661016949152, "daft_url": "https://www.daft.ie/sold/37-ashfield-crescent-north-rd-drogheda-louth/26FF64901FD12C078025882A005AA830", "not_full_market_price": 0}}, {"type": "Feature", "geometry": {"type": "Point", "coordinates": [-6.362482847768111, 53.72346016478549]}, "properties": {"ppr_id": "a758585a80c6b3c88474b021ccc7cea5a7413ead1144b5e6ccbd33f6fb02bf0c", "address": "33 Seven Winds, North Road, Drogheda", "sale_date": "2025-10-20", "price": 229074.89, "property_type": null, "beds": null, "baths": null, "floor_area_m2": null, "ber": null, "asking_price": null, "eur_per_m2": null, "sale_vs_asking": null, "daft_url": "https://www.daft.ie/sold/33-seven-winds-north-road-drogheda-louth/BA99A183399B69F080258D39006024CD", "not_full_market_price": 0}}, {"type": "Feature", "geometry": {"type": "Point", "coordinates": [-6.321318257129919, 53.730330973087305]}, "properties": {"ppr_id": "612613f7ed54beca5751a747fb84a4e60d75e2e016a331d6df1a01eb772dbdff", "address": "12 beaulieu banks, termonfeckin road, drogheda", "sale_date": "2025-10-21", "price": 400881.0, "property_type": null, "beds": null, "baths": null, "floor_area_m2": null, "ber": null, "asking_price": null, "eur_per_m2": null, "sale_vs_asking": null, "daft_url": "https://www.daft.ie/sold/12-beaulieu-banks-termonfeckin-road-drogheda-louth/F75D1D69EE1DCE2780258D320060254B", "not_full_market_price": 0}}, {"type": "Feature", "geometry": {"type": "Point", "coordinates": [-6.329784561335892, 53.73287168084659]}, "properties": {"ppr_id": "a5c39dbe9385b08d28d4f578086983391e846e3d2477e7bb6a395f3477fd4680", "address": "14 SHELDUCK ST, ASTON VILLAGE, DROGHEDA", "sale_date": "2025-10-21", "price": 250000.0, "property_type": "Terrace", "beds": 2.0, "baths": 3.0, "floor_area_m2": 80.0, "ber": "C1", "asking_price": 195000.0, "eur_per_m2": 3125.0, "sale_vs_asking": 0.28205128205128216, "daft_url": "https://www.daft.ie/sold/14-shelduck-st-aston-village-drogheda-louth/647348E884A44F8380258D4E00603654", "not_full_market_price": 0}}, {"type": "Feature", "geometry": {"type": "Point", "coordinates": [-6.329138423659374, 53.72641833695053]}, "properties": {"ppr_id": "0a9d526f2d9b8e3bd05a868bf94ec9b62baa547e0e8b1c96904c731411fdf2a9", "address": "24 BEECHWOOD DR, TERMON ABBEY, DROGHEDA", "sale_date": "2025-10-23", "price": 350000.0, "property_type": "Semi-D", "beds": 3.0, "baths": 2.0, "floor_area_m2": 112.0, "ber": "C1", "asking_price": 299000.0, "eur_per_m2": 3125.0, "sale_vs_asking": 0.1705685618729098, "daft_url": "https://www.daft.ie/sold/24-beechwood-dr-termon-abbey-drogheda-louth/945063B9F7FDD8F380258D39006023E1", "not_full_market_price": 0}}, {"type": "Feature", "geometry": {"type": "Point", "coordinates": [-6.362359960625712, 53.72337843608251]}, "properties": {"ppr_id": "38e9be91fc9c60e127aa2b57dd0149a1c824d721b7632d4ec64cd92f8a370654", "address": "32 Seven Winds, North Road, Drogheda", "sale_date": "2025-10-23", "price": 295154.18, "property_type": "Terrace", "beds": 3.0, "baths": 2.0, "floor_area_m2": 74.0, "ber": "F", "asking_price": null, "eur_per_m2": 3988.5699999999997, "sale_vs_asking": null, "daft_url": "https://www.daft.ie/sold/32-north-rd-drogheda-louth/E1EDDA3488855963802586010047728E", "not_full_market_price": 0}}, {"type": "Feature", "geometry": {"type": "Point", "coordinates": [-6.346903004493287, 53.72122922745521]}, "properties": {"ppr_id": "1de1f600b3e9595a9c2738a2081b8dbdf88c5716e79732ed1b93582901cb1665", "address": "106A Pearse Park, Drogheda", "sale_date": "2025-10-24", "price": 380000.0, "property_type": null, "beds": null, "baths": null, "floor_area_m2": null, "ber": null, "asking_price": null, "eur_per_m2": null, "sale_vs_asking": null, "daft_url": "https://www.daft.ie/sold/106a-pearse-park-drogheda-louth/51108600370DF9E880258D47006036A6", "not_full_market_price": 0}}, {"type": "Feature", "geometry": {"type": "Point", "coordinates": [-6.322212538391136, 53.70319153543151]}, "properties": {"ppr_id": "b98b3bfde403358fd528e864cd91b298567913d91f37cac36470f09e4552c21d", "address": "13 THE VIEW, FIVE OAKS VILLAGE, DROGHEDA", "sale_date": "2025-10-24", "price": 380000.0, "property_type": "Semi-D", "beds": 3.0, "baths": 3.0, "floor_area_m2": null, "ber": "C2", "asking_price": 340000.0, "eur_per_m2": null, "sale_vs_asking": 0.11764705882352944, "daft_url": "https://www.daft.ie/sold/13-the-view-five-oaks-village-drogheda-louth/F6D720BAD03BC47480258D3200602817", "not_full_market_price": 1}}, {"type": "Feature", "geometry": {"type": "Point", "coordinates": [-6.367376809020234, 53.69857397189379]}, "properties": {"ppr_id": "efeb33e8fb67dc738d76bd98047950cac396f34293e15c52d133c1c5ebcd6746", "address": "140 Kestrel Manor, Drogheda", "sale_date": "2025-10-24", "price": 339207.05, "property_type": null, "beds": null, "baths": null, "floor_area_m2": null, "ber": null, "asking_price": null, "eur_per_m2": null, "sale_vs_asking": null, "daft_url": "https://www.daft.ie/sold/140-kestrel-manor-drogheda-louth/B4D09118934ED86E80258D39006025DD", "not_full_market_price": 0}}, {"type": "Feature", "geometry": {"type": "Point", "coordinates": [-6.317477498493483, 53.706748090233425]}, "properties": {"ppr_id": "c65a6c354bc6410b12c2e876d7d973763c7fa79cd0abc6a8810fe074e2ff8d18", "address": "4 STAMEEN LAWNS, DROGHEDA, LOUTH", "sale_date": "2025-10-24", "price": 355000.0, "property_type": "Detached", "beds": 3.0, "baths": 1.0, "floor_area_m2": 112.0, "ber": "D2", "asking_price": 365000.0, "eur_per_m2": 3169.6428571428573, "sale_vs_asking": -0.0273972602739726, "daft_url": "https://www.daft.ie/sold/4-stameen-lawns-drogheda-louth/11AF986C400A1EC680258D32006027FA", "not_full_market_price": 0}}, {"type": "Feature", "geometry": {"type": "Point", "coordinates": [-6.358368931391086, 53.71391799907773]}, "properties": {"ppr_id": "97dc2c723fe9b776365b729c94b25b8a4885ffdd4a1fd758d21261560ffc332a", "address": "1 THE ANCHORAGE, RATHMULLAN RD, DROGHEDA", "sale_date": "2025-10-28", "price": 450000.0, "property_type": "Detached", "beds": 4.0, "baths": 3.0, "floor_area_m2": 260.0, "ber": "C3", "asking_price": 425000.0, "eur_per_m2": 1730.7692307692307, "sale_vs_asking": 0.05882352941176472, "daft_url": "https://www.daft.ie/sold/1-the-anchorage-rathmullan-rd-drogheda-louth/65417B27291FB2D080258D39006026C6", "not_full_market_price": 0}}, {"type": "Feature", "geometry": {"type": "Point", "coordinates": [-6.357504403315544, 53.7219224729788]}, "properties": {"ppr_id": "be4b0b8ad3ffc0358e83ce5a469ffc3c3b159cfc636261f7b8f55a6ea62fcc04", "address": "28 ANNEVILLE CRESCENT, DROGHEDA, LOUTH", "sale_date": "2025-10-28", "price": 295000.0, "property_type": "Semi-D", "beds": 3.0, "baths": 2.0, "floor_area_m2": 93.0, "ber": "C2", "asking_price": 250000.0, "eur_per_m2": 3172.043010752688, "sale_vs_asking": 0.17999999999999994, "daft_url": "https://www.daft.ie/sold/28-anneville-crescent-drogheda-louth/21EA0C6E0AFE66BF80258D5C00603852", "not_full_market_price": 0}}, {"type": "Feature", "geometry": {"type": "Point", "coordinates": [-6.362394254711963, 53.72337843608251]}, "properties": {"ppr_id": "9c19f3748e8ff65ed50077d37944592b2c5bcda993c1e0e7258efeeccbb30f05", "address": "28 Seven Winds, North Road, Drogheda", "sale_date": "2025-10-29", "price": 214768.14, "property_type": null, "beds": null, "baths": null, "floor_area_m2": null, "ber": null, "asking_price": null, "eur_per_m2": null, "sale_vs_asking": null, "daft_url": "https://www.daft.ie/sold/28-seven-winds-north-road-drogheda-louth/76450D443755739F80258D3900602695", "not_full_market_price": 1}}, {"type": "Feature", "geometry": {"type": "Point", "coordinates": [-6.362480942541096, 53.72341169120993]}, "properties": {"ppr_id": "cd92e207caa9f2ce0aa8c53f92c607aa14db2c8301ff01bb2ea260ad7ad26227", "address": "29 Seven Winds, North Road, Drogheda", "sale_date": "2025-10-29", "price": 247179.09, "property_type": null, "beds": null, "baths": null, "floor_area_m2": null, "ber": null, "asking_price": null, "eur_per_m2": null, "sale_vs_asking": null, "daft_url": "https://www.daft.ie/sold/29-seven-winds-north-road-drogheda-louth/90ABAF95A7CF43C180258D390060269F", "not_full_market_price": 1}}, {"type": "Feature", "geometry": {"type": "Point", "coordinates": [-6.362387586417414, 53.72333898084659]}, "properties": {"ppr_id": "840fe37ad1f17c771a301dbb5bdf1853ea1ad8f1eeeb537cca7a2a37d597c976", "address": "30 Seven Winds, North Road, Drogheda", "sale_date": "2025-10-29", "price": 214768.14, "property_type": null, "beds": null, "baths": null, "floor_area_m2": null, "ber": null, "asking_price": null, "eur_per_m2": null, "sale_vs_asking": null, "daft_url": "https://www.daft.ie/sold/30-seven-winds-north-road-drogheda-louth/4A88472D69F6282980258D39006026A0", "not_full_market_price": 1}}, {"type": "Feature", "geometry": {"type": "Point", "coordinates": [-6.362243741777862, 53.72334518095509]}, "properties": {"ppr_id": "87bf924d37c9087ea660fc16ea8476dc1e5fbfc8177bfcfec13b143fcd72b842", "address": "31 Seven Winds, North Road, Drogheda", "sale_date": "2025-10-29", "price": 247187.09, "property_type": "Terrace", "beds": 2.0, "baths": 1.0, "floor_area_m2": 86.0, "ber": "D2", "asking_price": 210000.0, "eur_per_m2": 2874.268488372093, "sale_vs_asking": 0.17708138095238102, "daft_url": "https://www.daft.ie/sold/31-north-rd-drogheda-louth/036C104BF768BFC08025896700086893", "not_full_market_price": 1}}, {"type": "Feature", "geometry": {"type": "Point", "coordinates": [-6.362392349484948, 53.72346129207795]}, "properties": {"ppr_id": "dc39957a125050ebf3d44fb8da2625b644c8e1a36dbc760ec52642c30689cdfa", "address": "59 Seven Winds, North Road, Drogheda", "sale_date": "2025-10-29", "price": 312731.0, "property_type": null, "beds": null, "baths": null, "floor_area_m2": null, "ber": null, "asking_price": null, "eur_per_m2": null, "sale_vs_asking": null, "daft_url": "https://www.daft.ie/sold/59-seven-winds-north-road-drogheda-louth/2185BAB6796B053F80258D5500603861", "not_full_market_price": 0}}, {"type": "Feature", "geometry": {"type": "Point", "coordinates": [-6.347488508407372, 53.716016389799414]}, "properties": {"ppr_id": "e72b4637357d9fb803dc5300026d0bec38e3f6d70483de9b027e557d5370c797", "address": "1 PALACE ST, DROGHEDA, LOUTH", "sale_date": "2025-10-30", "price": 150000.0, "property_type": "End of Terrace", "beds": 4.0, "baths": 3.0, "floor_area_m2": 146.0, "ber": "Exempt", "asking_price": 220000.0, "eur_per_m2": 1027.3972602739725, "sale_vs_asking": -0.31818181818181823, "daft_url": "https://www.daft.ie/sold/apt-1-5-palace-street-drogheda-louth/6AA3B3D1C62633E080258ADF00602821", "not_full_market_price": 0}}, {"type": "Feature", "geometry": {"type": "Point", "coordinates": [-6.355469426056444, 53.731984009983584]}, "properties": {"ppr_id": "07957ab4dd4996374abe0515948a55e3004949ff3587f94a44f03280ae38e0fd", "address": "22 Usher's Mill Green, Usher's Mill, Drogheda", "sale_date": "2025-10-30", "price": 317180.61, "property_type": null, "beds": null, "baths": null, "floor_area_m2": null, "ber": null, "asking_price": null, "eur_per_m2": null, "sale_vs_asking": null, "daft_url": "https://www.daft.ie/sold/22-ushers-mill-green-ushers-mill-drogheda-louth/26B53007721AFA1280258D470060366A", "not_full_market_price": 0}}, {"type": "Feature", "geometry": {"type": "Point", "coordinates": [-6.320806729534488, 53.70473082647869]}, "properties": {"ppr_id": "058878fb97d291f7156a3897086f2f71fb983edefc71f4ab60e56313c2203552", "address": "5 WEAVERS WAY, WHEATON HALL, DUBLIN RD", "sale_date": "2025-10-30", "price": 362500.0, "property_type": "Bungalow", "beds": 3.0, "baths": 2.0, "floor_area_m2": 105.0, "ber": "C3", "asking_price": 375000.0, "eur_per_m2": 3452.3809523809523, "sale_vs_asking": -0.033333333333333326, "daft_url": "https://www.daft.ie/sold/5-weavers-way-wheaton-hall-dublin-rd-louth/F4FE2BE626BF441780258D6300602865", "not_full_market_price": 0}}, {"type": "Feature", "geometry": {"type": "Point", "coordinates": [-6.3556561762248664, 53.731935536408024]}, "properties": {"ppr_id": "7f46a1a410e7646692f7cc74e2b583c6f653256088f9f9ae91c7ffa573d01133", "address": "3 Usher's Mill Mews, Usher's Mill, Drogheda", "sale_date": "2025-10-31", "price": 330396.47, "property_type": null, "beds": null, "baths": null, "floor_area_m2": null, "ber": null, "asking_price": null, "eur_per_m2": null, "sale_vs_asking": null, "daft_url": "https://www.daft.ie/sold/3-ushers-mill-mews-ushers-mill-drogheda-louth/01F4993A55614E6A80258D4700603727", "not_full_market_price": 0}}, {"type": "Feature", "geometry": {"type": "Point", "coordinates": [-6.3391330272678665, 53.73033342723821]}, "properties": {"ppr_id": "348287bf61f0973c1754ef1d851971a3c1d17e0063e6fbdc87bc02ba199b63be", "address": "152 FOREST PARK, DROGHEDA, LOUTH", "sale_date": "2025-11-03", "price": 299000.0, "property_type": null, "beds": null, "baths": null, "floor_area_m2": null, "ber": null, "asking_price": null, "eur_per_m2": null, "sale_vs_asking": null, "daft_url": "https://www.daft.ie/sold/152-forest-park-drogheda-louth/C9A49A09AAF7AF3B80258D47006039BC", "not_full_market_price": 0}}, {"type": "Feature", "geometry": {"type": "Point", "coordinates": [-6.362403780847032, 53.72336321763437]}, "properties": {"ppr_id": "9186c07d5fd57103ee80c070cd12439d61352443d1390167f47fe0d14423b8a1", "address": "64 SEVEN WINDS, NORTH ROAD, DROGHEDA", "sale_date": "2025-11-03", "price": 312731.27, "property_type": null, "beds": null, "baths": null, "floor_area_m2": null, "ber": null, "asking_price": null, "eur_per_m2": null, "sale_vs_asking": null, "daft_url": "https://www.daft.ie/sold/64-seven-winds-north-road-drogheda-louth/4216410C9E820B6880258D47006035DC", "not_full_market_price": 0}}, {"type": "Feature", "geometry": {"type": "Point", "coordinates": [-6.355490387810042, 53.73187466261546]}, "properties": {"ppr_id": "4d2a825ed7931dfef6e6823aa7b6b618872c0c2b15eebcfe081f4dcb6df32b53", "address": "10 USHER'S MILL GREEN, USHER'S MILL, DROGHEDA", "sale_date": "2025-11-05", "price": 317180.62, "property_type": null, "beds": null, "baths": null, "floor_area_m2": null, "ber": null, "asking_price": null, "eur_per_m2": null, "sale_vs_asking": null, "daft_url": "https://www.daft.ie/sold/10-ushers-mill-green-ushers-mill-drogheda-louth/4E3757E66E77188380258D6A00602862", "not_full_market_price": 0}}, {"type": "Feature", "geometry": {"type": "Point", "coordinates": [-6.355489435003061, 53.73186338969091]}, "properties": {"ppr_id": "890c8eb02dc843604ed7985e6dd0153f017fe278ccef9ec9f6b10b28979b0a9e", "address": "2 USHER'S MILL GREEN, USHER'S MILL, DROGHEDA", "sale_date": "2025-11-05", "price": 325991.19, "property_type": null, "beds": null, "baths": null, "floor_area_m2": null, "ber": null, "asking_price": null, "eur_per_m2": null, "sale_vs_asking": null, "daft_url": "https://www.daft.ie/sold/2-ushers-mill-green-ushers-mill-drogheda-louth/B7AF6C3752BCF3A480258D6A00602859", "not_full_market_price": 0}}, {"type": "Feature", "geometry": {"type": "Point", "coordinates": [-6.307305498124998, 53.705271691535444]}, "properties": {"ppr_id": "fe880d81335319ab2bf8e629032d981b21e85e9d1f6cf901329f7ff4ce250935", "address": "20 PARK CLOSE, GRANGE RATH, DROGHEDA", "sale_date": "2025-11-05", "price": 375000.0, "property_type": "Semi-D", "beds": 3.0, "baths": 2.0, "floor_area_m2": 115.0, "ber": "C2", "asking_price": 315000.0, "eur_per_m2": 3260.8695652173915, "sale_vs_asking": 0.19047619047619047, "daft_url": "https://www.daft.ie/sold/20-park-close-grange-rath-drogheda-louth/345A6D252E0666CC80258D47006036C4", "not_full_market_price": 0}}, {"type": "Feature", "geometry": {"type": "Point", "coordinates": [-6.351492770706335, 53.7065970730873]}, "properties": {"ppr_id": "2c9a0542932eab377206709c40261782832131ec8d1b3f089c473fd8e5fc9ee9", "address": "26 ELMWOOD, OFF PLATTON RD, DROGHEDA", "sale_date": "2025-11-05", "price": 288000.0, "property_type": "End of Terrace", "beds": 3.0, "baths": 1.0, "floor_area_m2": 96.0, "ber": "D1", "asking_price": 275000.0, "eur_per_m2": 3000.0, "sale_vs_asking": 0.047272727272727355, "daft_url": "https://www.daft.ie/sold/26-elmwood-off-platton-rd-drogheda-louth/CDD09610A9463C9480258D40006026BB", "not_full_market_price": 0}}, {"type": "Feature", "geometry": {"type": "Point", "coordinates": [-6.355579951666327, 53.73187691720037]}, "properties": {"ppr_id": "569e67dd2f2403e6129249a0e60ff1f4459a63801783e78f95eadef93bc21d6c", "address": "27 USHER'S MILL AVENUE, USHER'S MILL, DROGHEDA", "sale_date": "2025-11-05", "price": 334801.76, "property_type": null, "beds": null, "baths": null, "floor_area_m2": null, "ber": null, "asking_price": null, "eur_per_m2": null, "sale_vs_asking": null, "daft_url": "https://www.daft.ie/sold/27-ushers-mill-avenue-ushers-mill-drogheda-louth/164210D71D34C12E80258D6A00602885", "not_full_market_price": 0}}, {"type": "Feature", "geometry": {"type": "Point", "coordinates": [-6.355611394296724, 53.73196540965807]}, "properties": {"ppr_id": "913ca7af8ccd4ac5a142169e1309c94d37084fe47850c89777e3d68706accb52", "address": "35 USHER&#039;S MILL AVENUE, USHER&#039;S MILL, DROGHEDA", "sale_date": "2025-11-05", "price": 325991.0, "property_type": null, "beds": null, "baths": null, "floor_area_m2": null, "ber": null, "asking_price": null, "eur_per_m2": null, "sale_vs_asking": null, "daft_url": "https://www.daft.ie/sold/35-ushers-mill-avenue-ushers-mill-drogheda-louth/AF61AFCE0E0035BA80258DC50060345D", "not_full_market_price": 0}}, {"type": "Feature", "geometry": {"type": "Point", "coordinates": [-6.339162815945023, 53.72929726402599]}, "properties": {"ppr_id": "501a0996ea89ddf9c589e92bffd124daca6ac4247cc8655be4776eaf1227d9d0", "address": "57 FOREST PARK, DROGHEDA, CO LOUTH", "sale_date": "2025-11-05", "price": 320000.0, "property_type": "Semi-D", "beds": 3.0, "baths": 1.0, "floor_area_m2": 77.0, "ber": "C3", "asking_price": 315000.0, "eur_per_m2": 4155.8441558441555, "sale_vs_asking": 0.015873015873015817, "daft_url": "https://www.daft.ie/sold/57-forest-park-drogheda/DDFDFA27CC4F601480258D40006026AA", "not_full_market_price": 0}}, {"type": "Feature", "geometry": {"type": "Point", "coordinates": [-6.348286768638918, 53.706868046554355]}, "properties": {"ppr_id": "605d67103a975b08d6dd29d22e04a909a19f656b26af89830dc4229d39e9e895", "address": "62 MEADOW VIEW, BEAMORE RD, DROGHEDA", "sale_date": "2025-11-05", "price": 350000.0, "property_type": "Semi-D", "beds": 4.0, "baths": 2.0, "floor_area_m2": 115.0, "ber": "D1", "asking_price": 345000.0, "eur_per_m2": 3043.478260869565, "sale_vs_asking": 0.01449275362318847, "daft_url": "https://www.daft.ie/sold/62-meadow-view-beamore-rd-drogheda-louth/7F9BC8F39943E04280258D47006035FC", "not_full_market_price": 0}}, {"type": "Feature", "geometry": {"type": "Point", "coordinates": [-6.362391396871442, 53.723418454964666]}, "properties": {"ppr_id": "d00ffdbd420a4d902fc0e30afaaaf220905e87a724f6b7ac23e03704baab1ab2", "address": "66 Seven Winds, North Road, Drogheda", "sale_date": "2025-11-05", "price": 370000.0, "property_type": null, "beds": null, "baths": null, "floor_area_m2": null, "ber": null, "asking_price": null, "eur_per_m2": null, "sale_vs_asking": null, "daft_url": "https://www.daft.ie/sold/66-seven-winds-north-road-drogheda-louth/8878DF93BF8772F080258D5C006035AD", "not_full_market_price": 0}}, {"type": "Feature", "geometry": {"type": "Point", "coordinates": [-6.39359746027552, 53.724310572870294]}, "properties": {"ppr_id": "6174f0a191151310a668d989c599d8f7de2be78eb896c33bf094ccaa058c4f5f", "address": "234 GORT MELL, OLD SLANE ROAD, DROGHEDA", "sale_date": "2025-11-06", "price": 351541.0, "property_type": null, "beds": null, "baths": null, "floor_area_m2": null, "ber": null, "asking_price": null, "eur_per_m2": null, "sale_vs_asking": null, "daft_url": "https://www.daft.ie/sold/234-gort-mell-old-slane-road-drogheda-louth/8C2B2AA1CA91443480258D6300602418", "not_full_market_price": 0}}, {"type": "Feature", "geometry": {"type": "Point", "coordinates": [-6.356208571658939, 53.70835507167678]}, "properties": {"ppr_id": "978c767b4f46177e91e02223dca07c498d2a972893521a4fcde59f4dccfcf6ac", "address": "109 MARIAN PARK, DROGHEDA, LOUTH", "sale_date": "2025-11-07", "price": 39077.84, "property_type": null, "beds": null, "baths": null, "floor_area_m2": null, "ber": null, "asking_price": null, "eur_per_m2": null, "sale_vs_asking": null, "daft_url": "https://www.daft.ie/sold/109-marian-park-drogheda-louth/48F65AF9933166D080258D710060276B", "not_full_market_price": 0}}, {"type": "Feature", "geometry": {"type": "Point", "coordinates": [-6.350957067018234, 53.70867644525234]}, "properties": {"ppr_id": "d7571bde55611d72be095d7d334a82bb1fbae91aec4b941d5b935fdc6aa641fa", "address": "144 Kestrel Manor, Platin Road, Drogheda", "sale_date": "2025-11-07", "price": 365638.0, "property_type": null, "beds": null, "baths": null, "floor_area_m2": null, "ber": null, "asking_price": null, "eur_per_m2": null, "sale_vs_asking": null, "daft_url": "https://www.daft.ie/sold/144-kestrel-manor-platin-road-drogheda-louth/25AC18DD71930BDE80258D470060360A", "not_full_market_price": 0}}, {"type": "Feature", "geometry": {"type": "Point", "coordinates": [-6.350323901160963, 53.71682440070526]}, "properties": {"ppr_id": "4a2d315ec4c194ef3b260b8b3942398329d209fa632ce8a88a50a89e5f6c280a", "address": "235 Gort Mell, Old Slane Road, drogheda  county louth", "sale_date": "2025-11-07", "price": 352422.9, "property_type": null, "beds": null, "baths": null, "floor_area_m2": null, "ber": null, "asking_price": null, "eur_per_m2": null, "sale_vs_asking": null, "daft_url": "https://www.daft.ie/sold/235-gort-mell-old-slane-road-drogheda/347AA4A6FDA08FA480258D47006035DE", "not_full_market_price": 0}}, {"type": "Feature", "geometry": {"type": "Point", "coordinates": [-6.338809257670485, 53.717536909875086]}, "properties": {"ppr_id": "b5ed1f3c535d3d37c934fb0ba7e6b11999f35685631b1f58b0a12a9b70e0d00d", "address": "25 NORTH STRAND, DROGHEDA, CO. LOUTH", "sale_date": "2025-11-07", "price": 13000.0, "property_type": null, "beds": null, "baths": null, "floor_area_m2": null, "ber": null, "asking_price": null, "eur_per_m2": null, "sale_vs_asking": null, "daft_url": "https://www.daft.ie/sold/25-seven-winds-north-road-drogheda-louth/BD7974A48BB846F380258D16005AB0DE", "not_full_market_price": 0}}, {"type": "Feature", "geometry": {"type": "Point", "coordinates": [-6.3286145781195575, 53.72692316239845]}, "properties": {"ppr_id": "0710af2e04e9c6ec2f1322896931b8958191263339ce9b3327549dcf8f5d488c", "address": "38 BEECHWOOD CLOSE, TERMON ABBEY, DROGHEDA", "sale_date": "2025-11-07", "price": 294000.0, "property_type": "Semi-D", "beds": 3.0, "baths": 2.0, "floor_area_m2": 88.0, "ber": "C2", "asking_price": 285000.0, "eur_per_m2": 3340.909090909091, "sale_vs_asking": 0.03157894736842115, "daft_url": "https://www.daft.ie/sold/38-beechwood-close-termon-abbey-drogheda-louth/B4499E3D3A8000A980258D4000602823", "not_full_market_price": 0}}, {"type": "Feature", "geometry": {"type": "Point", "coordinates": [-6.362345671423108, 53.72339139994575]}, "properties": {"ppr_id": "3d201c380f41df6dbb6e60a0d373e27b1f0cd07db1ec9088cf866937b9ecdd73", "address": "44 SEVEN WINDS, NORTH ROAD, DROGHEDA", "sale_date": "2025-11-07", "price": 299515.42, "property_type": null, "beds": null, "baths": null, "floor_area_m2": null, "ber": null, "asking_price": null, "eur_per_m2": null, "sale_vs_asking": null, "daft_url": "https://www.daft.ie/sold/44-seven-winds-north-road-drogheda-louth/82F64494CFD0338080258D63006027A0", "not_full_market_price": 0}}, {"type": "Feature", "geometry": {"type": "Point", "coordinates": [-6.338770205997777, 53.71745236294097]}, "properties": {"ppr_id": "9b12d01ed8cec98cce62d42e06b14a1815a0fc409ce5c575ef097cd99402f088", "address": "7 STRAND COTTAGES, NORTH STRAND, DROGHEDA", "sale_date": "2025-11-07", "price": 253000.0, "property_type": "End of Terrace", "beds": 2.0, "baths": 1.0, "floor_area_m2": 81.0, "ber": "D1", "asking_price": 185000.0, "eur_per_m2": 3123.456790123457, "sale_vs_asking": 0.3675675675675676, "daft_url": "https://www.daft.ie/sold/7-strand-cottages-north-strand-drogheda-louth/AEDCD8B7FEEDE46E80258D4000602796", "not_full_market_price": 0}}, {"type": "Feature", "geometry": {"type": "Point", "coordinates": [-6.338676862975207, 53.71746645409665]}, "properties": {"ppr_id": "f1779db3ec1af9873feefdfdd7510a6efdaf1f49a4b92bfaca806f488fc1d55d", "address": "SAINT LOUISE, 26 NORTH STRAND, DROGHEDA", "sale_date": "2025-11-07", "price": 16000.0, "property_type": "Semi-D", "beds": 4.0, "baths": 3.0, "floor_area_m2": null, "ber": "C1", "asking_price": null, "eur_per_m2": null, "sale_vs_asking": null, "daft_url": "https://www.daft.ie/sold/26-ashfield-drogheda-louth/304F2496FB5AC24380258CE5005AB87D", "not_full_market_price": 0}}, {"type": "Feature", "geometry": {"type": "Point", "coordinates": [-6.36233233483401, 53.723374490558925]}, "properties": {"ppr_id": "09cb9b0df83da28a058c9bd1bcec145e25b8fb000410bf66525b893c833e73ae", "address": "Unit 40 Seven Winds, North Road, Drogheda", "sale_date": "2025-11-07", "price": 214768.14, "property_type": null, "beds": null, "baths": null, "floor_area_m2": null, "ber": null, "asking_price": null, "eur_per_m2": null, "sale_vs_asking": null, "daft_url": "https://www.daft.ie/sold/unit-40-seven-winds-north-road-drogheda-louth/B53ED9C992E1981380258D470060370F", "not_full_market_price": 1}}, {"type": "Feature", "geometry": {"type": "Point", "coordinates": [-6.36240759130106, 53.723332217091865]}, "properties": {"ppr_id": "7d595a2d84cfcbe80bd8cea39e25c1bc3021b41b1fac1a461a7efb7877500b90", "address": "Unit 41 Seven Winds, North Road, Drogheda", "sale_date": "2025-11-07", "price": 247187.09, "property_type": null, "beds": null, "baths": null, "floor_area_m2": null, "ber": null, "asking_price": null, "eur_per_m2": null, "sale_vs_asking": null, "daft_url": "https://www.daft.ie/sold/unit-41-seven-winds-north-road-drogheda-louth/54FFFAB34D16F17180258D470060370B", "not_full_market_price": 1}}, {"type": "Feature", "geometry": {"type": "Point", "coordinates": [-6.362254220526439, 53.72342690965807]}, "properties": {"ppr_id": "7ffc968aab183435bb89bbd78b5b2122859be7f85c44f34c13ad2edea202e03f", "address": "Unit 42 Seven Winds, North Road, Drogheda", "sale_date": "2025-11-07", "price": 214768.14, "property_type": null, "beds": null, "baths": null, "floor_area_m2": null, "ber": null, "asking_price": null, "eur_per_m2": null, "sale_vs_asking": null, "daft_url": "https://www.daft.ie/sold/unit-42-seven-winds-north-road-drogheda-louth/8248B5D26AC32CE180258D4700603706", "not_full_market_price": 1}}, {"type": "Feature", "geometry": {"type": "Point", "coordinates": [-6.362482847768111, 53.72340041828539]}, "properties": {"ppr_id": "ac16a08dc2a340f1706016ff81bf8893582007add2938bfd181e062fda938aa1", "address": "Unit 43 Seven Winds, North Road, Drogheda", "sale_date": "2025-11-07", "price": 247187.09, "property_type": null, "beds": null, "baths": null, "floor_area_m2": null, "ber": null, "asking_price": null, "eur_per_m2": null, "sale_vs_asking": null, "daft_url": "https://www.daft.ie/sold/unit-43-seven-winds-north-road-drogheda-louth/97A665030A5102B680258D47006036FB", "not_full_market_price": 1}}, {"type": "Feature", "geometry": {"type": "Point", "coordinates": [-6.355550414649892, 53.73192539077593]}, "properties": {"ppr_id": "5adff6b3bb5b68c4e0e3dd8b579024266a5eb3dffb3c7f25b79e513f8de3a049", "address": "1 USHER'S MILL MEWS, USHER'S MILL, DROGHEDA", "sale_date": "2025-11-10", "price": 343612.33, "property_type": null, "beds": null, "baths": null, "floor_area_m2": null, "ber": null, "asking_price": null, "eur_per_m2": null, "sale_vs_asking": null, "daft_url": "https://www.daft.ie/sold/1-ushers-mill-mews-ushers-mill-drogheda-louth/52DE029E83415CAC80258D6A006024EB", "not_full_market_price": 0}}, {"type": "Feature", "geometry": {"type": "Point", "coordinates": [-6.384218478305129, 53.721714544601326]}, "properties": {"ppr_id": "7beca274f0f79d249f3f8c4a7678fd5e12d06b7599fa1cc3739bf9acd72af7a2", "address": "236 GORT MELL, SLANE ROAD, DROGHEDA", "sale_date": "2025-11-11", "price": 352422.9, "property_type": null, "beds": null, "baths": null, "floor_area_m2": null, "ber": null, "asking_price": null, "eur_per_m2": null, "sale_vs_asking": null, "daft_url": "https://www.daft.ie/sold/236-gort-mell-slane-road-drogheda-louth/6BEBAFD8C2BAF59880258D6A006028AF", "not_full_market_price": 0}}, {"type": "Feature", "geometry": {"type": "Point", "coordinates": [-6.329958104375309, 53.73156093705904]}, "properties": {"ppr_id": "4e35e788fa385592ac8cb9e01413a2c5be1991651d48850f1ab23ac09a3f263b", "address": "3 DUNLIN ST, ASHON VILLAGE, DROGHEDA", "sale_date": "2025-11-11", "price": 310000.0, "property_type": "End of Terrace", "beds": 3.0, "baths": 3.0, "floor_area_m2": 86.0, "ber": "C3", "asking_price": 295000.0, "eur_per_m2": 3604.6511627906975, "sale_vs_asking": 0.05084745762711873, "daft_url": "https://www.daft.ie/sold/3-dunlin-st-ashon-village-drogheda-louth/EFEE101407C2ED7C80258D47006037FB", "not_full_market_price": 0}}, {"type": "Feature", "geometry": {"type": "Point", "coordinates": [-6.355617111138614, 53.731947372978794]}, "properties": {"ppr_id": "8d8e20b9830b39e243f66d50fec143f8ecb4f62c4f80503ad8920a54713b60ee", "address": "4 USHER'S MILL GREEN, USHER'S MILL, DROGHEDA", "sale_date": "2025-11-11", "price": 317180.62, "property_type": null, "beds": null, "baths": null, "floor_area_m2": null, "ber": null, "asking_price": null, "eur_per_m2": null, "sale_vs_asking": null, "daft_url": "https://www.daft.ie/sold/4-ushers-mill-green-ushers-mill-drogheda-louth/7D622FD19D769FCB80258D6A006028A1", "not_full_market_price": 0}}, {"type": "Feature", "geometry": {"type": "Point", "coordinates": [-6.3749428665127175, 53.70957326326647]}, "properties": {"ppr_id": "e5f5c1576d3864a6b6ec96479f69c41fcca88c06750e300fd51c44725644f6cf", "address": "40 MARLEY CT, DROGHEDA, LOUTH", "sale_date": "2025-11-11", "price": 87500.0, "property_type": null, "beds": null, "baths": null, "floor_area_m2": null, "ber": "D2", "asking_price": null, "eur_per_m2": null, "sale_vs_asking": null, "daft_url": "https://www.daft.ie/sold/40-marley-ct-drogheda-louth/5883D5AC58E580DE80258D4E0060377C", "not_full_market_price": 1}}, {"type": "Feature", "geometry": {"type": "Point", "coordinates": [-6.32225633762822, 53.70319040813905]}, "properties": {"ppr_id": "984a7bc9ac4aaf16bcc68a8276ed976fd6142273a31b653d63643a53191870e3", "address": "41 THE VIEW, FIVE OAKS VILLAGE, DROGHEDA", "sale_date": "2025-11-11", "price": 415000.0, "property_type": "Semi-D", "beds": 3.0, "baths": 3.0, "floor_area_m2": 102.0, "ber": "C3", "asking_price": 330000.0, "eur_per_m2": 4068.627450980392, "sale_vs_asking": 0.25757575757575757, "daft_url": "https://www.daft.ie/sold/41-the-view-five-oaks-village-drogheda-louth/AAB16620EA0151D080258D6300602730", "not_full_market_price": 0}}, {"type": "Feature", "geometry": {"type": "Point", "coordinates": [-6.3622561257534525, 53.72341281850239]}, "properties": {"ppr_id": "ef0b698be8715568a7673c5c32c67850498636b5770eba25d644485414e9fae7", "address": "38 Seven Winds, North Road, Drogheda", "sale_date": "2025-11-12", "price": 400881.0, "property_type": null, "beds": null, "baths": null, "floor_area_m2": null, "ber": null, "asking_price": null, "eur_per_m2": null, "sale_vs_asking": null, "daft_url": "https://www.daft.ie/sold/38-seven-winds-north-road-drogheda-louth/B2FEA8CCE3AD2BF580258D5C00603848", "not_full_market_price": 0}}, {"type": "Feature", "geometry": {"type": "Point", "coordinates": [-6.366689704232662, 53.70129473662503]}, "properties": {"ppr_id": "7c923a18b875b4f27b9d4afecb27d591efa73f3a274486301435b17431f54f5b", "address": "110 KNOCKBRACK DOWNS, MATTHEWS LANE, DROGHEDA", "sale_date": "2025-11-13", "price": 295000.0, "property_type": "Terrace", "beds": 3.0, "baths": 1.0, "floor_area_m2": 80.0, "ber": "C1", "asking_price": 290000.0, "eur_per_m2": 3687.5, "sale_vs_asking": 0.01724137931034475, "daft_url": "https://www.daft.ie/sold/110-knockbrack-downs-matthews-lane-drogheda-louth/D2041E481B0BEB3380258D71006026EE", "not_full_market_price": 0}}, {"type": "Feature", "geometry": {"type": "Point", "coordinates": [-6.384250865908059, 53.721804727997714]}, "properties": {"ppr_id": "5ee6817ac2dea56e8200bfb297f230273929451ccbfa318f9ebeb1164eb5f3c5", "address": "227 GORT MELL, SLANE ROAD, DROGHEDA", "sale_date": "2025-11-13", "price": 352422.0, "property_type": null, "beds": null, "baths": null, "floor_area_m2": null, "ber": null, "asking_price": null, "eur_per_m2": null, "sale_vs_asking": null, "daft_url": "https://www.daft.ie/sold/227-gort-mell-slane-road-drogheda-louth/C702DE167F3C292780258D6A00602454", "not_full_market_price": 0}}, {"type": "Feature", "geometry": {"type": "Point", "coordinates": [-6.350190556230406, 53.71673759918623]}, "properties": {"ppr_id": "2bfdbb0bd1386ed7fe891eb62d11d67686036e34e57bd5c4cff051a8d03fb2c5", "address": "JULIANSTOWN, DROGHEDA CO LOUTH", "sale_date": "2025-11-13", "price": 402000.0, "property_type": "Detached", "beds": 5.0, "baths": 3.0, "floor_area_m2": 220.0, "ber": "E1", "asking_price": 475000.0, "eur_per_m2": 1827.2727272727273, "sale_vs_asking": -0.15368421052631576, "daft_url": "https://www.daft.ie/sold/newtown-drogheda-louth/B2BD9AAB3D2D09DC80258A310042298B", "not_full_market_price": 0}}, {"type": "Feature", "geometry": {"type": "Point", "coordinates": [-6.355666657101666, 53.731976682582626]}, "properties": {"ppr_id": "d2a71e42e1110562630b9b13e808db6b8fb7f3cdb18ac32e4745506e7fb06fc7", "address": "14 USHER'S MILL GREEN, USHER'S MILL, DROGHEDA", "sale_date": "2025-11-14", "price": 317180.62, "property_type": null, "beds": null, "baths": null, "floor_area_m2": null, "ber": null, "asking_price": null, "eur_per_m2": null, "sale_vs_asking": null, "daft_url": "https://www.daft.ie/sold/14-ushers-mill-green-ushers-mill-drogheda-louth/CAE38EA178CF641A80258D6A006028C4", "not_full_market_price": 0}}, {"type": "Feature", "geometry": {"type": "Point", "coordinates": [-6.267276922351274, 53.73720651763438]}, "properties": {"ppr_id": "f35f7037e5b28c0ebcb2b25849e76197b9847bed891917a576f48bd07d96ee2b", "address": "BALLYDONNELL, BALTRAY, DROGHEDA", "sale_date": "2025-11-14", "price": 690000.0, "property_type": null, "beds": null, "baths": null, "floor_area_m2": null, "ber": null, "asking_price": null, "eur_per_m2": null, "sale_vs_asking": null, "daft_url": "https://www.daft.ie/sold/1-baltray-rd-drogheda-louth/F9F611D5539E4A5C80257D6B00477872", "not_full_market_price": 0}}, {"type": "Feature", "geometry": {"type": "Point", "coordinates": [-6.351069436117769, 53.70869166370048]}, "properties": {"ppr_id": "9989c25f99d9ae58e7d2e7001e89b514567fc5c05433ce7a2ef76bb6b6e3fba9", "address": "136 KESTREL MANOR, PLATIN ROAD, DROGHEDA", "sale_date": "2025-11-17", "price": 374405.0, "property_type": null, "beds": null, "baths": null, "floor_area_m2": null, "ber": null, "asking_price": null, "eur_per_m2": null, "sale_vs_asking": null, "daft_url": "https://www.daft.ie/sold/136-kestrel-manor-platin-road-drogheda-louth/3E75D617800BED4D80258D6A00602C54", "not_full_market_price": 0}}, {"type": "Feature", "geometry": {"type": "Point", "coordinates": [-6.355686666048282, 53.731937227346705]}, "properties": {"ppr_id": "b98ccd8e8b4a6cdb233fedaa799664ff68b642d25b190da748fde8163d2abb5c", "address": "16 USHER'S MILL GREEN, USHER'S MILL, DROGHEDA", "sale_date": "2025-11-17", "price": 334801.76, "property_type": null, "beds": null, "baths": null, "floor_area_m2": null, "ber": null, "asking_price": null, "eur_per_m2": null, "sale_vs_asking": null, "daft_url": "https://www.daft.ie/sold/16-ushers-mill-green-ushers-mill-drogheda-louth/E27A5A28E979D6FC80258D63006028F8", "not_full_market_price": 0}}, {"type": "Feature", "geometry": {"type": "Point", "coordinates": [-6.3950977707382, 53.726319308356054]}, "properties": {"ppr_id": "c9f8fa397ff4cd02632beda835218a5ec43110c20e6445f1124cd2e4f331c899", "address": "226 GORT MELL, OLD SLANE ROAD, DROGHEDA", "sale_date": "2025-11-17", "price": 433920.0, "property_type": null, "beds": null, "baths": null, "floor_area_m2": null, "ber": null, "asking_price": null, "eur_per_m2": null, "sale_vs_asking": null, "daft_url": "https://www.daft.ie/sold/226-gort-mell-old-slane-road-drogheda-louth/8BDDE5F9F915ACBF80258D5C00603950", "not_full_market_price": 0}}, {"type": "Feature", "geometry": {"type": "Point", "coordinates": [-6.3296864198957525, 53.73295622778071]}, "properties": {"ppr_id": "e9046bce8cb104277c172b8321c30ff99e4f3bfff8b8b83a0dca679d7fd9f0fc", "address": "36 DUNLN ST, ASTON VILLAGE, DROGHEDA", "sale_date": "2025-11-17", "price": 270000.0, "property_type": null, "beds": null, "baths": null, "floor_area_m2": null, "ber": "C1", "asking_price": null, "eur_per_m2": null, "sale_vs_asking": null, "daft_url": "https://www.daft.ie/sold/36-dunln-st-aston-village-drogheda-louth/46FAABCE3C672DE980258D4E006037F1", "not_full_market_price": 0}}, {"type": "Feature", "geometry": {"type": "Point", "coordinates": [-6.34687917396265, 53.711381263483474]}, "properties": {"ppr_id": "d921a1c96990c4918d3c3f4ec3b7489cf880042d5410c3b884f448de9105be5d", "address": "44 MARY ST, DROGHEDA, LOUTH", "sale_date": "2025-11-17", "price": 300000.0, "property_type": "Detached", "beds": 3.0, "baths": 1.0, "floor_area_m2": 106.0, "ber": "D2", "asking_price": 315000.0, "eur_per_m2": 2830.188679245283, "sale_vs_asking": -0.04761904761904767, "daft_url": "https://www.daft.ie/sold/44-mary-st-drogheda-louth/65DBD0560B4905A680258D4E00603788", "not_full_market_price": 0}}, {"type": "Feature", "geometry": {"type": "Point", "coordinates": [-6.3569653922780365, 53.71607322821472]}, "properties": {"ppr_id": "1788704d9793675e2ead1efb8e25da069b02dc64ff4f0f77611d13c492d50077", "address": "53A NARROW WEST ST, DROGHEDA, LOUTH", "sale_date": "2025-11-17", "price": 225000.0, "property_type": null, "beds": null, "baths": null, "floor_area_m2": null, "ber": null, "asking_price": null, "eur_per_m2": null, "sale_vs_asking": null, "daft_url": "https://www.daft.ie/sold/53a-narrow-west-st-drogheda-louth/F813AFD860D2E05B80258D55006036C6", "not_full_market_price": 0}}, {"type": "Feature", "geometry": {"type": "Point", "coordinates": [-6.356068587332724, 53.708444127780716]}, "properties": {"ppr_id": "b95bb736ce8161f3022e810a24ce3445f28f3db2aa26181f89907d35c6c8559e", "address": "162 MARIAN PARK, DROGHEDA, LOUTH", "sale_date": "2025-11-18", "price": 233000.0, "property_type": "Terrace", "beds": 3.0, "baths": 1.0, "floor_area_m2": null, "ber": "F", "asking_price": null, "eur_per_m2": null, "sale_vs_asking": null, "daft_url": "https://www.daft.ie/sold/162-marian-park-drogheda-louth/834B12C1D491F3FF80258D4E006037AD", "not_full_market_price": 0}}, {"type": "Feature", "geometry": {"type": "Point", "coordinates": [-6.321737826368579, 53.730600227346706]}, "properties": {"ppr_id": "589c505b95df34090f9970abf04ba6968d1752f058381010a81dccae2943c589", "address": "26 BEAULIEU BANKS, TERMONFECKIN ROAD, DROGHEDA", "sale_date": "2025-11-18", "price": 422907.0, "property_type": null, "beds": null, "baths": null, "floor_area_m2": null, "ber": null, "asking_price": null, "eur_per_m2": null, "sale_vs_asking": null, "daft_url": "https://www.daft.ie/sold/26-beaulieu-banks-termonfeckin-road-drogheda-louth/FDA05A00A8640AED80258D6A00602438", "not_full_market_price": 0}}, {"type": "Feature", "geometry": {"type": "Point", "coordinates": [-6.384210857692675, 53.7217201810636]}, "properties": {"ppr_id": "26653dea435c9abb050703e997e9593f510e0ea9443c31ad61f61a99c89fadd3", "address": "232 GORT MELL, SLANE ROAD, DROGHEDA", "sale_date": "2025-11-19", "price": 352422.9, "property_type": null, "beds": null, "baths": null, "floor_area_m2": null, "ber": null, "asking_price": null, "eur_per_m2": null, "sale_vs_asking": null, "daft_url": "https://www.daft.ie/sold/232-gort-mell-slane-road-drogheda-louth/F0C517960912825E80258D6A006028DB", "not_full_market_price": 0}}, {"type": "Feature", "geometry": {"type": "Point", "coordinates": [-6.320835295293845, 53.70474999045042]}, "properties": {"ppr_id": "2891fdb38e63f78e337b47e265a331a95fbe23faa3b9d776968d60505f52d524", "address": "6 PRIORY HALL, DUBLIN RD, DROGHEDA", "sale_date": "2025-11-19", "price": 155000.0, "property_type": "Apartment", "beds": 1.0, "baths": 1.0, "floor_area_m2": 45.0, "ber": "Exempt", "asking_price": 145000.0, "eur_per_m2": 3444.4444444444443, "sale_vs_asking": 0.06896551724137923, "daft_url": "https://www.daft.ie/sold/6-priory-hall-dublin-rd-drogheda-louth/9A71ED76227BBA8B80258D6A00602AAE", "not_full_market_price": 0}}, {"type": "Feature", "geometry": {"type": "Point", "coordinates": [-6.362357102785191, 53.72332939886073]}, "properties": {"ppr_id": "4be6188b870689758c65af979d4884a9d857dff73bd220bab49f46bbb5ef3217", "address": "39 Seven Winds, North Road, Drogheda", "sale_date": "2025-11-20", "price": 299515.0, "property_type": null, "beds": null, "baths": null, "floor_area_m2": null, "ber": null, "asking_price": null, "eur_per_m2": null, "sale_vs_asking": null, "daft_url": "https://www.daft.ie/sold/39-seven-winds-north-road-drogheda-louth/2665DBA7E11646BE80258D4E006039AF", "not_full_market_price": 0}}, {"type": "Feature", "geometry": {"type": "Point", "coordinates": [-6.362376155055331, 53.72332939886073]}, "properties": {"ppr_id": "884f2380a8a0f94005f3758dc0596d33058efbef4f53c13e3e58e01ae0586ba9", "address": "49 Seven Winds, North Road, Drogheda", "sale_date": "2025-11-20", "price": 308325.99, "property_type": null, "beds": null, "baths": null, "floor_area_m2": null, "ber": null, "asking_price": null, "eur_per_m2": null, "sale_vs_asking": null, "daft_url": "https://www.daft.ie/sold/49-seven-winds-north-road-drogheda-louth/77FB7A2600B6C1E980258D5C006036E0", "not_full_market_price": 0}}, {"type": "Feature", "geometry": {"type": "Point", "coordinates": [-6.362411401755088, 53.72344438269113]}, "properties": {"ppr_id": "dff86b0207426ac6c549807e3f2a4231c1007b488773f35830e89cb7982aeb9b", "address": "55 Seven Winds, North Road, Drogheda", "sale_date": "2025-11-20", "price": 295154.0, "property_type": null, "beds": null, "baths": null, "floor_area_m2": null, "ber": null, "asking_price": null, "eur_per_m2": null, "sale_vs_asking": null, "daft_url": "https://www.daft.ie/sold/55-seven-winds-north-road-drogheda-louth/FD1AF1E60832ED5180258D6300602979", "not_full_market_price": 0}}, {"type": "Feature", "geometry": {"type": "Point", "coordinates": [-6.362455221976409, 53.72341056391748]}, "properties": {"ppr_id": "fee65edd4b50b6a6cf4059ca7977ee93384c64507ddd6104e76a9f4805cd9fc6", "address": "58 Seven Winds, North Road, Drogheda", "sale_date": "2025-11-20", "price": 312731.0, "property_type": null, "beds": null, "baths": null, "floor_area_m2": null, "ber": null, "asking_price": null, "eur_per_m2": null, "sale_vs_asking": null, "daft_url": "https://www.daft.ie/sold/58-seven-winds-north-road-drogheda-louth/D9AD6B4B5361685380258D550060392A", "not_full_market_price": 0}}, {"type": "Feature", "geometry": {"type": "Point", "coordinates": [-6.35105705647121, 53.708718718719396]}, "properties": {"ppr_id": "84eb7691a927815947709b90e41c344fb27a80d1736306c4234675f535337c08", "address": "143 Kestrel Manor, Platin Road, Drogheda", "sale_date": "2025-11-21", "price": 374405.29, "property_type": null, "beds": null, "baths": null, "floor_area_m2": null, "ber": null, "asking_price": null, "eur_per_m2": null, "sale_vs_asking": null, "daft_url": "https://www.daft.ie/sold/143-kestrel-manor-platin-road-drogheda-louth/DB85FB79C7D5FDCD80258D6A00602790", "not_full_market_price": 0}}, {"type": "Feature", "geometry": {"type": "Point", "coordinates": [-6.346491033825476, 53.71942693521451]}, "properties": {"ppr_id": "bebc5271ca85a76eafef9425a306ea63d2d2e964477e275bdb1e722f7f554e98", "address": "17 SCARLET CRESCENT, DROGHEDA, LOUTH", "sale_date": "2025-11-21", "price": 266000.0, "property_type": "End of Terrace", "beds": 3.0, "baths": 2.0, "floor_area_m2": 78.0, "ber": "E2", "asking_price": 235000.0, "eur_per_m2": 3410.25641025641, "sale_vs_asking": 0.13191489361702136, "daft_url": "https://www.daft.ie/sold/17-scarlet-crescent-drogheda-louth/755300D3F03E4B1180258D5500603708", "not_full_market_price": 0}}, {"type": "Feature", "geometry": {"type": "Point", "coordinates": [-6.3556599874527935, 53.731875226261685]}, "properties": {"ppr_id": "8571d3ff95fb882d25ef61b7a3e161c89a9ce6ec349d1d02f9a59a797483cdd5", "address": "31 USHER&amp;#039;S MILL AVENUE, USHER&amp;#039;S MILL, DROGHEDA", "sale_date": "2025-11-21", "price": 334801.0, "property_type": null, "beds": null, "baths": null, "floor_area_m2": null, "ber": null, "asking_price": null, "eur_per_m2": null, "sale_vs_asking": null, "daft_url": "https://www.daft.ie/sold/31-usher-039-s-mill-avenue-usher-039-s-mill-drogheda-louth/F7E6097F430D930B80258D63006026D8", "not_full_market_price": 0}}, {"type": "Feature", "geometry": {"type": "Point", "coordinates": [-6.336520461993756, 53.708641937384535]}, "properties": {"ppr_id": "a43ea095179aaef1a433c757b44fbe4a55a87e6171dc2fb4ec57dc9dd59047dd", "address": "34 BLACKBUSH AVE, BRYANSTOWN, DROGHEDA", "sale_date": "2025-11-21", "price": 370000.0, "property_type": "Semi-D", "beds": 3.0, "baths": 1.0, "floor_area_m2": 142.0, "ber": "C1", "asking_price": 365000.0, "eur_per_m2": 2605.6338028169016, "sale_vs_asking": 0.013698630136986356, "daft_url": "https://www.daft.ie/sold/34-blackbush-ave-bryanstown-drogheda-louth/B41E1F8637A83C5E80258D4E00603A16", "not_full_market_price": 0}}, {"type": "Feature", "geometry": {"type": "Point", "coordinates": [-6.362280893704634, 53.72332939886073]}, "properties": {"ppr_id": "b0cddf6ed5ecceeaa8fbb40ac098b34f7c837814b954fea33630053ba09d24e1", "address": "34 SEVEN WINDS, NORTH ROAD, DROGHEDA", "sale_date": "2025-11-21", "price": 295154.0, "property_type": null, "beds": null, "baths": null, "floor_area_m2": null, "ber": null, "asking_price": null, "eur_per_m2": null, "sale_vs_asking": null, "daft_url": "https://www.daft.ie/sold/34-seven-winds-north-road-drogheda-louth/3289ED04ED3796AB80258D6A006024DC", "not_full_market_price": 0}}, {"type": "Feature", "geometry": {"type": "Point", "coordinates": [-6.395168269111532, 53.726305780846594]}, "properties": {"ppr_id": "edcc183fa3eaf80718a9f29536387885316cd13ce648fb58225ac63df7824966", "address": "233 Gort Mell, Drogheda", "sale_date": "2025-11-24", "price": 351541.85, "property_type": null, "beds": null, "baths": null, "floor_area_m2": null, "ber": null, "asking_price": null, "eur_per_m2": null, "sale_vs_asking": null, "daft_url": "https://www.daft.ie/sold/233-gort-mell-drogheda-louth/792ABFD29E610A5F80258D7F006024CB", "not_full_market_price": 0}}, {"type": "Feature", "geometry": {"type": "Point", "coordinates": [-6.35567427955752, 53.731888753771145]}, "properties": {"ppr_id": "db7168491b62ceeeea3917bab763403a431e82fe4a4d385a19496c71032de83f", "address": "29 USHER'S MILL AVENUE, USHER'S MILL, DROGHEDA", "sale_date": "2025-11-24", "price": 339207.04, "property_type": null, "beds": null, "baths": null, "floor_area_m2": null, "ber": null, "asking_price": null, "eur_per_m2": null, "sale_vs_asking": null, "daft_url": "https://www.daft.ie/sold/29-ushers-mill-avenue-ushers-mill-drogheda-louth/517987BA9FEF4D9580258D7100602576", "not_full_market_price": 0}}, {"type": "Feature", "geometry": {"type": "Point", "coordinates": [-6.334978318956643, 53.72446119907773]}, "properties": {"ppr_id": "0cd155e5faf1c175f8d3b1dba5692098d30420fbaefc2f5e68d86313c6f79cbf", "address": "38 COLLEGE RISE, DROGHEDA, LOUTH", "sale_date": "2025-11-24", "price": 200000.0, "property_type": null, "beds": null, "baths": null, "floor_area_m2": null, "ber": null, "asking_price": null, "eur_per_m2": null, "sale_vs_asking": null, "daft_url": "https://www.daft.ie/sold/38-college-rise-drogheda-louth/3E5066549D401B9A80258D710060278C", "not_full_market_price": 0}}, {"type": "Feature", "geometry": {"type": "Point", "coordinates": [-6.329423460077548, 53.762235345252336]}, "properties": {"ppr_id": "ce7a48d44fe1156c7c829d976521b7c2ff9e1e71fd652eaf916e5368d462b621", "address": "BALLYMAKENNY, ST PETERS EAST, DROGHEDA", "sale_date": "2025-11-24", "price": 300000.0, "property_type": null, "beds": null, "baths": null, "floor_area_m2": null, "ber": null, "asking_price": null, "eur_per_m2": null, "sale_vs_asking": null, "daft_url": "https://www.daft.ie/sold/ship-st-drogheda-louth/BC37B08CEFDE700780257F2400593C25", "not_full_market_price": 0}}, {"type": "Feature", "geometry": {"type": "Point", "coordinates": [-6.329572205246694, 53.762283818827896]}, "properties": {"ppr_id": "7a9c49560c091a65d690a39a35766719caff79452d69236284e79ce3ca1939c9", "address": "BALLYMAKENNY, ST PETERS EAST, DROGHEDA", "sale_date": "2025-11-24", "price": 260000.0, "property_type": null, "beds": null, "baths": null, "floor_area_m2": null, "ber": null, "asking_price": null, "eur_per_m2": null, "sale_vs_asking": null, "daft_url": "https://www.daft.ie/sold/ship-st-drogheda-louth/BC37B08CEFDE700780257F2400593C25", "not_full_market_price": 0}}, {"type": "Feature", "geometry": {"type": "Point", "coordinates": [-6.356087632819284, 53.70839170868157]}, "properties": {"ppr_id": "7ba90c43ab052b304ffabc449a42a1ae4844ddae83767f0dd4851852c98f3200", "address": "168 MARIAN PARK, DROGHEDA, LOUTH", "sale_date": "2025-11-25", "price": 196000.0, "property_type": "End of Terrace", "beds": 1.0, "baths": 1.0, "floor_area_m2": null, "ber": "G", "asking_price": 185000.0, "eur_per_m2": null, "sale_vs_asking": 0.05945945945945952, "daft_url": "https://www.daft.ie/sold/168-marian-park-drogheda-louth/40A30BCE1027476280258D63006028A6", "not_full_market_price": 0}}, {"type": "Feature", "geometry": {"type": "Point", "coordinates": [-6.3321487804342125, 53.71941218301664]}, "properties": {"ppr_id": "405b7586bb5b5cc3f30326679928f7d0c615a407bb177d2451b318735abb8b4b", "address": "32 BEAULIEU MEWS, GREENHILLS, DROGHEDA", "sale_date": "2025-11-25", "price": 325000.0, "property_type": null, "beds": null, "baths": null, "floor_area_m2": null, "ber": null, "asking_price": null, "eur_per_m2": null, "sale_vs_asking": null, "daft_url": "https://www.daft.ie/sold/32-beaulieu-mews-greenhills-drogheda-louth/770E48F1905931F880258D5C00603953", "not_full_market_price": 0}}, {"type": "Feature", "geometry": {"type": "Point", "coordinates": [-6.358487766815228, 53.71920955442216]}, "properties": {"ppr_id": "491cf3b90b137a91126a57f1ad3026df52558940c756f9adec530d8391765461", "address": "50 GEORGIAN CLOSE, DROGHEDA, LOUTH", "sale_date": "2025-11-25", "price": 375000.0, "property_type": "Detached", "beds": 4.0, "baths": 2.0, "floor_area_m2": null, "ber": "D2", "asking_price": null, "eur_per_m2": null, "sale_vs_asking": null, "daft_url": "https://www.daft.ie/sold/50-georgian-close-drogheda-louth/A890E9F62BEBCFD080258D55006039F8", "not_full_market_price": 0}}, {"type": "Feature", "geometry": {"type": "Point", "coordinates": [-6.362389491644428, 53.72341958225712]}, "properties": {"ppr_id": "e43f6f4fcedc2f68cc5513e1dc4545aca6d01a38dcf4d2b5ab2102240491b992", "address": "54 SEVEN WINDS, NORTH ROAD, DROGHEDA", "sale_date": "2025-11-25", "price": 295154.0, "property_type": null, "beds": null, "baths": null, "floor_area_m2": null, "ber": null, "asking_price": null, "eur_per_m2": null, "sale_vs_asking": null, "daft_url": "https://www.daft.ie/sold/54-seven-winds-north-road-drogheda-louth/5998C87059ABC0ED80258D6A006024F1", "not_full_market_price": 0}}, {"type": "Feature", "geometry": {"type": "Point", "coordinates": [-6.443780350475946, 53.72719856315797]}, "properties": {"ppr_id": "5f2a33cf0e2c87fabf39b9def2da8e7ca2bb4804725761ef86f874aa37951a5c", "address": "SHEEPGRANGE, TOWNLEY HALL, DROGHEDA", "sale_date": "2025-11-25", "price": 185000.0, "property_type": null, "beds": null, "baths": null, "floor_area_m2": null, "ber": null, "asking_price": null, "eur_per_m2": null, "sale_vs_asking": null, "daft_url": "https://www.daft.ie/sold/sheepgrange-drogheda/1EC3515DEED84C9980258981005AB86A", "not_full_market_price": 0}}, {"type": "Feature", "geometry": {"type": "Point", "coordinates": [-6.320665843832862, 53.705347982148616]}, "properties": {"ppr_id": "772acd7480a240eec71c2683d9f9be97900e425be67c7354a4b4a0a24f595605", "address": "21 FOREST EDGE, STAMEEN, DROGHEDA", "sale_date": "2025-11-26", "price": 368000.0, "property_type": "Semi-D", "beds": 3.0, "baths": 1.0, "floor_area_m2": null, "ber": "C3", "asking_price": 365000.0, "eur_per_m2": null, "sale_vs_asking": 0.008219178082191858, "daft_url": "https://www.daft.ie/sold/21-forest-edge-stameen-drogheda-louth/CC94E0494199090C80258D7F0060283E", "not_full_market_price": 0}}, {"type": "Feature", "geometry": {"type": "Point", "coordinates": [-6.394485547464137, 53.72549660900707]}, "properties": {"ppr_id": "90f087beaa3fa999cb2558f6977b815ef5b4c9a533c0b5a038124b4035bacd28", "address": "230 The Hummingbird, Gort Mell, Drogheda", "sale_date": "2025-11-26", "price": 351982.38, "property_type": null, "beds": null, "baths": null, "floor_area_m2": null, "ber": null, "asking_price": null, "eur_per_m2": null, "sale_vs_asking": null, "daft_url": "https://www.daft.ie/sold/230-the-hummingbird-gort-mell-drogheda-louth/E5A19A01FC204A9F80258D7F006025FA", "not_full_market_price": 0}}, {"type": "Feature", "geometry": {"type": "Point", "coordinates": [-6.350817063850343, 53.71542146261546]}, "properties": {"ppr_id": "aea3913cd78c513cfbd3b32bb2f71c745e80a654876a7912b7f402816014d2a0", "address": "APT 8, 30 PETER ST, DROGHEDA", "sale_date": "2025-11-26", "price": 95000.0, "property_type": "Apartment", "beds": 1.0, "baths": null, "floor_area_m2": null, "ber": "G", "asking_price": 80000.0, "eur_per_m2": null, "sale_vs_asking": 0.1875, "daft_url": "https://www.daft.ie/sold/apt-8-30-peter-st-drogheda-louth/BCA63EAC1FE34F8A80258D78006023AD", "not_full_market_price": 0}}, {"type": "Feature", "geometry": {"type": "Point", "coordinates": [-6.352353059016704, 53.714929362615464]}, "properties": {"ppr_id": "3c20ace95ada46221c779e75e2456c0b2635e9cd4c10876793434d75dc52bb2c", "address": "BLOCK 3, 29 ST CATHERINES SIENNA, DROGHEDA", "sale_date": "2025-11-26", "price": 171000.0, "property_type": "Apartment", "beds": 1.0, "baths": 2.0, "floor_area_m2": 45.0, "ber": "C3", "asking_price": 155000.0, "eur_per_m2": 3800.0, "sale_vs_asking": 0.10322580645161294, "daft_url": "https://www.daft.ie/sold/block-3-29-st-catherines-sienna-drogheda-louth/5C5459F290687E6E80258D5500603853", "not_full_market_price": 0}}, {"type": "Feature", "geometry": {"type": "Point", "coordinates": [-6.346977265154077, 53.711410009441074]}, "properties": {"ppr_id": "b4e5b84c67f6e7b6776388d3c38b31448ed7e5761549c8e8e02b6c47f348b8d1", "address": "1 ST. MARY'S COURT, MARY ST, DROGHEDA", "sale_date": "2025-11-27", "price": 276000.0, "property_type": "End of Terrace", "beds": 2.0, "baths": 2.0, "floor_area_m2": 72.0, "ber": "C2", "asking_price": null, "eur_per_m2": 3833.3333333333335, "sale_vs_asking": null, "daft_url": "https://www.daft.ie/sold/1-st-marys-court-mary-st-drogheda-louth/DAAEF95867A60F3080258D5C00603768", "not_full_market_price": 0}}, {"type": "Feature", "geometry": {"type": "Point", "coordinates": [-6.3510151561290105, 53.708670245143836]}, "properties": {"ppr_id": "aa4833d734b98697c3d1a6c3312ec905a6a346d0f08c64e34af0a208b19a4f31", "address": "138 Kesterel Manor, Platin Road, Drogheda", "sale_date": "2025-11-27", "price": 290705.0, "property_type": null, "beds": null, "baths": null, "floor_area_m2": null, "ber": null, "asking_price": null, "eur_per_m2": null, "sale_vs_asking": null, "daft_url": "https://www.daft.ie/sold/138-kesterel-manor-platin-road-drogheda-louth/E6E281179C6122ED80258D5C006035C8", "not_full_market_price": 0}}, {"type": "Feature", "geometry": {"type": "Point", "coordinates": [-6.362375202441823, 53.72346241937041]}, "properties": {"ppr_id": "2ad8ec2e0bb3faf84fe02f784204de393f3b777da5b820691068ec35f2a268fe", "address": "56 SEVEN WINDS, NORTH ROAD, DROGHEDA", "sale_date": "2025-11-27", "price": 342290.0, "property_type": null, "beds": null, "baths": null, "floor_area_m2": null, "ber": null, "asking_price": null, "eur_per_m2": null, "sale_vs_asking": null, "daft_url": "https://www.daft.ie/sold/56-seven-winds-north-road-drogheda-louth/ECD6150E9B67451880258D6300602419", "not_full_market_price": 0}}, {"type": "Feature", "geometry": {"type": "Point", "coordinates": [-6.395186370045225, 53.72638807319581]}, "properties": {"ppr_id": "1fd8a8691790420a5b0a267962948cfa8850bfbba3d6d071257ad61df8c17b6e", "address": "135 Gort Mell, Old Slane Road, Drogheda", "sale_date": "2025-11-28", "price": 356828.19, "property_type": null, "beds": null, "baths": null, "floor_area_m2": null, "ber": null, "asking_price": null, "eur_per_m2": null, "sale_vs_asking": null, "daft_url": "https://www.daft.ie/sold/135-gort-mell-old-slane-road-drogheda-louth/483ECB4E38D0D94780258D6A00602F1B", "not_full_market_price": 0}}, {"type": "Feature", "geometry": {"type": "Point", "coordinates": [-6.3177639806519394, 53.707830672978794]}, "properties": {"ppr_id": "a48db9df7995f8f2eec7cddd6cab6a70719ce55d9844929369e89f9b702596bd", "address": "18 CASTLEWOOD, DROGHEDA, LOUTH", "sale_date": "2025-11-28", "price": 106650.0, "property_type": null, "beds": null, "baths": null, "floor_area_m2": null, "ber": null, "asking_price": null, "eur_per_m2": null, "sale_vs_asking": null, "daft_url": "https://www.daft.ie/sold/18-castlewood-drogheda-louth/1A6821527395D85580258D5C00603A26", "not_full_market_price": 1}}, {"type": "Feature", "geometry": {"type": "Point", "coordinates": [-6.34317924670203, 53.72114613575701]}, "properties": {"ppr_id": "480f69f7c688ab78e358c52527877b50f2b71560e63d93016026cd193d90b795", "address": "21-53 Hartys Park, Crushrod Lane, Drogheda", "sale_date": "2025-11-28", "price": 10879351.3, "property_type": null, "beds": null, "baths": null, "floor_area_m2": null, "ber": null, "asking_price": null, "eur_per_m2": null, "sale_vs_asking": null, "daft_url": "https://www.daft.ie/sold/21-53-hartys-park-crushrod-lane-drogheda-louth/ACE4CDEA9BB1CA0080258D6A00602785", "not_full_market_price": 0}}, {"type": "Feature", "geometry": {"type": "Point", "coordinates": [-6.395170174472973, 53.72632776304947]}, "properties": {"ppr_id": "4363f09d782702cabb9b0da7964ff97ec37b07703332a6747af71951b2c953b5", "address": "136 Gort Mell, Drogheda", "sale_date": "2025-12-01", "price": 438325.0, "property_type": null, "beds": null, "baths": null, "floor_area_m2": null, "ber": null, "asking_price": null, "eur_per_m2": null, "sale_vs_asking": null, "daft_url": "https://www.daft.ie/sold/136-gort-mell-drogheda-louth/E87573E2B86C1B4E80258D5C00603AA9", "not_full_market_price": 0}}, {"type": "Feature", "geometry": {"type": "Point", "coordinates": [-6.369899457770695, 53.72920167352131]}, "properties": {"ppr_id": "d7dd1342844835f3117d9c25a49126ef75e0e7364f8315cd9546066a374afcbb", "address": "57 Seven Winds, Drogheda", "sale_date": "2025-12-01", "price": 342290.0, "property_type": null, "beds": null, "baths": null, "floor_area_m2": null, "ber": null, "asking_price": null, "eur_per_m2": null, "sale_vs_asking": null, "daft_url": "https://www.daft.ie/sold/57-seven-winds-drogheda-louth/60433E880A53992580258D5C00603933", "not_full_market_price": 0}}, {"type": "Feature", "geometry": {"type": "Point", "coordinates": [-6.343639781757043, 53.727340163700475]}, "properties": {"ppr_id": "3cbd98d1b061bca08c244cc723d2102f32b3fae28f0dfbaca06b0529a0c6b9ae", "address": "69 Listoke Drive, Ballymakenny Road, Drogheda", "sale_date": "2025-12-01", "price": 400881.06, "property_type": null, "beds": null, "baths": null, "floor_area_m2": null, "ber": null, "asking_price": null, "eur_per_m2": null, "sale_vs_asking": null, "daft_url": "https://www.daft.ie/sold/69-listoke-drive-ballymakenny-road-drogheda-louth/DBB14A389DDE94B480258D7100602518", "not_full_market_price": 0}}, {"type": "Feature", "geometry": {"type": "Point", "coordinates": [-6.342449046109092, 53.71813464492683]}, "properties": {"ppr_id": "2e62674a944aaf74d2920c56f70b5fd6d2a2b3c385ee6d5f3112c38c455a56e9", "address": "11 SANDYFORD TERRACE, DROGHEDA, LOUTH", "sale_date": "2025-12-02", "price": 298000.0, "property_type": "End of Terrace", "beds": 3.0, "baths": 1.0, "floor_area_m2": null, "ber": "E1", "asking_price": 290000.0, "eur_per_m2": null, "sale_vs_asking": 0.02758620689655178, "daft_url": "https://www.daft.ie/sold/11-sandyford-terrace-drogheda-louth/4C665ADF7757A35280258D6A00602C66", "not_full_market_price": 0}}, {"type": "Feature", "geometry": {"type": "Point", "coordinates": [-6.3936698604651765, 53.724315645686346]}, "properties": {"ppr_id": "b16855442090ba829803f826855c37962587c8a02abbd28729544b9f7179ef9b", "address": "134 Gort Mell, Old Slane Road, Drogheda", "sale_date": "2025-12-02", "price": 352422.9, "property_type": null, "beds": null, "baths": null, "floor_area_m2": null, "ber": null, "asking_price": null, "eur_per_m2": null, "sale_vs_asking": null, "daft_url": "https://www.daft.ie/sold/134-gort-mell-old-slane-road-drogheda-louth/88C0B186604C41C580258D6A0060242A", "not_full_market_price": 0}}, {"type": "Feature", "geometry": {"type": "Point", "coordinates": [-6.3436778898697135, 53.727348054747665]}, "properties": {"ppr_id": "5804a9c32657f78dd43eb030ef782ce88db3f08ec4f608d2c3e622d7e4e33427", "address": "47 Listoke Drive, Ballymakenny Road, Drogheda", "sale_date": "2025-12-02", "price": 374449.0, "property_type": null, "beds": null, "baths": null, "floor_area_m2": null, "ber": null, "asking_price": null, "eur_per_m2": null, "sale_vs_asking": null, "daft_url": "https://www.daft.ie/sold/47-listoke-drive-ballymakenny-road-drogheda-louth/2534D849CA32CBBD80258D5C006039A2", "not_full_market_price": 0}}, {"type": "Feature", "geometry": {"type": "Point", "coordinates": [-6.362349481877136, 53.723445509983584]}, "properties": {"ppr_id": "11020d702fca0d2372aefa3095e0fcc3f4d82b279adb9f3b7e4f523b2f0cb742", "address": "50 Seven Winds, North Road, Drogheda", "sale_date": "2025-12-02", "price": 214768.14, "property_type": null, "beds": null, "baths": null, "floor_area_m2": null, "ber": null, "asking_price": null, "eur_per_m2": null, "sale_vs_asking": null, "daft_url": "https://www.daft.ie/sold/50-seven-winds-north-road-drogheda-louth/693CB29E11524CA780258D6300602AD8", "not_full_market_price": 1}}, {"type": "Feature", "geometry": {"type": "Point", "coordinates": [-6.36239520732547, 53.72337505420515]}, "properties": {"ppr_id": "fa4e84562fef1f08b2e10f163a740ba0bc6cbfedae4e5388d907ee1683dbd0e9", "address": "51 Seven Winds, North Road, Drogheda", "sale_date": "2025-12-02", "price": 247187.09, "property_type": null, "beds": null, "baths": null, "floor_area_m2": null, "ber": null, "asking_price": null, "eur_per_m2": null, "sale_vs_asking": null, "daft_url": "https://www.daft.ie/sold/51-seven-winds-north-road-drogheda-louth/B4A985C4CC22B41880258D6300602AD3", "not_full_market_price": 1}}, {"type": "Feature", "geometry": {"type": "Point", "coordinates": [-6.343596810316394, 53.72720671720037]}, "properties": {"ppr_id": "9be5897e37cbc84cbe8b549585bc9d47d061d9b43ee446edaace3e6c0ccd65c5", "address": "52 AVENUE 2, YELLOWBATTER, DROGHEDA", "sale_date": "2025-12-02", "price": 255000.0, "property_type": "End of Terrace", "beds": 3.0, "baths": 1.0, "floor_area_m2": 89.0, "ber": "G", "asking_price": 225000.0, "eur_per_m2": 2865.1685393258426, "sale_vs_asking": 0.1333333333333333, "daft_url": "https://www.daft.ie/sold/52-avenue-2-yellowbatter-drogheda-louth/587F6A4AB9077AD180258D5C00603881", "not_full_market_price": 0}}, {"type": "Feature", "geometry": {"type": "Point", "coordinates": [-6.362404733460539, 53.723388018068384]}, "properties": {"ppr_id": "5ccae89cb48afdf0e6311c77768969efac08809bbb243c49240a896b364605a2", "address": "52 Seven Winds, North Road, Drogheda", "sale_date": "2025-12-02", "price": 214768.14, "property_type": null, "beds": null, "baths": null, "floor_area_m2": null, "ber": null, "asking_price": null, "eur_per_m2": null, "sale_vs_asking": null, "daft_url": "https://www.daft.ie/sold/52-seven-winds-north-road-drogheda-louth/B9348A842353B2A480258D6300602AB4", "not_full_market_price": 1}}, {"type": "Feature", "geometry": {"type": "Point", "coordinates": [-6.343713139873934, 53.72737003695053]}, "properties": {"ppr_id": "22bc62eb0a44ccc810d08f42108fd41458ba48de785e836fd92c96d4d92da9af", "address": "73 Listoke Drive, Ballymakenny Road, Drogheda", "sale_date": "2025-12-02", "price": 374449.0, "property_type": null, "beds": null, "baths": null, "floor_area_m2": null, "ber": null, "asking_price": null, "eur_per_m2": null, "sale_vs_asking": null, "daft_url": "https://www.daft.ie/sold/73-listoke-drive-ballymakenny-road-drogheda-louth/D7EAF96CF73EC50680258D6A006024C2", "not_full_market_price": 0}}, {"type": "Feature", "geometry": {"type": "Point", "coordinates": [-6.343581666885219, 53.72728999918623]}, "properties": {"ppr_id": "5f4e699ec12181edd05e607fd4f6474743a7c0e10bd2b6e522854ad3fe05259d", "address": "74 Listoke Drive, Ballymakenny Road, Drogheda", "sale_date": "2025-12-02", "price": 374449.0, "property_type": null, "beds": null, "baths": null, "floor_area_m2": null, "ber": null, "asking_price": null, "eur_per_m2": null, "sale_vs_asking": null, "daft_url": "https://www.daft.ie/sold/74-listoke-drive-ballymakenny-road-drogheda-louth/123D0FAAA5EAF29E80258D5C0060392E", "not_full_market_price": 0}}, {"type": "Feature", "geometry": {"type": "Point", "coordinates": [-6.362439980160297, 53.72332376239845]}, "properties": {"ppr_id": "04df5c26d868badb335242ccdb07ba82604b069f940d4b1a87c733aa9afce76c", "address": "Unit 53 Seven Winds, North Road, Drogheda", "sale_date": "2025-12-02", "price": 247187.09, "property_type": null, "beds": null, "baths": null, "floor_area_m2": null, "ber": null, "asking_price": null, "eur_per_m2": null, "sale_vs_asking": null, "daft_url": "https://www.daft.ie/sold/unit-53-seven-winds-north-road-drogheda-louth/5711F11CD851153480258D6300602A5B", "not_full_market_price": 1}}, {"type": "Feature", "geometry": {"type": "Point", "coordinates": [-6.375768348289607, 53.70603139918623]}, "properties": {"ppr_id": "5ead335299de7e90cc002b88bfd29151bdaf469d61a63ed95c3a433f2ece3262", "address": "123 CEDARFIELD, DROGHEDA, CO LOUTH", "sale_date": "2025-12-03", "price": 330000.0, "property_type": "Semi-D", "beds": 3.0, "baths": 1.0, "floor_area_m2": null, "ber": "C1", "asking_price": 295000.0, "eur_per_m2": null, "sale_vs_asking": 0.11864406779661008, "daft_url": "https://www.daft.ie/sold/123-cedarfield-drogheda/63F221B902D0E30480258D78006023DE", "not_full_market_price": 0}}, {"type": "Feature", "geometry": {"type": "Point", "coordinates": [-6.3842022845036634, 53.721747799728746]}, "properties": {"ppr_id": "77047117b5fe4c30d4be24fee9cd8e3d200191fc7a2e031a4ca65d49bcd0b8ca", "address": "237 GORT MELL, SLANE ROAD, DROGHEDA", "sale_date": "2025-12-03", "price": 351541.85, "property_type": null, "beds": null, "baths": null, "floor_area_m2": null, "ber": null, "asking_price": null, "eur_per_m2": null, "sale_vs_asking": null, "daft_url": "https://www.daft.ie/sold/237-gort-mell-slane-road-drogheda-louth/2184330D2075979080258D7100602759", "not_full_market_price": 0}}, {"type": "Feature", "geometry": {"type": "Point", "coordinates": [-6.362352339717656, 53.723465237601545]}, "properties": {"ppr_id": "eeed50442e4dc0a64d4bdb429f96f5f24039df93ce77b073d6744f18b55bb48c", "address": "47 Seven Winds, North Road, Drogheda", "sale_date": "2025-12-03", "price": 308325.0, "property_type": null, "beds": null, "baths": null, "floor_area_m2": null, "ber": null, "asking_price": null, "eur_per_m2": null, "sale_vs_asking": null, "daft_url": "https://www.daft.ie/sold/47-seven-winds-north-road-drogheda-louth/619D541C7C6A721C80258D5C0060393B", "not_full_market_price": 0}}, {"type": "Feature", "geometry": {"type": "Point", "coordinates": [-6.3699147016755475, 53.72916729110143]}, "properties": {"ppr_id": "5e9771bd1d1abe1be5fcb908c65115bb3a1138848d79022c1bfc765669d29bbe", "address": "48 Seven Winds, Drogheda", "sale_date": "2025-12-03", "price": 308325.0, "property_type": null, "beds": null, "baths": null, "floor_area_m2": null, "ber": null, "asking_price": null, "eur_per_m2": null, "sale_vs_asking": null, "daft_url": "https://www.daft.ie/sold/48-seven-winds-drogheda-louth/7167F988785B8E2280258D5C00603A4B", "not_full_market_price": 0}}, {"type": "Feature", "geometry": {"type": "Point", "coordinates": [-6.3936908184148145, 53.724289717959884]}, "properties": {"ppr_id": "24898418a167a6269d08bf57cd70e7faa2885f393d6ae6c85d890c9ca88cd939", "address": "138 GORT MELL, OLD SLANE ROAD, DROGHEDA", "sale_date": "2025-12-04", "price": 350220.0, "property_type": null, "beds": null, "baths": null, "floor_area_m2": null, "ber": null, "asking_price": null, "eur_per_m2": null, "sale_vs_asking": null, "daft_url": "https://www.daft.ie/sold/138-gort-mell-old-slane-road-drogheda-louth/6E8E08D634AD0AFF80258D6A00602D13", "not_full_market_price": 0}}, {"type": "Feature", "geometry": {"type": "Point", "coordinates": [-6.3624456958413385, 53.72343874622885]}, "properties": {"ppr_id": "bc0eff17b2a00c87757152100373aba8f8ca756c43c090f495d93caaa347efa6", "address": "17 seven winds, North Road", "sale_date": "2025-12-04", "price": 365000.0, "property_type": null, "beds": null, "baths": null, "floor_area_m2": null, "ber": "F", "asking_price": null, "eur_per_m2": null, "sale_vs_asking": null, "daft_url": "https://www.daft.ie/sold/17-north-rd-drogheda-louth/5E6D51A957AB2CE18025875800476FA5", "not_full_market_price": 0}}, {"type": "Feature", "geometry": {"type": "Point", "coordinates": [-6.320844817213631, 53.70482777362981]}, "properties": {"ppr_id": "82a700df52a69b79d8f35c199802125de6454e38f468ab6522aece0ca29fdfe9", "address": "26BRYANSTOWN, DUBLIN RD, DROGHEDA", "sale_date": "2025-12-04", "price": 420000.0, "property_type": null, "beds": null, "baths": null, "floor_area_m2": null, "ber": null, "asking_price": null, "eur_per_m2": null, "sale_vs_asking": null, "daft_url": "https://www.daft.ie/sold/26bryanstown-dublin-rd-drogheda-louth/5980F607F51A37AD80258D630060241A", "not_full_market_price": 0}}, {"type": "Feature", "geometry": {"type": "Point", "coordinates": [-6.3556218577965415, 53.708280127129704]}, "properties": {"ppr_id": "782041349d6e0bb96b98c604d731ef59cef257282ba344563960322ddf27e29e", "address": "27 MORANS TERRACE, PLATTEN ROAD, DROGHEDA", "sale_date": "2025-12-04", "price": 285000.0, "property_type": "End of Terrace", "beds": 3.0, "baths": 1.0, "floor_area_m2": 87.0, "ber": "G", "asking_price": null, "eur_per_m2": 3275.862068965517, "sale_vs_asking": null, "daft_url": "https://www.daft.ie/sold/27-morans-terrace-platten-road-drogheda-louth/5D686C44B18DC6D480258D63006025C9", "not_full_market_price": 0}}, {"type": "Feature", "geometry": {"type": "Point", "coordinates": [-6.347574362778318, 53.71349952821472]}, "properties": {"ppr_id": "636b935aa153c25ee50399cdb7aa17d3b56bf2402cc21a46c5e7c5aa37eae745", "address": "APT 28 - SCOTCH HALL, MARSH ROAD, DROGHEDA", "sale_date": "2025-12-04", "price": 232500.0, "property_type": null, "beds": null, "baths": null, "floor_area_m2": null, "ber": null, "asking_price": null, "eur_per_m2": null, "sale_vs_asking": null, "daft_url": "https://www.daft.ie/sold/apt-28-scotch-hall-marsh-road-drogheda-louth/5E776ABC19835D8080258D6A00602759", "not_full_market_price": 0}}, {"type": "Feature", "geometry": {"type": "Point", "coordinates": [-6.430341807081605, 53.757706017634376]}, "properties": {"ppr_id": "50d8b99c6d32c1d17e873c24d416b03b662d88d5d443966ff71ce3ba59e2cfa5", "address": "COOLFORE, MONASTERBOICE, DROGHEDA", "sale_date": "2025-12-04", "price": 650000.0, "property_type": null, "beds": null, "baths": null, "floor_area_m2": null, "ber": null, "asking_price": null, "eur_per_m2": null, "sale_vs_asking": null, "daft_url": "https://www.daft.ie/sold/coolfore-drogheda-louth/DB3038C22FCD96B08025869B004CFC9A", "not_full_market_price": 0}}, {"type": "Feature", "geometry": {"type": "Point", "coordinates": [-6.384042251642125, 53.721830655724176]}, "properties": {"ppr_id": "8cbe8d9410fb720eb08238d6c11b2f806c8829cbc69a0238563587bf037f2e6a", "address": "228 GORT MELL, SLANE ROAD, DROGHEDA", "sale_date": "2025-12-05", "price": 352422.0, "property_type": null, "beds": null, "baths": null, "floor_area_m2": null, "ber": null, "asking_price": null, "eur_per_m2": null, "sale_vs_asking": null, "daft_url": "https://www.daft.ie/sold/228-gort-mell-slane-road-drogheda-louth/ADD21284FB7FA64C80258D6A0060273F", "not_full_market_price": 0}}, {"type": "Feature", "geometry": {"type": "Point", "coordinates": [-6.343664552030279, 53.72728549001641]}, "properties": {"ppr_id": "3b4b7f7dc78cbbf4db9795a10d754c8723a1292da050b942a909755eb1e88bce", "address": "43 Listoke Drive, Ballymakenny Road, Drogheda", "sale_date": "2025-12-05", "price": 400880.0, "property_type": null, "beds": null, "baths": null, "floor_area_m2": null, "ber": null, "asking_price": null, "eur_per_m2": null, "sale_vs_asking": null, "daft_url": "https://www.daft.ie/sold/43-listoke-drive-ballymakenny-road-drogheda-louth/3D63146E5061F3B980258D6A00602D0D", "not_full_market_price": 0}}, {"type": "Feature", "geometry": {"type": "Point", "coordinates": [-6.347251247541412, 53.717269881714614]}, "properties": {"ppr_id": "48da64d4662e8b51c6635943c88180f16b4521411ade5352a59b66f28b36127d", "address": "44 FRANCIS ST, DROGHEDA, LOUTH", "sale_date": "2025-12-05", "price": 215000.0, "property_type": null, "beds": null, "baths": null, "floor_area_m2": null, "ber": null, "asking_price": null, "eur_per_m2": null, "sale_vs_asking": null, "daft_url": "https://www.daft.ie/sold/44-francis-st-drogheda-louth/7DE7CCDB93F2ACF580258D6300602406", "not_full_market_price": 0}}, {"type": "Feature", "geometry": {"type": "Point", "coordinates": [-6.343690275006331, 53.72740498301663]}, "properties": {"ppr_id": "a8a8d99e685d06e8d52afb9b77bf7c910e1a2f0fb323c029fe439ca3b94de084", "address": "44 Listoke Drive, Ballymakenny Road, Drogheda", "sale_date": "2025-12-05", "price": 374449.0, "property_type": null, "beds": null, "baths": null, "floor_area_m2": null, "ber": null, "asking_price": null, "eur_per_m2": null, "sale_vs_asking": null, "daft_url": "https://www.daft.ie/sold/44-listoke-drive-ballymakenny-road-drogheda-louth/AF8592EB01CAFD6B80258D6A00602D6E", "not_full_market_price": 0}}, {"type": "Feature", "geometry": {"type": "Point", "coordinates": [-6.343567376342968, 53.727353691209935]}, "properties": {"ppr_id": "29073f65356a15a1f2b274a7650a70c3c5cbc0c37be9bb0a57654b13df118173", "address": "72 Listoke Drive, Ballymakenny Road, Drogheda", "sale_date": "2025-12-05", "price": 374449.34, "property_type": null, "beds": null, "baths": null, "floor_area_m2": null, "ber": null, "asking_price": null, "eur_per_m2": null, "sale_vs_asking": null, "daft_url": "https://www.daft.ie/sold/72-listoke-drive-ballymakenny-road-drogheda-louth/FF5958A13565636580258D630060295F", "not_full_market_price": 0}}, {"type": "Feature", "geometry": {"type": "Point", "coordinates": [-6.356446083205216, 53.719836772653295]}, "properties": {"ppr_id": "3d9fe27b1636d565512196d9f648caaffe68719ab12b7722ed8d35a8487cd847", "address": "7 WINDMILL RD, DROGHEDA, LOUTH", "sale_date": "2025-12-08", "price": 239000.0, "property_type": "Bungalow", "beds": 3.0, "baths": 1.0, "floor_area_m2": 67.0, "ber": "G", "asking_price": 210000.0, "eur_per_m2": 3567.1641791044776, "sale_vs_asking": 0.13809523809523805, "daft_url": "https://www.daft.ie/sold/7-windmill-rd-drogheda-louth/F21E81E25FE687CC80258D6300602552", "not_full_market_price": 0}}, {"type": "Feature", "geometry": {"type": "Point", "coordinates": [-6.3435578493148, 53.72726519875223]}, "properties": {"ppr_id": "483401a3643d4612f3e9a23134d7633e8a1d826795fedb24dda54a400c72433c", "address": "71 Listoke Drive, Ballymakenny Road, Drogheda", "sale_date": "2025-12-08", "price": 374449.34, "property_type": null, "beds": null, "baths": null, "floor_area_m2": null, "ber": null, "asking_price": null, "eur_per_m2": null, "sale_vs_asking": null, "daft_url": "https://www.daft.ie/sold/71-listoke-drive-ballymakenny-road-drogheda-louth/A4417D21BED45ADE80258D63006029C9", "not_full_market_price": 0}}, {"type": "Feature", "geometry": {"type": "Point", "coordinates": [-6.327671207067349, 53.72986167362981]}, "properties": {"ppr_id": "df66e69704c635d62a935054e482ddca97b0a64e81d83736673644a4307f4403", "address": "96 BEAULIEU VILLAGE, TERMONFECKIN ROAD, DROGHEDA", "sale_date": "2025-12-08", "price": 320000.0, "property_type": "Terrace", "beds": 2.0, "baths": 3.0, "floor_area_m2": 88.0, "ber": "A2", "asking_price": 295000.0, "eur_per_m2": 3636.3636363636365, "sale_vs_asking": 0.0847457627118644, "daft_url": "https://www.daft.ie/sold/96-beaulieu-village-termonfeckin-road-drogheda-louth/0DD539E526E03B1680258D6A00602B5D", "not_full_market_price": 0}}, {"type": "Feature", "geometry": {"type": "Point", "coordinates": [-6.362295182907238, 53.72346354666286]}, "properties": {"ppr_id": "11a04a2e87953f2f899e4bcb80f0c6aed0a1c2b11ff67ebd9e815efa8798a9cc", "address": "Apartment 13 Seven Winds, North Road, Drogheda", "sale_date": "2025-12-08", "price": 427312.0, "property_type": null, "beds": null, "baths": null, "floor_area_m2": null, "ber": null, "asking_price": null, "eur_per_m2": null, "sale_vs_asking": null, "daft_url": "https://www.daft.ie/sold/apartment-13-seven-winds-north-road-drogheda-louth/9735A2B0234FB56F80258D630060254B", "not_full_market_price": 0}}, {"type": "Feature", "geometry": {"type": "Point", "coordinates": [-6.327906101923594, 53.72787836380898]}, "properties": {"ppr_id": "453c1087488398f09982ae4bdcbe577a08368adc09d506749dd5ea7b596fe1cc", "address": "11 GROVE RD, DROGHEDA, LOUTH", "sale_date": "2025-12-09", "price": 275000.0, "property_type": "Bungalow", "beds": 4.0, "baths": 1.0, "floor_area_m2": 89.0, "ber": "E2", "asking_price": 225000.0, "eur_per_m2": 3089.887640449438, "sale_vs_asking": 0.22222222222222232, "daft_url": "https://www.daft.ie/sold/11-grove-rd-drogheda-louth/46E7F7E99860502080258D6300602B27", "not_full_market_price": 0}}, {"type": "Feature", "geometry": {"type": "Point", "coordinates": [-6.362476179473561, 53.72333898084659]}, "properties": {"ppr_id": "a40dc6500164bf2f8fc0daa8f87305b8e6fa48499f0ef13362b813d8e62e06c0", "address": "11 Seven Winds, North Road, Drogheda", "sale_date": "2025-12-09", "price": 436123.0, "property_type": null, "beds": null, "baths": null, "floor_area_m2": null, "ber": null, "asking_price": null, "eur_per_m2": null, "sale_vs_asking": null, "daft_url": "https://www.daft.ie/sold/11-seven-winds-north-road-drogheda-louth/43F3DCDB01AA8D7480258D71006026E6", "not_full_market_price": 0}}, {"type": "Feature", "geometry": {"type": "Point", "coordinates": [-6.3436855114922475, 53.727272526153186]}, "properties": {"ppr_id": "8f797ffb030e24acc472899c5abcebad6701c05d1f27e51ddbbe0c16f38c5f8a", "address": "48 Listoke Drive, Ballymakenny Road, Drogheda", "sale_date": "2025-12-09", "price": 374449.0, "property_type": null, "beds": null, "baths": null, "floor_area_m2": null, "ber": null, "asking_price": null, "eur_per_m2": null, "sale_vs_asking": null, "daft_url": "https://www.daft.ie/sold/48-listoke-drive-ballymakenny-road-drogheda-louth/7135B39550F9EAAC80258D6300602614", "not_full_market_price": 0}}, {"type": "Feature", "geometry": {"type": "Point", "coordinates": [-6.34367884257253, 53.727310290450426]}, "properties": {"ppr_id": "0d5d2df0d114c4e3f4b16e1a0f42a1190baa6e6e18032b1e44f05141a84a95eb", "address": "70 Listoke Drive, Ballymakenny Road, Drogheda", "sale_date": "2025-12-09", "price": 400880.0, "property_type": null, "beds": null, "baths": null, "floor_area_m2": null, "ber": null, "asking_price": null, "eur_per_m2": null, "sale_vs_asking": null, "daft_url": "https://www.daft.ie/sold/70-listoke-drive-ballymakenny-road-drogheda-louth/33569AA6BBBDC5C780258D6A00602CF9", "not_full_market_price": 0}}, {"type": "Feature", "geometry": {"type": "Point", "coordinates": [-6.362292325066718, 53.72339365453065]}, "properties": {"ppr_id": "13485bcaad88afcfc9414ced45028a2f6846e915df33abc28534e5476b56849a", "address": "60 Seven Winds, North Road, Drogheda", "sale_date": "2025-12-10", "price": 202609.69, "property_type": null, "beds": null, "baths": null, "floor_area_m2": null, "ber": null, "asking_price": null, "eur_per_m2": null, "sale_vs_asking": null, "daft_url": "https://www.daft.ie/sold/60-seven-winds-north-road-drogheda-louth/8E59DB21D896D1C480258D8600602FF2", "not_full_market_price": 0}}, {"type": "Feature", "geometry": {"type": "Point", "coordinates": [-6.3475248385918235, 53.713455563808985]}, "properties": {"ppr_id": "4149ce8c7802b60d64c4c2e50d979a5edc6ac0606b4a2826ef43a12e1ec87055", "address": "1 THE COURTYARD, MARSH ROAD, DROGHEDA", "sale_date": "2025-12-11", "price": 195000.0, "property_type": null, "beds": null, "baths": null, "floor_area_m2": null, "ber": null, "asking_price": null, "eur_per_m2": null, "sale_vs_asking": null, "daft_url": "https://www.daft.ie/sold/1-the-courtyard-marsh-road-drogheda-louth/242011D6E346637880258D7F006023ED", "not_full_market_price": 0}}, {"type": "Feature", "geometry": {"type": "Point", "coordinates": [-6.395171127153694, 53.72632381752587]}, "properties": {"ppr_id": "f31199f235fc9b11bc5e29b0d5511a378ff7858f8de2cac4e55b438c58cf77e8", "address": "125 Gort Mell, Old Slane Road, Drogheda", "sale_date": "2025-12-11", "price": 359030.0, "property_type": null, "beds": null, "baths": null, "floor_area_m2": null, "ber": null, "asking_price": null, "eur_per_m2": null, "sale_vs_asking": null, "daft_url": "https://www.daft.ie/sold/125-gort-mell-old-slane-road-drogheda-louth/99265069B13A22DB80258D6300602AEB", "not_full_market_price": 0}}, {"type": "Feature", "geometry": {"type": "Point", "coordinates": [-6.394205870423387, 53.72700781020059]}, "properties": {"ppr_id": "b00c243140ffcccb7563da41267ce351d5004ca90dea930b45fa74b86faabc45", "address": "133 Gort Mell, Old Slane Road, Drogheda", "sale_date": "2025-12-11", "price": 350220.26, "property_type": null, "beds": null, "baths": null, "floor_area_m2": null, "ber": null, "asking_price": null, "eur_per_m2": null, "sale_vs_asking": null, "daft_url": "https://www.daft.ie/sold/133-gort-mell-old-slane-road-drogheda-louth/BA3443DAEE1A7A4480258D710060275A", "not_full_market_price": 0}}, {"type": "Feature", "geometry": {"type": "Point", "coordinates": [-6.394307808674156, 53.72694750005425]}, "properties": {"ppr_id": "570f2b25d136871f1d40be60b1e720626211cb25501b72273d7b55a667da729d", "address": "35 Gort Mell, Old Slane Road, Drogheda", "sale_date": "2025-12-11", "price": 321585.9, "property_type": null, "beds": null, "baths": null, "floor_area_m2": null, "ber": null, "asking_price": null, "eur_per_m2": null, "sale_vs_asking": null, "daft_url": "https://www.daft.ie/sold/35-gort-mell-old-slane-road-drogheda-louth/F3EB3647F572169A80258D7100602717", "not_full_market_price": 0}}, {"type": "Feature", "geometry": {"type": "Point", "coordinates": [-6.3471105501708385, 53.71584099962025]}, "properties": {"ppr_id": "a99c79387e40c1d6f7a2b39ab250f302b0634922c4190b9d664c166220840707", "address": "38 CORD RD, DROGHEDA, LOUTH", "sale_date": "2025-12-11", "price": 225000.0, "property_type": "Terrace", "beds": 3.0, "baths": 1.0, "floor_area_m2": 77.0, "ber": "F", "asking_price": 215000.0, "eur_per_m2": 2922.0779220779223, "sale_vs_asking": 0.04651162790697683, "daft_url": "https://www.daft.ie/sold/38-cord-rd-drogheda-louth/8D913AD7DD2ABF8480258D6A00602E55", "not_full_market_price": 0}}, {"type": "Feature", "geometry": {"type": "Point", "coordinates": [-6.346765052465416, 53.73324018290813]}, "properties": {"ppr_id": "04ca1991f0ef1d34e7e4064558b4509f1b2479bdb17f2b785b7428d7da58d75b", "address": "49 Listoke Drive, Ballymakenny, Drogheda", "sale_date": "2025-12-11", "price": 378855.0, "property_type": null, "beds": null, "baths": null, "floor_area_m2": null, "ber": null, "asking_price": null, "eur_per_m2": null, "sale_vs_asking": null, "daft_url": "https://www.daft.ie/sold/49-listoke-elms-ballymakenny-road-drogheda-louth/77F700B13E9F2E1880258998003993ED", "not_full_market_price": 0}}, {"type": "Feature", "geometry": {"type": "Point", "coordinates": [-6.347235039509326, 53.72427525572418]}, "properties": {"ppr_id": "799c69d4bc09d5a66898b5a460c86d062066d2b83ae0f2da7f60c9db8d283bb3", "address": "5 LISTOKE AVENUE, BALLYMAKENNY ROAD, DROGHEDA", "sale_date": "2025-12-11", "price": 446700.0, "property_type": "Semi-D", "beds": 4.0, "baths": 3.0, "floor_area_m2": 130.0, "ber": "A2", "asking_price": 420000.0, "eur_per_m2": 3436.153846153846, "sale_vs_asking": 0.06357142857142861, "daft_url": "https://www.daft.ie/sold/5-listoke-avenue-ballymakenny-road-drogheda-louth/6C5FCEDF57C908BC80258D6300602AF0", "not_full_market_price": 0}}, {"type": "Feature", "geometry": {"type": "Point", "coordinates": [-6.34373505203872, 53.72734974568635]}, "properties": {"ppr_id": "06d5521db5ec01786567f7169e3d7990670338c427de1664f62cd8a188b15919", "address": "64 Listoke Drive, Ballymakenny Road, Drogheda", "sale_date": "2025-12-11", "price": 374449.0, "property_type": null, "beds": null, "baths": null, "floor_area_m2": null, "ber": null, "asking_price": null, "eur_per_m2": null, "sale_vs_asking": null, "daft_url": "https://www.daft.ie/sold/64-listoke-drive-ballymakenny-road-drogheda-louth/59DA3D99ADF64ED280258D6A00602C56", "not_full_market_price": 0}}, {"type": "Feature", "geometry": {"type": "Point", "coordinates": [-6.347216939502587, 53.72423467319581]}, "properties": {"ppr_id": "4714a529876c8f64915709ad7588fd0988e0229a4d9a95b896cd3d2502639116", "address": "67 LISTOKE DRIVE, BALLYMAKENNY ROAD, DROGHEDA", "sale_date": "2025-12-11", "price": 374449.0, "property_type": null, "beds": null, "baths": null, "floor_area_m2": null, "ber": null, "asking_price": null, "eur_per_m2": null, "sale_vs_asking": null, "daft_url": "https://www.daft.ie/sold/67-listoke-drive-ballymakenny-road-drogheda-louth/DECC0A5B8E6449F380258D6300602925", "not_full_market_price": 0}}, {"type": "Feature", "geometry": {"type": "Point", "coordinates": [-6.343576903371136, 53.72731254503533]}, "properties": {"ppr_id": "9b0ec4a55362a04832c5998e9e80d8a970310698cbf8d97c8691a86d089ce2dd", "address": "Linenfield, Ballymakenny Road, Drogheda", "sale_date": "2025-12-11", "price": 1360000.0, "property_type": "Semi-D", "beds": 3.0, "baths": 2.0, "floor_area_m2": 98.0, "ber": "A2", "asking_price": 365000.0, "eur_per_m2": 13877.551020408164, "sale_vs_asking": 2.7260273972602738, "daft_url": "https://www.daft.ie/sold/51-linenfield-crescent-ballymakenny-road-drogheda-louth/F4E2D6CF73DE3795802589EA006BE3C0", "not_full_market_price": 0}}, {"type": "Feature", "geometry": {"type": "Point", "coordinates": [-6.344958248851695, 53.71889384612035]}, "properties": {"ppr_id": "00b1a9bf6b3b914a38563a52572441759d503500b0e131ec3a2f788002caca65", "address": "ST PATRICK'S, SCARLET ST, DROGHEDA", "sale_date": "2025-12-11", "price": 350000.0, "property_type": "Semi-D", "beds": 3.0, "baths": 1.0, "floor_area_m2": 115.0, "ber": "G", "asking_price": 375000.0, "eur_per_m2": 3043.478260869565, "sale_vs_asking": -0.06666666666666665, "daft_url": "https://www.daft.ie/sold/st-patricks-scarlet-st-drogheda-louth/A96B2D663F0764E280258D7100602665", "not_full_market_price": 0}}, {"type": "Feature", "geometry": {"type": "Point", "coordinates": [-6.393776555481513, 53.72428126326647]}, "properties": {"ppr_id": "85b97e0d4575bdf818daf8a41347ce655d18e5a8a96523fc9f04842ef5e44528", "address": "120  Gort Mell, Drogheda", "sale_date": "2025-12-12", "price": 396475.77, "property_type": null, "beds": null, "baths": null, "floor_area_m2": null, "ber": null, "asking_price": null, "eur_per_m2": null, "sale_vs_asking": null, "daft_url": "https://www.daft.ie/sold/120-gort-mell-drogheda-louth/49AA5F1B8316751F80258D6A00602BAB", "not_full_market_price": 0}}, {"type": "Feature", "geometry": {"type": "Point", "coordinates": [-6.362435217092762, 53.72334518095509]}, "properties": {"ppr_id": "da7aac532db37447668b7f9a12c5729d46050532dfeb9271e18a914bcc9dcef5", "address": "14 Seven Winds, North Road, Drogheda", "sale_date": "2025-12-12", "price": 427313.0, "property_type": null, "beds": null, "baths": null, "floor_area_m2": null, "ber": null, "asking_price": null, "eur_per_m2": null, "sale_vs_asking": null, "daft_url": "https://www.daft.ie/sold/14-seven-winds-north-road-drogheda-louth/3A0494EE69807B5B80258D7F006025CB", "not_full_market_price": 0}}, {"type": "Feature", "geometry": {"type": "Point", "coordinates": [-6.343744579066887, 53.727330018068386]}, "properties": {"ppr_id": "8153ab5c586ac77a53447ddd10487869fd406a8ebea25d7ce1403c7aec6dab4f", "address": "46 Listoke Drive, Ballymakenny Road, Drogheda", "sale_date": "2025-12-12", "price": 374448.0, "property_type": null, "beds": null, "baths": null, "floor_area_m2": null, "ber": null, "asking_price": null, "eur_per_m2": null, "sale_vs_asking": null, "daft_url": "https://www.daft.ie/sold/46-listoke-drive-ballymakenny-road-drogheda-louth/BAD502A1E8A2830380258D6300602B0E", "not_full_market_price": 0}}, {"type": "Feature", "geometry": {"type": "Point", "coordinates": [-6.362263746661508, 53.723457346554355]}, "properties": {"ppr_id": "a6bc8d24cf9ab5ea94dc597c41883a5d2f56d59c08ff095e96c611bbd4216840", "address": "61 Seven Winds, North Road, Drogheda", "sale_date": "2025-12-12", "price": 207004.0, "property_type": null, "beds": null, "baths": null, "floor_area_m2": null, "ber": null, "asking_price": null, "eur_per_m2": null, "sale_vs_asking": null, "daft_url": "https://www.daft.ie/sold/61-seven-winds-north-road-drogheda-louth/1797F3C5D3B8350680258DA200603115", "not_full_market_price": 0}}, {"type": "Feature", "geometry": {"type": "Point", "coordinates": [-6.343517835796495, 53.72726688969091]}, "properties": {"ppr_id": "dbcd85d991fcd5c4604f170b64cd579fa85712b37cec649359e23454fe214f17", "address": "65 Listoke Drive, Ballymakenny Road, Drogheda", "sale_date": "2025-12-12", "price": 374449.0, "property_type": null, "beds": null, "baths": null, "floor_area_m2": null, "ber": null, "asking_price": null, "eur_per_m2": null, "sale_vs_asking": null, "daft_url": "https://www.daft.ie/sold/65-listoke-drive-ballymakenny-road-drogheda-louth/6F1DBF2A6165D45880258D8600602E8A", "not_full_market_price": 0}}, {"type": "Feature", "geometry": {"type": "Point", "coordinates": [-6.4090035720987375, 53.74011674514384]}, "properties": {"ppr_id": "98c34e8338005385786cc2eba1ea755aaf544ed375c08fc11f5d17c0f2b4569e", "address": "HILL OF RATH, TULLYALLEN, DROGHEDA", "sale_date": "2025-12-12", "price": 980000.0, "property_type": "Detached", "beds": 4.0, "baths": 2.0, "floor_area_m2": 115.0, "ber": "E1", "asking_price": null, "eur_per_m2": 8521.739130434782, "sale_vs_asking": null, "daft_url": "https://www.daft.ie/sold/hill-of-rath-louth/6D4F2DC70CD4799D80258815005ABA01", "not_full_market_price": 0}}, {"type": "Feature", "geometry": {"type": "Point", "coordinates": [-6.395156836942884, 53.72629507156827]}, "properties": {"ppr_id": "5550530146162cd8826da6fda2b7bfdfca9f60c7acc24816caf3c388d9ee941f", "address": "132 Gort Mell, Old Slane Road, Drogheda", "sale_date": "2025-12-15", "price": 345815.0, "property_type": null, "beds": null, "baths": null, "floor_area_m2": null, "ber": null, "asking_price": null, "eur_per_m2": null, "sale_vs_asking": null, "daft_url": "https://www.daft.ie/sold/132-gort-mell-old-slane-road-drogheda-louth/B3F7016C4652253C80258D8600602EDB", "not_full_market_price": 0}}, {"type": "Feature", "geometry": {"type": "Point", "coordinates": [-6.394413557700654, 53.72689733554001]}, "properties": {"ppr_id": "d6d89efdf6ca83367742185cc81a801b21b761d118e7a9c40f424335ef50e867", "address": "140 Gort Mell, Old Slane Road, Drogheda", "sale_date": "2025-12-15", "price": 356828.19, "property_type": null, "beds": null, "baths": null, "floor_area_m2": null, "ber": null, "asking_price": null, "eur_per_m2": null, "sale_vs_asking": null, "daft_url": "https://www.daft.ie/sold/140-gort-mell-old-slane-road-drogheda-louth/3D880501F2D97D8F80258D6A0060276D", "not_full_market_price": 0}}, {"type": "Feature", "geometry": {"type": "Point", "coordinates": [-6.394284944019778, 53.72691255398815]}, "properties": {"ppr_id": "6c8c5e47596e168bdfa806f8833996ca1208da54a08441f5a4f2556443c99d33", "address": "160 Gort Mell, Old Slane Road, Drogheda", "sale_date": "2025-12-15", "price": 264317.18, "property_type": null, "beds": null, "baths": null, "floor_area_m2": null, "ber": null, "asking_price": null, "eur_per_m2": null, "sale_vs_asking": null, "daft_url": "https://www.daft.ie/sold/160-gort-mell-old-slane-road-drogheda-louth/603890629400DDEB80258D6A0060276C", "not_full_market_price": 0}}, {"type": "Feature", "geometry": {"type": "Point", "coordinates": [-6.347409599619405, 53.713403708356054]}, "properties": {"ppr_id": "f9d979ba93bd02d1cb2f9f5a33eed066444f8730ac0050abba7240d49f4a89e7", "address": "35 WEIR HOPE, MARSH ROAD, DROGHEDA", "sale_date": "2025-12-15", "price": 268000.0, "property_type": "End of Terrace", "beds": 3.0, "baths": 1.0, "floor_area_m2": 98.0, "ber": "E1", "asking_price": 260000.0, "eur_per_m2": 2734.6938775510203, "sale_vs_asking": 0.03076923076923066, "daft_url": "https://www.daft.ie/sold/35-weir-hope-marsh-road-drogheda-louth/08F09CCBEB22374980258D6A00602B09", "not_full_market_price": 0}}, {"type": "Feature", "geometry": {"type": "Point", "coordinates": [-6.394387834964478, 53.726892262723965]}, "properties": {"ppr_id": "9677b6bcec9cc123db8d267b2526502de242256d1a1269ce4c78b06eab85932a", "address": "36 Gort Mell, Old Slane Road, Drogheda", "sale_date": "2025-12-15", "price": 321585.9, "property_type": null, "beds": null, "baths": null, "floor_area_m2": null, "ber": null, "asking_price": null, "eur_per_m2": null, "sale_vs_asking": null, "daft_url": "https://www.daft.ie/sold/36-gort-mell-old-slane-road-drogheda-louth/2C9B1E422881C59180258D6A0060276A", "not_full_market_price": 0}}, {"type": "Feature", "geometry": {"type": "Point", "coordinates": [-6.343596910130287, 53.7273221270212]}, "properties": {"ppr_id": "788665c1958c912d2d7021c5b23ab2a675078c35e2ee3a55187700e799b81a8e", "address": "45 Listoke Drive, Ballymakenny Road, Drogheda", "sale_date": "2025-12-15", "price": 374449.33, "property_type": null, "beds": null, "baths": null, "floor_area_m2": null, "ber": null, "asking_price": null, "eur_per_m2": null, "sale_vs_asking": null, "daft_url": "https://www.daft.ie/sold/45-listoke-drive-ballymakenny-road-drogheda-louth/B4A1C958C9BEE55780258D7100602794", "not_full_market_price": 0}}, {"type": "Feature", "geometry": {"type": "Point", "coordinates": [-6.344480500485417, 53.73479906326647]}, "properties": {"ppr_id": "19575f02d0937adf81515c43a109d1a5e0e5d1f088a647ebf5ba5c7013819fea", "address": "66 Listoke Drive, Drogheda", "sale_date": "2025-12-15", "price": 374449.33, "property_type": null, "beds": null, "baths": null, "floor_area_m2": null, "ber": null, "asking_price": null, "eur_per_m2": null, "sale_vs_asking": null, "daft_url": "https://www.daft.ie/sold/66-listoke-drive-drogheda-louth/BE9DBD37483B4EA280258D6A00602571", "not_full_market_price": 0}}, {"type": "Feature", "geometry": {"type": "Point", "coordinates": [-6.347052134178077, 53.72415125355415]}, "properties": {"ppr_id": "0025da802e93c415741765d389a06ee25c18c2114b3d01ba03b6bc9a0a87b375", "address": "75 LISTOKE DRIVE, BALLYMAKENNY ROAD, DROGHEDA", "sale_date": "2025-12-15", "price": 374449.33, "property_type": null, "beds": null, "baths": null, "floor_area_m2": null, "ber": null, "asking_price": null, "eur_per_m2": null, "sale_vs_asking": null, "daft_url": "https://www.daft.ie/sold/75-listoke-drive-ballymakenny-road-drogheda-louth/1C8C76127AFA5F5580258D9400602E7A", "not_full_market_price": 0}}, {"type": "Feature", "geometry": {"type": "Point", "coordinates": [-6.395175890557297, 53.72633847232779]}, "properties": {"ppr_id": "9b42df48142c530b3bcfc2a2112ec7634e748a4476f4abebc971e076b904d3b3", "address": "166 Gort Mell, Tullyallen, Drogheda", "sale_date": "2025-12-16", "price": 264317.0, "property_type": "Terrace", "beds": 3.0, "baths": 2.0, "floor_area_m2": null, "ber": "C2", "asking_price": 210000.0, "eur_per_m2": null, "sale_vs_asking": 0.25865238095238086, "daft_url": "https://www.daft.ie/sold/166-pearse-park-drogheda-louth/39F6AC1A73FB78E78025862B004CFE4D", "not_full_market_price": 0}}, {"type": "Feature", "geometry": {"type": "Point", "coordinates": [-6.3297292972239685, 53.732930863700474]}, "properties": {"ppr_id": "b985f1dddf6d3e8739341922de07dcfc32dbc000ea8d9d5c2a3d944764256ea4", "address": "22 DUNLIN ST, ASTON VILLAGE, DROGHEDA", "sale_date": "2025-12-16", "price": 280000.0, "property_type": "House", "beds": 2.0, "baths": 3.0, "floor_area_m2": 79.0, "ber": "C2", "asking_price": 279000.0, "eur_per_m2": 3544.3037974683543, "sale_vs_asking": 0.0035842293906809264, "daft_url": "https://www.daft.ie/sold/22-dunlin-st-aston-village-drogheda-louth/F782EAEBBF330B3180258D6A006027B0", "not_full_market_price": 0}}, {"type": "Feature", "geometry": {"type": "Point", "coordinates": [-6.384073686668498, 53.721762454530655]}, "properties": {"ppr_id": "bf2f30e51e863605d0da402ab7bdd197fe64eccd449b1d8b4124c9acdd13ab36", "address": "37 BOYNE MEADOW, SLANE ROAD, DROGHEDA", "sale_date": "2025-12-16", "price": 340000.0, "property_type": null, "beds": null, "baths": null, "floor_area_m2": null, "ber": null, "asking_price": null, "eur_per_m2": null, "sale_vs_asking": null, "daft_url": "https://www.daft.ie/sold/37-boyne-meadow-slane-road-drogheda-louth/06F4229053B6485980258D7100602559", "not_full_market_price": 0}}, {"type": "Feature", "geometry": {"type": "Point", "coordinates": [-6.332147827912459, 53.71928761720037]}, "properties": {"ppr_id": "2e70ea397d988ab3498aaa30a5128c0993fa725cad385ee71a59b6cf63de6318", "address": "5 PINEWOOD, GREENHILLS, DROGHEDA", "sale_date": "2025-12-16", "price": 385000.0, "property_type": "Semi-D", "beds": 4.0, "baths": 3.0, "floor_area_m2": 110.0, "ber": "B3", "asking_price": 365000.0, "eur_per_m2": 3500.0, "sale_vs_asking": 0.0547945205479452, "daft_url": "https://www.daft.ie/sold/5-pinewood-greenhills-drogheda-louth/E05BE22FA2EA183080258D6A00602E44", "not_full_market_price": 0}}, {"type": "Feature", "geometry": {"type": "Point", "coordinates": [-6.35546180360059, 53.731984009983584]}, "properties": {"ppr_id": "13d6635ab77d2b80a2f4d75f49800c93fdea4426c51614ad437d9d533ef0a908", "address": "6 Usher's Mill Avenue, Usher's Mill, Drogheda", "sale_date": "2025-12-16", "price": 334801.0, "property_type": null, "beds": null, "baths": null, "floor_area_m2": null, "ber": null, "asking_price": null, "eur_per_m2": null, "sale_vs_asking": null, "daft_url": "https://www.daft.ie/sold/6-ushers-mill-avenue-ushers-mill-drogheda-louth/C8597F9CDC4EC32280258D6A00602691", "not_full_market_price": 0}}, {"type": "Feature", "geometry": {"type": "Point", "coordinates": [-6.368603694708581, 53.72088450922407]}, "properties": {"ppr_id": "ac6602e387ae427431fc9039c92eabfb31cb17e16277826b5d6762cc435c7410", "address": "74 FOUNTAIN HILL, DROGHEDA, LOUTH", "sale_date": "2025-12-16", "price": 341000.0, "property_type": "Semi-D", "beds": 3.0, "baths": 3.0, "floor_area_m2": null, "ber": "C2", "asking_price": null, "eur_per_m2": null, "sale_vs_asking": null, "daft_url": "https://www.daft.ie/sold/74-fountain-hill-drogheda-louth/82C1BCF993E71E5B80258D6A0060288F", "not_full_market_price": 0}}, {"type": "Feature", "geometry": {"type": "Point", "coordinates": [-6.356155047333965, 53.72183918117211]}, "properties": {"ppr_id": "811052430d1e59655682b86f79b50a6568b1c6212ec7aa3b06b6ef593252cdd4", "address": "APT 1 - WINDMILL COURT, WINDMILL ROAD, DROGHEDA", "sale_date": "2025-12-16", "price": 200000.0, "property_type": "Apartment", "beds": 2.0, "baths": 1.0, "floor_area_m2": 66.0, "ber": "D1", "asking_price": 150000.0, "eur_per_m2": 3030.3030303030305, "sale_vs_asking": 0.33333333333333326, "daft_url": "https://www.daft.ie/sold/apt-1-windmill-court-windmill-road-drogheda-louth/AF0795906279DC3580258D7F006024F3", "not_full_market_price": 0}}, {"type": "Feature", "geometry": {"type": "Point", "coordinates": [-6.321598720973308, 53.73064419175245]}, "properties": {"ppr_id": "18018581273ea6f3302163ba54a7ae90f25d62f11ab739d455d7167ed52f3c8a", "address": "36 Beaulieu Banks, Termonfeckin Road, Drogheda", "sale_date": "2025-12-17", "price": 343612.0, "property_type": null, "beds": null, "baths": null, "floor_area_m2": null, "ber": null, "asking_price": null, "eur_per_m2": null, "sale_vs_asking": null, "daft_url": "https://www.daft.ie/sold/36-beaulieu-banks-termonfeckin-road-drogheda-louth/D4FAABB50EB79D8480258D6A00602E70", "not_full_market_price": 0}}, {"type": "Feature", "geometry": {"type": "Point", "coordinates": [-6.321369706721119, 53.73033435496467]}, "properties": {"ppr_id": "5a714dea135e22f68fbda65facc29534409a72dfd048ddd6a2c048b3c80db997", "address": "38 Beaulieu Banks, Termonfeckin Road, Drogheda", "sale_date": "2025-12-17", "price": 361233.0, "property_type": null, "beds": null, "baths": null, "floor_area_m2": null, "ber": null, "asking_price": null, "eur_per_m2": null, "sale_vs_asking": null, "daft_url": "https://www.daft.ie/sold/38-beaulieu-banks-termonfeckin-road-drogheda-louth/81B7C002C4340BAF80258D6A00602DED", "not_full_market_price": 0}}, {"type": "Feature", "geometry": {"type": "Point", "coordinates": [-6.321730204155139, 53.73061882767221]}, "properties": {"ppr_id": "235b6386ccb6bc0fa8491703dd48f41a8ef52c9bf8dc8c6e8939c1c0bf08694c", "address": "39 Beaulieu Banks, Termonfeckin Road, Drogheda", "sale_date": "2025-12-17", "price": 361233.0, "property_type": null, "beds": null, "baths": null, "floor_area_m2": null, "ber": null, "asking_price": null, "eur_per_m2": null, "sale_vs_asking": null, "daft_url": "https://www.daft.ie/sold/39-beaulieu-banks-termonfeckin-road-drogheda-louth/16FD4D28F14A094680258D6A00602D8F", "not_full_market_price": 0}}, {"type": "Feature", "geometry": {"type": "Point", "coordinates": [-6.321773079105736, 53.730657719261906]}, "properties": {"ppr_id": "28f8ce27ce228e8656219f34669985841678396d3a92e63ec5f097e96aec4d42", "address": "42 Beaulieu Banks, Termonfeckin Road, Drogheda", "sale_date": "2025-12-17", "price": 343612.0, "property_type": null, "beds": null, "baths": null, "floor_area_m2": null, "ber": null, "asking_price": null, "eur_per_m2": null, "sale_vs_asking": null, "daft_url": "https://www.daft.ie/sold/42-beaulieu-banks-termonfeckin-road-drogheda-louth/AE4E05CB40EFB05780258D6A00602E51", "not_full_market_price": 0}}, {"type": "Feature", "geometry": {"type": "Point", "coordinates": [-6.355474255720526, 53.70823503543151]}, "properties": {"ppr_id": "d67bf77be46c7636314cfa35fb416219044d01b627cfec110a4efdf6ed316a00", "address": "49 MORANS TERRACE, DROGHEDA, LOUTH", "sale_date": "2025-12-17", "price": 265000.0, "property_type": "Terrace", "beds": 2.0, "baths": 1.0, "floor_area_m2": null, "ber": "D2", "asking_price": 250000.0, "eur_per_m2": null, "sale_vs_asking": 0.06000000000000005, "daft_url": "https://www.daft.ie/sold/49-morans-terrace-drogheda-louth/71CDBBCF463596FD80258D7F0060282E", "not_full_market_price": 0}}, {"type": "Feature", "geometry": {"type": "Point", "coordinates": [-6.347092144719288, 53.72423185496467]}, "properties": {"ppr_id": "cc1a9f6b218240630b255008216ca8b3c48b2f58a9e285c093dbfd316a2be9b5", "address": "63 LISTOKE DRIVE, BALLYMAKENNY ROAD, DROGHEDA", "sale_date": "2025-12-17", "price": 440529.0, "property_type": null, "beds": null, "baths": null, "floor_area_m2": null, "ber": null, "asking_price": null, "eur_per_m2": null, "sale_vs_asking": null, "daft_url": "https://www.daft.ie/sold/63-listoke-drive-ballymakenny-road-drogheda-louth/B0AF16D99B309FD680258D8600602EFE", "not_full_market_price": 0}}, {"type": "Feature", "geometry": {"type": "Point", "coordinates": [-6.347163592114307, 53.72419352702121]}, "properties": {"ppr_id": "f81ba5d5f365307e6ba5bfd1c891b2017221212ad036be22427824a1aa7d16d2", "address": "81 LISTOKE ELMS, BALLYMAKENNY ROAD, DROGHEDA", "sale_date": "2025-12-17", "price": 435000.0, "property_type": "Semi-D", "beds": 4.0, "baths": 3.0, "floor_area_m2": 128.0, "ber": "A2", "asking_price": 385000.0, "eur_per_m2": 3398.4375, "sale_vs_asking": 0.1298701298701299, "daft_url": "https://www.daft.ie/sold/81-listoke-elms-ballymakenny-road-drogheda-louth/81856F50366BF89980258D6A006029F5", "not_full_market_price": 1}}, {"type": "Feature", "geometry": {"type": "Point", "coordinates": [-6.362290419839703, 53.72345340103077]}, "properties": {"ppr_id": "b42ccde4b8e9690b9477043e3dacaab06cf5d9017694d58f98d7bc30e445e668", "address": "12 Seven Winds, North Road, Drogheda", "sale_date": "2025-12-18", "price": 427312.0, "property_type": null, "beds": null, "baths": null, "floor_area_m2": null, "ber": null, "asking_price": null, "eur_per_m2": null, "sale_vs_asking": null, "daft_url": "https://www.daft.ie/sold/12-seven-winds-north-road-drogheda-louth/D5CAB5F1F7816F9380258D6A00602AAB", "not_full_market_price": 0}}, {"type": "Feature", "geometry": {"type": "Point", "coordinates": [-6.3943697337797625, 53.72688380803055]}, "properties": {"ppr_id": "2304952703ea25a3eea58559a405bcbe8dba85fceab8757c76067fceb3af635d", "address": "130 Gort Mell, Old Slane Road, Drogheda", "sale_date": "2025-12-18", "price": 359030.84, "property_type": null, "beds": null, "baths": null, "floor_area_m2": null, "ber": null, "asking_price": null, "eur_per_m2": null, "sale_vs_asking": null, "daft_url": "https://www.daft.ie/sold/130-gort-mell-old-slane-road-drogheda-louth/51CD07C05CA5C10580258D8600602F5B", "not_full_market_price": 0}}, {"type": "Feature", "geometry": {"type": "Point", "coordinates": [-6.32078578131096, 53.704731953771145]}, "properties": {"ppr_id": "151fd193e554a0facb439963b59bbe360e1aa6e10ef31ff959ffe86e6fcb7d3a", "address": "134 BRYANSTOWN MANOR, DUBLIN RD, DROGHEDA", "sale_date": "2025-12-18", "price": 323000.0, "property_type": "Duplex", "beds": 3.0, "baths": 3.0, "floor_area_m2": 145.0, "ber": "B3", "asking_price": 295000.0, "eur_per_m2": 2227.5862068965516, "sale_vs_asking": 0.0949152542372882, "daft_url": "https://www.daft.ie/sold/134-bryanstown-manor-dublin-rd-drogheda-louth/A8EC079B330A52B680258D6A00602BEF", "not_full_market_price": 0}}, {"type": "Feature", "geometry": {"type": "Point", "coordinates": [-6.320691514305082, 53.70484017384681]}, "properties": {"ppr_id": "e01433b0ea57b1aed91a650fbf9b33c984cd980d2880b8c8c39f9a35e2b99e4c", "address": "2 TERRANO COURT, DUBLIN RD, DROGHEDA", "sale_date": "2025-12-18", "price": 270000.0, "property_type": null, "beds": null, "baths": null, "floor_area_m2": null, "ber": null, "asking_price": null, "eur_per_m2": null, "sale_vs_asking": null, "daft_url": "https://www.daft.ie/sold/2-terrano-court-dublin-rd-drogheda-louth/ABA07975645FD76480258D8600602F0A", "not_full_market_price": 0}}, {"type": "Feature", "geometry": {"type": "Point", "coordinates": [-6.316381237023055, 53.70390773640803]}, "properties": {"ppr_id": "2bb06f1ef6a7177f2cb114b752f5666a83967bd917d6413776f2e56c9d50187c", "address": "3 BLACKBULL COTTAGES, DUBLIN ROAD, DROGHEDA", "sale_date": "2025-12-18", "price": 300000.0, "property_type": "Terrace", "beds": 2.0, "baths": null, "floor_area_m2": 84.0, "ber": "E2", "asking_price": 275000.0, "eur_per_m2": 3571.4285714285716, "sale_vs_asking": 0.09090909090909083, "daft_url": "https://www.daft.ie/sold/3-blackbull-cottages-dublin-road-drogheda-louth/8FA387A2579D745480258D71006024A2", "not_full_market_price": 0}}, {"type": "Feature", "geometry": {"type": "Point", "coordinates": [-6.321650170914024, 53.73066279207795]}, "properties": {"ppr_id": "ce5b9bcc5dc3d4ca2121940e9389324af7565e92c6e8d4c534195e1e176b333a", "address": "37 Beaulieu Banks, Termofeckin Road, Drogheda", "sale_date": "2025-12-18", "price": 352422.9, "property_type": null, "beds": null, "baths": null, "floor_area_m2": null, "ber": null, "asking_price": null, "eur_per_m2": null, "sale_vs_asking": null, "daft_url": "https://www.daft.ie/sold/37-beaulieu-banks-termofeckin-road-drogheda-louth/00770B3FE520E60C80258D6A00602DC4", "not_full_market_price": 0}}, {"type": "Feature", "geometry": {"type": "Point", "coordinates": [-6.350522455664001, 53.70550066239845]}, "properties": {"ppr_id": "4d78c46591f09288a95057af75701d75169a456dee418b8c1eebb9087f806b12", "address": "44 ROSEVALE, DROGHEDA, LOUTH", "sale_date": "2025-12-18", "price": 375000.0, "property_type": "Semi-D", "beds": 4.0, "baths": 2.0, "floor_area_m2": 125.0, "ber": "C2", "asking_price": 375000.0, "eur_per_m2": 3000.0, "sale_vs_asking": 0.0, "daft_url": "https://www.daft.ie/sold/44-rosevale-drogheda-louth/40FDDDF2B1E599E080258D6A00602CEB", "not_full_market_price": 0}}, {"type": "Feature", "geometry": {"type": "Point", "coordinates": [-6.362422833117171, 53.72338238160611]}, "properties": {"ppr_id": "c09f9f8cfc0ad3e0383bb0283fc7a989a8bd37b0f2a8ac9b8569b0b1b4dfe6f7", "address": "63 Seven Winds, North Road, Drogheda", "sale_date": "2025-12-18", "price": 202599.12, "property_type": null, "beds": null, "baths": null, "floor_area_m2": null, "ber": null, "asking_price": null, "eur_per_m2": null, "sale_vs_asking": null, "daft_url": "https://www.daft.ie/sold/63-seven-winds-north-road-drogheda-louth/803FBC68E328DA6580258D710060255B", "not_full_market_price": 0}}, {"type": "Feature", "geometry": {"type": "Point", "coordinates": [-6.354023724132152, 53.716273862940966]}, "properties": {"ppr_id": "83eb5d35fc723b54a16e73f49a012b43a63d737ca305e7bf54703482d75e8737", "address": "APT 14 FAIR ST HOUSE, FAIR ST, DROGHEDA", "sale_date": "2025-12-18", "price": 176000.0, "property_type": "Apartment", "beds": 1.0, "baths": 1.0, "floor_area_m2": null, "ber": "D1", "asking_price": 165000.0, "eur_per_m2": null, "sale_vs_asking": 0.06666666666666665, "daft_url": "https://www.daft.ie/sold/apt-14-fair-st-house-fair-st-drogheda-louth/4A7016C7FCD65D2680258D7F00602690", "not_full_market_price": 0}}, {"type": "Feature", "geometry": {"type": "Point", "coordinates": [-6.320746741439839, 53.70483115550717]}, "properties": {"ppr_id": "3b04b36f85229d756a7e86733914e3b3b3d04994e2fc78be1a4e6e19f722d815", "address": "APT 3 BLOCK 4 WHEATON HALL, DUBLIN RD, DROGHEDA", "sale_date": "2025-12-18", "price": 250000.0, "property_type": "Apartment", "beds": 2.0, "baths": 1.0, "floor_area_m2": 69.0, "ber": "Exempt", "asking_price": 210000.0, "eur_per_m2": 3623.1884057971015, "sale_vs_asking": 0.19047619047619047, "daft_url": "https://www.daft.ie/sold/apt-3-block-4-wheaton-hall-dublin-rd-drogheda-louth/198621487DB1D23380258D7F0060282C", "not_full_market_price": 0}}, {"type": "Feature", "geometry": {"type": "Point", "coordinates": [-6.3951225404369385, 53.72631310824755]}, "properties": {"ppr_id": "8a8ad1240d4f3fdc29043ac78564ebfd82e38eac571f67736adc2676d736bd54", "address": "119 Gort Mell, Old Slane Road, Drogheda", "sale_date": "2025-12-19", "price": 436123.35, "property_type": null, "beds": null, "baths": null, "floor_area_m2": null, "ber": null, "asking_price": null, "eur_per_m2": null, "sale_vs_asking": null, "daft_url": "https://www.daft.ie/sold/119-gort-mell-old-slane-road-drogheda-louth/A32E750ABA6A926080258D9400603055", "not_full_market_price": 0}}, {"type": "Feature", "geometry": {"type": "Point", "coordinates": [-6.350640740098986, 53.71927927178528]}, "properties": {"ppr_id": "52f9fbf047b2840ba08ee913e2f63c1c3a6d6da1c540c527d2986b516ab5c485", "address": "16 LOURDES SQ, DROGHEDA, LOUTH", "sale_date": "2025-12-19", "price": 225000.0, "property_type": "Terrace", "beds": 1.0, "baths": 1.0, "floor_area_m2": null, "ber": "E1", "asking_price": null, "eur_per_m2": null, "sale_vs_asking": null, "daft_url": "https://www.daft.ie/sold/16-lourdes-sq-drogheda-louth/0E130EF1218A022080258D8600602F8D", "not_full_market_price": 0}}, {"type": "Feature", "geometry": {"type": "Point", "coordinates": [-6.321694951417982, 53.730560772110785]}, "properties": {"ppr_id": "8f0c2d957838f3036b7d0903562fa594ef4f644de4eb3ea43637d255f2ebcc15", "address": "40 Beaulieu Banks, Termonfeckin Road, Drogheda", "sale_date": "2025-12-19", "price": 352422.91, "property_type": null, "beds": null, "baths": null, "floor_area_m2": null, "ber": null, "asking_price": null, "eur_per_m2": null, "sale_vs_asking": null, "daft_url": "https://www.daft.ie/sold/40-beaulieu-banks-termonfeckin-road-drogheda-louth/65D56836A7E3BBF480258D7F0060266E", "not_full_market_price": 0}}, {"type": "Feature", "geometry": {"type": "Point", "coordinates": [-6.321672084777663, 53.73054780824755]}, "properties": {"ppr_id": "83077fdb24179e41c8593c5e4909359bc7a4c0d7db77b5e9d457efdb14e86736", "address": "45 Beaulieu Banks, TERMONFECKIN ROAD, Drogheda", "sale_date": "2025-12-19", "price": 370044.0, "property_type": null, "beds": null, "baths": null, "floor_area_m2": null, "ber": null, "asking_price": null, "eur_per_m2": null, "sale_vs_asking": null, "daft_url": "https://www.daft.ie/sold/45-beaulieu-banks-termonfeckin-road-drogheda-louth/CA95A9D17D56106280258D8600602F2F", "not_full_market_price": 0}}, {"type": "Feature", "geometry": {"type": "Point", "coordinates": [-6.358380439498368, 53.72412536261546]}, "properties": {"ppr_id": "1ff2420c9930b9b701a8d61c82b608cd29a9dee0a798e881fdb1c2d5c8311a97", "address": "CROSSLANES, DROGHEDA, LOUTH", "sale_date": "2025-12-19", "price": 650000.0, "property_type": "Semi-D", "beds": 6.0, "baths": 4.0, "floor_area_m2": null, "ber": "G", "asking_price": null, "eur_per_m2": null, "sale_vs_asking": null, "daft_url": "https://www.daft.ie/sold/crosslanes-drogheda-louth/220EB17FF670943080258D71006025CB", "not_full_market_price": 0}}, {"type": "Feature", "geometry": {"type": "Point", "coordinates": [-6.359325594926353, 53.71260712637019]}, "properties": {"ppr_id": "12077a6f01c20ea68bbcf517751bda8903824a0f77c4113eaf0af9c475e08818", "address": "106 BALLSGROVE, DROGHEDA, LOUTH", "sale_date": "2025-12-22", "price": 256000.0, "property_type": "Terrace", "beds": 4.0, "baths": 1.0, "floor_area_m2": 113.0, "ber": "F", "asking_price": 255000.0, "eur_per_m2": 2265.4867256637167, "sale_vs_asking": 0.0039215686274509665, "daft_url": "https://www.daft.ie/sold/106-ballsgrove-drogheda-louth/62F36E85F11390D980258D710060255A", "not_full_market_price": 0}}, {"type": "Feature", "geometry": {"type": "Point", "coordinates": [-6.347071186816748, 53.72423636413449]}, "properties": {"ppr_id": "6571b6d3bdee9e49e097f822b3c20724004ba96ca9bb5a0a8707e4aa75d2be3d", "address": "37 LINENFIELD CRESCENT, BALLYMAKENNY ROAD, DROGHEDA", "sale_date": "2025-12-22", "price": 326000.0, "property_type": null, "beds": null, "baths": null, "floor_area_m2": null, "ber": null, "asking_price": null, "eur_per_m2": null, "sale_vs_asking": null, "daft_url": "https://www.daft.ie/sold/37-linenfield-crescent-ballymakenny-road-drogheda-louth/FBBAE4FA3EE26E9180258D7F00602463", "not_full_market_price": 0}}, {"type": "Feature", "geometry": {"type": "Point", "coordinates": [-6.356306507412745, 53.72192372810622]}, "properties": {"ppr_id": "2b75f7b4f05428d25755b4be85da2dc7f94bebe3302af0de729d78e4f1032748", "address": "4 WINDMILL COURT, WINDMILL RD, DROGHEDA", "sale_date": "2025-12-22", "price": 175000.0, "property_type": "Terrace", "beds": 2.0, "baths": 1.0, "floor_area_m2": 60.0, "ber": "G", "asking_price": 185000.0, "eur_per_m2": 2916.6666666666665, "sale_vs_asking": -0.05405405405405406, "daft_url": "https://www.daft.ie/sold/4-windmill-rd-drogheda-louth/95E08B5BCCCBDC038025895700603661", "not_full_market_price": 0}}, {"type": "Feature", "geometry": {"type": "Point", "coordinates": [-6.320642952514175, 53.704766336191014]}, "properties": {"ppr_id": "d2562b3a9cffdf95f7aa3274cec340f45e928e412f18e0220d69ba231dd0a525", "address": "29 FIVE OAKS VILLAGE, DUBLIN RD, DROGHEDA", "sale_date": "2025-12-23", "price": 515000.0, "property_type": "Detached", "beds": 4.0, "baths": 3.0, "floor_area_m2": 147.0, "ber": "C3", "asking_price": 465000.0, "eur_per_m2": 3503.401360544218, "sale_vs_asking": 0.10752688172043001, "daft_url": "https://www.daft.ie/sold/29-five-oaks-village-dublin-rd-drogheda-louth/DFD8F742BC8BD18C80258D8D00602E40", "not_full_market_price": 0}}, {"type": "Feature", "geometry": {"type": "Point", "coordinates": [-6.362292325066718, 53.72334405366264]}, "properties": {"ppr_id": "43d6058510523669916bc2ba95777157521d19f3a85fbfaf3d81bcbd01155de0", "address": "65 Seven Winds, North Road, Drogheda", "sale_date": "2025-12-29", "price": 312731.28, "property_type": null, "beds": null, "baths": null, "floor_area_m2": null, "ber": null, "asking_price": null, "eur_per_m2": null, "sale_vs_asking": null, "daft_url": "https://www.daft.ie/sold/65-seven-winds-north-road-drogheda-louth/F3B44AC237CD2A4D80258D7F00602780", "not_full_market_price": 0}}, {"type": "Feature", "geometry": {"type": "Point", "coordinates": [-6.394384024188748, 53.72687591698337]}, "properties": {"ppr_id": "83e12a05dd89d6dc24e478cc2d22514362ef7a1eaec586ca2934e1f745aed305", "address": "164 Gort Mell, Old Slane Road, Drogheda", "sale_date": "2026-01-06", "price": 264317.18, "property_type": null, "beds": null, "baths": null, "floor_area_m2": null, "ber": null, "asking_price": null, "eur_per_m2": null, "sale_vs_asking": null, "daft_url": "https://www.daft.ie/sold/164-gort-mell-old-slane-road-drogheda-louth/24CA903E150F805080258D8600603031", "not_full_market_price": 0}}, {"type": "Feature", "geometry": {"type": "Point", "coordinates": [-6.329853165061038, 53.73296073695053]}, "properties": {"ppr_id": "c583988f5c527364deda087102fd5681eecc70b04efafead916f79f4988e6df1", "address": "13 GREENSHANK ST, ASTON VILLAGE, DROGHEDA", "sale_date": "2026-01-07", "price": 341500.0, "property_type": "End of Terrace", "beds": 3.0, "baths": 3.0, "floor_area_m2": 93.0, "ber": "C2", "asking_price": 295000.0, "eur_per_m2": 3672.043010752688, "sale_vs_asking": 0.15762711864406787, "daft_url": "https://www.daft.ie/sold/13-greenshank-st-aston-village-drogheda-louth/95311D337CC7258A80258D7F006027BE", "not_full_market_price": 0}}, {"type": "Feature", "geometry": {"type": "Point", "coordinates": [-6.435746175573504, 53.73843016348347]}, "properties": {"ppr_id": "c58e8d559fba8e15443842837aa61766b2269b86c423643514aca4d2c02121e2", "address": "64 ALLENWOOD, TULLYALLEN, DROGHEDA", "sale_date": "2026-01-08", "price": 400000.0, "property_type": null, "beds": null, "baths": null, "floor_area_m2": null, "ber": null, "asking_price": null, "eur_per_m2": null, "sale_vs_asking": null, "daft_url": "https://www.daft.ie/sold/64-rosevale-drogheda-louth/19DF2451983535C980258A400033E174", "not_full_market_price": 0}}, {"type": "Feature", "geometry": {"type": "Point", "coordinates": [-6.321344934695726, 53.73033604590335]}, "properties": {"ppr_id": "7f16a4c25684137b52f3f79a1ff3345f8bfea739ba772c56685f25abc62407bd", "address": "44 BEAULIEU BANKS, TERMONFECKIN ROAD, DROGHEDA", "sale_date": "2026-01-09", "price": 361233.0, "property_type": null, "beds": null, "baths": null, "floor_area_m2": null, "ber": null, "asking_price": null, "eur_per_m2": null, "sale_vs_asking": null, "daft_url": "https://www.daft.ie/sold/44-beaulieu-banks-termonfeckin-road-drogheda-louth/9938D07C2E39EFE780258D7F006028D3", "not_full_market_price": 0}}, {"type": "Feature", "geometry": {"type": "Point", "coordinates": [-6.331958484267055, 53.72716604622885]}, "properties": {"ppr_id": "8cb29b9d5f50f44b136087a22c98cdac5cbe0eac84e495786e63a1dec3683928", "address": "6 CHERRYWOOD DRIVE, TERMON ABBEY, DROGHEDA", "sale_date": "2026-01-09", "price": 347000.0, "property_type": "Semi-D", "beds": 3.0, "baths": 2.0, "floor_area_m2": 88.0, "ber": "B2", "asking_price": 295000.0, "eur_per_m2": 3943.181818181818, "sale_vs_asking": 0.17627118644067807, "daft_url": "https://www.daft.ie/sold/6-cherrywood-drive-termon-abbey-drogheda-louth/E990D533EC32CF8380258D8D00602E43", "not_full_market_price": 0}}, {"type": "Feature", "geometry": {"type": "Point", "coordinates": [-6.435923425104291, 53.738376617091866]}, "properties": {"ppr_id": "02fb65be89be4c9f05bb1a067f12c2bdfe4f5bf737e56898847355afcd5b2f51", "address": "SHEEPGRANGE, TULLYALLEN, DROGHEDA", "sale_date": "2026-01-12", "price": 428000.0, "property_type": null, "beds": null, "baths": null, "floor_area_m2": null, "ber": null, "asking_price": null, "eur_per_m2": null, "sale_vs_asking": null, "daft_url": "https://www.daft.ie/sold/sheepgrange-drogheda/1EC3515DEED84C9980258981005AB86A", "not_full_market_price": 0}}, {"type": "Feature", "geometry": {"type": "Point", "coordinates": [-6.343515930390862, 53.72740329207795]}, "properties": {"ppr_id": "968feb2eb905a219d0330406c4b66451f07d3e226c78aaf60881bcab3428e5dc", "address": "68 Listoke Drive, Ballymakenny Road, Drogheda", "sale_date": "2026-01-13", "price": 374449.0, "property_type": null, "beds": null, "baths": null, "floor_area_m2": null, "ber": null, "asking_price": null, "eur_per_m2": null, "sale_vs_asking": null, "daft_url": "https://www.daft.ie/sold/68-listoke-drive-ballymakenny-road-drogheda-louth/E3F27978BAE748B680258D86006031AE", "not_full_market_price": 0}}, {"type": "Feature", "geometry": {"type": "Point", "coordinates": [-6.346411021714842, 53.719506409332574]}, "properties": {"ppr_id": "2d855ae4b9dfa95df0bda8649b8380e6b6c0793801478c3aaaf1dc1ab4c6a38e", "address": "76 SCARLET CRESCENT, DROGHEDA, LOUTH", "sale_date": "2026-01-13", "price": 330000.0, "property_type": "End of Terrace", "beds": 4.0, "baths": 2.0, "floor_area_m2": null, "ber": "C2", "asking_price": 335000.0, "eur_per_m2": null, "sale_vs_asking": -0.014925373134328401, "daft_url": "https://www.daft.ie/sold/76-scarlet-crescent-drogheda-louth/CAD5E9BF962685AC80258DA200603062", "not_full_market_price": 0}}, {"type": "Feature", "geometry": {"type": "Point", "coordinates": [-6.353025857441171, 53.720376873195804]}, "properties": {"ppr_id": "49e4e2a51ef1da08f97b147cb04cf5efe4847443380ff3cd02febb1f6ebeb954", "address": "20 BOTHAR BRUGHA, DROGHEDA, LOUTH", "sale_date": "2026-01-15", "price": 271000.0, "property_type": "End of Terrace", "beds": 2.0, "baths": 1.0, "floor_area_m2": 73.0, "ber": "C3", "asking_price": 245000.0, "eur_per_m2": 3712.328767123288, "sale_vs_asking": 0.10612244897959178, "daft_url": "https://www.daft.ie/sold/20-bothar-brugha-drogheda-louth/BB72D85D0051E2F980258D86006031A9", "not_full_market_price": 0}}, {"type": "Feature", "geometry": {"type": "Point", "coordinates": [-6.329082494987727, 53.71011328182311]}, "properties": {"ppr_id": "0bd120adfe9c88a9ef2b7df95290562955f4ca9a31771890477091ad78133bd5", "address": "9 FOXHILL, WHEATON HALL, DROGHEDA", "sale_date": "2026-01-15", "price": 415000.0, "property_type": "Semi-D", "beds": 3.0, "baths": 3.0, "floor_area_m2": 98.5, "ber": "C1", "asking_price": 350000.0, "eur_per_m2": 4213.197969543147, "sale_vs_asking": 0.18571428571428572, "daft_url": "https://www.daft.ie/sold/9-foxhill-wheaton-hall-drogheda-louth/705D5FFA58A8A4B380258D8D00602F73", "not_full_market_price": 0}}, {"type": "Feature", "geometry": {"type": "Point", "coordinates": [-6.339363597795168, 53.73034470016275]}, "properties": {"ppr_id": "7eb84098d06c01bdcf3fd3a706659ed7262bbc1bd6febaefb6a44772366d9ccb", "address": "124 FOREST PARK, DROGHEDA, LOUTH", "sale_date": "2026-01-16", "price": 315000.0, "property_type": "Semi-D", "beds": 3.0, "baths": 1.0, "floor_area_m2": 77.0, "ber": "D2", "asking_price": null, "eur_per_m2": 4090.909090909091, "sale_vs_asking": null, "daft_url": "https://www.daft.ie/sold/124-forest-park-drogheda-louth/E8015DCB23C11D9580258DB00060292E", "not_full_market_price": 0}}, {"type": "Feature", "geometry": {"type": "Point", "coordinates": [-6.345919879857428, 53.72516438073809]}, "properties": {"ppr_id": "511926fec215535b6ad157d07e794300471e173f87566bc05650fc47fd33ad11", "address": "61 BROOKVILLE, DROGHEDA, LOUTH", "sale_date": "2026-01-16", "price": 300000.0, "property_type": "Semi-D", "beds": 3.0, "baths": 2.0, "floor_area_m2": null, "ber": "D2", "asking_price": null, "eur_per_m2": null, "sale_vs_asking": null, "daft_url": "https://www.daft.ie/sold/61-brookville-drogheda-louth/6CC32A187B576EC680258D8D00603188", "not_full_market_price": 0}}, {"type": "Feature", "geometry": {"type": "Point", "coordinates": [-6.346685194059, 53.71470743684203]}, "properties": {"ppr_id": "d1314a2e2aad4f8c7ad61ad5728004255e88117a0288c4d65b3407273ca71b41", "address": "APT 7B KERMON HOUSE, THE MALL, DROHEDA", "sale_date": "2026-01-19", "price": 160000.0, "property_type": "Apartment", "beds": 1.0, "baths": 1.0, "floor_area_m2": 53.0, "ber": "D2", "asking_price": 155000.0, "eur_per_m2": 3018.867924528302, "sale_vs_asking": 0.032258064516129004, "daft_url": "https://www.daft.ie/sold/apt-7b-kermon-house-the-mall-droheda-louth/E7C9341CB71FF51F80258D940060314A", "not_full_market_price": 0}}, {"type": "Feature", "geometry": {"type": "Point", "coordinates": [-6.354030391304103, 53.716244553337134]}, "properties": {"ppr_id": "8d20438ae8e88b65936fcd175f3cc6c43f42d44f7af51dcf5f0952f330b098ae", "address": "FLAT 2, 18 FAIR STREET, DROGHEDA", "sale_date": "2026-01-19", "price": 300000.0, "property_type": null, "beds": null, "baths": null, "floor_area_m2": null, "ber": null, "asking_price": null, "eur_per_m2": null, "sale_vs_asking": null, "daft_url": "https://www.daft.ie/sold/flat-2-18-fair-street-drogheda-louth/119092365975CAA880258DB700602746", "not_full_market_price": 0}}, {"type": "Feature", "geometry": {"type": "Point", "coordinates": [-6.346851566025218, 53.72127544644586]}, "properties": {"ppr_id": "f99fe9e7865c6900e58c19a2fc9ae9b321de5cd34d76cdce0cefbc4c916aa2b3", "address": "66 PEARSE PARK, DROGHEDA, LOUTH", "sale_date": "2026-01-20", "price": 240000.0, "property_type": "Terrace", "beds": 3.0, "baths": 1.0, "floor_area_m2": 67.0, "ber": "D1", "asking_price": 235000.0, "eur_per_m2": 3582.089552238806, "sale_vs_asking": 0.02127659574468077, "daft_url": "https://www.daft.ie/sold/66-pearse-park-drogheda-louth/E5BF07962227F5AE80258D9B00602E69", "not_full_market_price": 0}}, {"type": "Feature", "geometry": {"type": "Point", "coordinates": [-6.329025356222235, 53.71018091937041]}, "properties": {"ppr_id": "8e947f6d62b538bf12e6082af9e781bfa4f85aa08617f7657fc6dfe80a333897", "address": "7 SPRINGVIEW, WHEATON HALL, DROGHEDA", "sale_date": "2026-01-20", "price": 371000.0, "property_type": "Detached", "beds": 3.0, "baths": 2.0, "floor_area_m2": 92.0, "ber": "D1", "asking_price": 345000.0, "eur_per_m2": 4032.608695652174, "sale_vs_asking": 0.07536231884057965, "daft_url": "https://www.daft.ie/sold/7-springview-wheaton-hall-drogheda-louth/282DBC68E4C0C8C680258DA200602F44", "not_full_market_price": 0}}, {"type": "Feature", "geometry": {"type": "Point", "coordinates": [-6.3951244457983805, 53.72633058128061]}, "properties": {"ppr_id": "a850f7a79973c46a13a0df828e089a818774a55730a9fb36c3ba41a263803a2c", "address": "165 Gort Mell, Old Slane Road, Drogheda", "sale_date": "2026-01-21", "price": 259500.0, "property_type": null, "beds": null, "baths": null, "floor_area_m2": null, "ber": null, "asking_price": null, "eur_per_m2": null, "sale_vs_asking": null, "daft_url": "https://www.daft.ie/sold/165-gort-mell-old-slane-road-drogheda-louth/3CAEC94A0A34FE8280258D9B00603079", "not_full_market_price": 0}}, {"type": "Feature", "geometry": {"type": "Point", "coordinates": [-6.32136208455946, 53.730259953662646]}, "properties": {"ppr_id": "5d8046bd36883a9c489caea91ddb2fb27b14f14ed23872b39119c1207b32df4e", "address": "35 Beaulieu Banks, Termonfeckin Road, Drogheda", "sale_date": "2026-01-22", "price": 352422.0, "property_type": null, "beds": null, "baths": null, "floor_area_m2": null, "ber": null, "asking_price": null, "eur_per_m2": null, "sale_vs_asking": null, "daft_url": "https://www.daft.ie/sold/35-beaulieu-banks-termonfeckin-road-drogheda-louth/4C2843F1474FE92880258D9400603034", "not_full_market_price": 0}}, {"type": "Feature", "geometry": {"type": "Point", "coordinates": [-6.3609591047830065, 53.717748464785494]}, "properties": {"ppr_id": "ec9f44dd751aab83aa047cc804e21b2cc2c113acb25c74f6d73859f75ec718f1", "address": "55 TRINITY GARDENS, DROGHEDA, LOUTH", "sale_date": "2026-01-22", "price": 282000.0, "property_type": null, "beds": null, "baths": null, "floor_area_m2": null, "ber": "E1", "asking_price": null, "eur_per_m2": null, "sale_vs_asking": null, "daft_url": "https://www.daft.ie/sold/55-trinity-gardens-drogheda-louth/B7D22317927770E180258DA200602EAA", "not_full_market_price": 0}}, {"type": "Feature", "geometry": {"type": "Point", "coordinates": [-6.328815927088948, 53.704581382365625]}, "properties": {"ppr_id": "b581fa3eadd9ec021e4f724ac875680a33fbac134707f15393969f7f3b1fc143", "address": "18 THE VIEW, FIVE OAKS, DROGHEDA", "sale_date": "2026-01-23", "price": 165000.0, "property_type": null, "beds": null, "baths": null, "floor_area_m2": null, "ber": null, "asking_price": null, "eur_per_m2": null, "sale_vs_asking": null, "daft_url": "https://www.daft.ie/sold/18-the-view-five-oaks-drogheda-louth/C8E8AA98329C1C4580258D9B006030FF", "not_full_market_price": 0}}, {"type": "Feature", "geometry": {"type": "Point", "coordinates": [-6.362403780847032, 53.723380690667426]}, "properties": {"ppr_id": "f57c83ac39651dd0da0f584ea540310c9191b11050d5bec90dde47d1808268c7", "address": "62  Seven Winds, North Road, Drogheda", "sale_date": "2026-01-23", "price": 191016.0, "property_type": null, "beds": null, "baths": null, "floor_area_m2": null, "ber": null, "asking_price": null, "eur_per_m2": null, "sale_vs_asking": null, "daft_url": "https://www.daft.ie/sold/62-seven-winds-north-road-drogheda-louth/AFB6F2EEAE0614E280258DBE006033BB", "not_full_market_price": 0}}, {"type": "Feature", "geometry": {"type": "Point", "coordinates": [-6.371692976418933, 53.70666030933257]}, "properties": {"ppr_id": "86c85affd7f4d89096c5dc466ddc04e09aba7ae911bcc24acb8c889c114d4322", "address": "8 KNOCKBRACK DOWNS, DONORE RD, DROGHEDA", "sale_date": "2026-01-23", "price": 278000.0, "property_type": "Terrace", "beds": 3.0, "baths": 1.0, "floor_area_m2": 80.0, "ber": "C3", "asking_price": null, "eur_per_m2": 3475.0, "sale_vs_asking": null, "daft_url": "https://www.daft.ie/sold/8-knockbrack-downs-donore-rd-drogheda-louth/047F4154C77EB73E80258D9400602E97", "not_full_market_price": 0}}, {"type": "Feature", "geometry": {"type": "Point", "coordinates": [-6.321742590251978, 53.73063235518167]}, "properties": {"ppr_id": "207e01e877c4839e89f84322f9565075fc974f47174f584b29775e8190461130", "address": "43 Beaulieu Banks, Termonfeckin Road, Drogheda", "sale_date": "2026-01-26", "price": 352422.91, "property_type": null, "beds": null, "baths": null, "floor_area_m2": null, "ber": null, "asking_price": null, "eur_per_m2": null, "sale_vs_asking": null, "daft_url": "https://www.daft.ie/sold/43-beaulieu-banks-termonfeckin-road-drogheda-louth/0F7589E9DBB2755980258DA9006026A7", "not_full_market_price": 0}}, {"type": "Feature", "geometry": {"type": "Point", "coordinates": [-6.362100770731405, 53.71484441730887]}, "properties": {"ppr_id": "fd0c92549fff5962d379d8fac24733deaf40c39180076bb3fdbb1201ff2c5444", "address": "104 HILLVIEW, RATHMULLEN RD, DROGHEDA", "sale_date": "2026-01-28", "price": 342500.0, "property_type": "Semi-D", "beds": 3.0, "baths": 2.0, "floor_area_m2": null, "ber": "C1", "asking_price": null, "eur_per_m2": null, "sale_vs_asking": null, "daft_url": "https://www.daft.ie/sold/104-hillview-rathmullen-rd-drogheda-louth/3ACDF560D5FA8CB180258DB700602618", "not_full_market_price": 0}}, {"type": "Feature", "geometry": {"type": "Point", "coordinates": [-6.39520637634036, 53.72631592647869]}, "properties": {"ppr_id": "380a60b26715e15032aac8353fd8893bea0505b318f982ce1099937b98bc1c63", "address": "163 Gort Mell, Old Slane Road, Drogheda", "sale_date": "2026-01-28", "price": 264317.18, "property_type": null, "beds": null, "baths": null, "floor_area_m2": null, "ber": null, "asking_price": null, "eur_per_m2": null, "sale_vs_asking": null, "daft_url": "https://www.daft.ie/sold/163-gort-mell-old-slane-road-drogheda-louth/30B8E322D75FD4CD80258DA2006031D4", "not_full_market_price": 0}}, {"type": "Feature", "geometry": {"type": "Point", "coordinates": [-6.359512684602041, 53.71774340954958]}, "properties": {"ppr_id": "7848a83e02d73d44abeca468908ed078e50a13731b57200a4a857e706827af4b", "address": "61 TRINITY GARDENS, DROGHEDA, LOUTH", "sale_date": "2026-01-28", "price": 285000.0, "property_type": "Bungalow", "beds": 2.0, "baths": 2.0, "floor_area_m2": 65.0, "ber": "G", "asking_price": 255000.0, "eur_per_m2": 4384.615384615385, "sale_vs_asking": 0.11764705882352944, "daft_url": "https://www.daft.ie/sold/61-trinity-gardens-drogheda-louth/2FA4405A038670F280258DA200602E4A", "not_full_market_price": 0}}, {"type": "Feature", "geometry": {"type": "Point", "coordinates": [-6.358565125809178, 53.71393434481833]}, "properties": {"ppr_id": "70dc7467af2fe0670c5e2e93da68f671659f611e156d590d1d0037ff5c6b7bed", "address": "23 RIVERCOURT, RATHMULLAN RD, DROGHEDA", "sale_date": "2026-01-29", "price": 280000.0, "property_type": "Apartment", "beds": 3.0, "baths": 2.0, "floor_area_m2": 101.0, "ber": "C2", "asking_price": 249000.0, "eur_per_m2": 2772.2772277227723, "sale_vs_asking": 0.12449799196787148, "daft_url": "https://www.daft.ie/sold/23-rivercourt-rathmullan-rd-drogheda-louth/6BCFB3DFE977896480258DA200602EC0", "not_full_market_price": 0}}, {"type": "Feature", "geometry": {"type": "Point", "coordinates": [-6.362370439374288, 53.723341235431505]}, "properties": {"ppr_id": "63cd520d40d5903730cbb95c8abde9f2f518c203dea96a692e14905b039ef2f1", "address": "84 Seven Winds, North Road, Drogheda", "sale_date": "2026-01-29", "price": 312731.0, "property_type": null, "beds": null, "baths": null, "floor_area_m2": null, "ber": null, "asking_price": null, "eur_per_m2": null, "sale_vs_asking": null, "daft_url": "https://www.daft.ie/sold/84-seven-winds-north-road-drogheda-louth/EEDEECB8F31D531F80258DA200603145", "not_full_market_price": 0}}, {"type": "Feature", "geometry": {"type": "Point", "coordinates": [-6.32583667068727, 53.730709781931616]}, "properties": {"ppr_id": "ca1206c6c317cc827e429cd6fedd04fe3d43fecfd8411c2ca95b73d22f48aa5d", "address": "114 BEAULIEU VILLAGE, TERMONFECKIN ROAD, DROGHEDA", "sale_date": "2026-01-30", "price": 300000.0, "property_type": null, "beds": null, "baths": null, "floor_area_m2": null, "ber": null, "asking_price": null, "eur_per_m2": null, "sale_vs_asking": null, "daft_url": "https://www.daft.ie/sold/114-beaulieu-village-termonfeckin-road-drogheda-louth/D195D7139D046ADC80258DBE006035C9", "not_full_market_price": 1}}, {"type": "Feature", "geometry": {"type": "Point", "coordinates": [-6.362419975276651, 53.72343480070526]}, "properties": {"ppr_id": "f87572c698e7044589534f56decbd7067881528f59b4998822a00288729d129e", "address": "85 Seven Winds, North Road, Drogheda", "sale_date": "2026-01-30", "price": 370000.0, "property_type": null, "beds": null, "baths": null, "floor_area_m2": null, "ber": null, "asking_price": null, "eur_per_m2": null, "sale_vs_asking": null, "daft_url": "https://www.daft.ie/sold/85-seven-winds-north-road-drogheda-louth/334448944B7C714F80258D9B00602E90", "not_full_market_price": 0}}, {"type": "Feature", "geometry": {"type": "Point", "coordinates": [-6.345001111833405, 53.71888933695053]}, "properties": {"ppr_id": "f3fea6af4a0759f298093f47705ce79262f375f370e0207b167eaad428d9e037", "address": "2 ST THERESAS TERRACE, SCARLET ST, DROGHEDA", "sale_date": "2026-02-03", "price": 328000.0, "property_type": "Terrace", "beds": 3.0, "baths": 2.0, "floor_area_m2": 95.0, "ber": "C1", "asking_price": 295000.0, "eur_per_m2": 3452.6315789473683, "sale_vs_asking": 0.11186440677966103, "daft_url": "https://www.daft.ie/sold/2-st-theresas-terrace-scarlet-st-drogheda-louth/76608871F9B3CBBB80258DC500603629", "not_full_market_price": 0}}, {"type": "Feature", "geometry": {"type": "Point", "coordinates": [-6.333328782871017, 53.72926297341281]}, "properties": {"ppr_id": "8ccd973fc9dc8ce43fc567fdf2bce461382f5b2a2425d015b6f1a3bf1686ac2d", "address": "35 ELMWOOD CLOSE, TERMON ABBEY, DROGHEDA", "sale_date": "2026-02-03", "price": 375000.0, "property_type": "Semi-D", "beds": 4.0, "baths": 3.0, "floor_area_m2": 159.0, "ber": "C2", "asking_price": 375000.0, "eur_per_m2": 2358.490566037736, "sale_vs_asking": 0.0, "daft_url": "https://www.daft.ie/sold/35-elmwood-close-termon-abbey-drogheda-louth/8F2C0DE3E29C318580258DB0006027B3", "not_full_market_price": 0}}, {"type": "Feature", "geometry": {"type": "Point", "coordinates": [-6.355492293424006, 53.7319823190449]}, "properties": {"ppr_id": "6868d63836fab9b71c55ed6f64001c3b547aba236639fc92180278a68b93c268", "address": "11 USHER'S MILL MEWS, USHER'S MILL, DROGHEDA", "sale_date": "2026-02-05", "price": 348017.62, "property_type": null, "beds": null, "baths": null, "floor_area_m2": null, "ber": null, "asking_price": null, "eur_per_m2": null, "sale_vs_asking": null, "daft_url": "https://www.daft.ie/sold/11-ushers-mill-mews-ushers-mill-drogheda-louth/52913C4F75B6A83180258DD3005AB615", "not_full_market_price": 0}}, {"type": "Feature", "geometry": {"type": "Point", "coordinates": [-6.355607583068798, 53.73192426348347]}, "properties": {"ppr_id": "9ce2a2123e09cbc37a6f663e07919c7dc85f788068b826a3acf9b5ddd1d8e7c7", "address": "20 USHER'S MILL GREEN, USHER'S MILL, DROGHEDA", "sale_date": "2026-02-05", "price": 292682.93, "property_type": null, "beds": null, "baths": null, "floor_area_m2": null, "ber": null, "asking_price": null, "eur_per_m2": null, "sale_vs_asking": null, "daft_url": "https://www.daft.ie/sold/20-ushers-mill-green-ushers-mill-drogheda-louth/06508EC664BE9A9C80258DB700602879", "not_full_market_price": 0}}, {"type": "Feature", "geometry": {"type": "Point", "coordinates": [-6.336321087840205, 53.72120507362981]}, "properties": {"ppr_id": "4dfdb394a4b6358a011b296e4a152dccf3cedf501f0c90290062f54fd1703750", "address": "32 MAPLE DR, DROGHEDA, LOUTH", "sale_date": "2026-02-05", "price": 320000.0, "property_type": "Semi-D", "beds": 3.0, "baths": 2.0, "floor_area_m2": 105.0, "ber": "D1", "asking_price": 320000.0, "eur_per_m2": 3047.6190476190477, "sale_vs_asking": 0.0, "daft_url": "https://www.daft.ie/sold/32-maple-dr-drogheda-louth/2C9F2DB21D52577F80258DB0006025C1", "not_full_market_price": 0}}, {"type": "Feature", "geometry": {"type": "Point", "coordinates": [-6.333153477683765, 53.72918293564851]}, "properties": {"ppr_id": "9ecb141a1716578019fdf1f9380f570581af782e87b85068bb12adda8d2eba94", "address": "39 ELMWOOD CLOSE, TERMON ABBEY, DROGHEDA", "sale_date": "2026-02-05", "price": 346000.0, "property_type": "Semi-D", "beds": 4.0, "baths": 2.0, "floor_area_m2": 126.0, "ber": "C3", "asking_price": 310000.0, "eur_per_m2": 2746.031746031746, "sale_vs_asking": 0.11612903225806459, "daft_url": "https://www.daft.ie/sold/39-elmwood-close-termon-abbey-drogheda-louth/58A55ED9EA7F89F080258DB00060276A", "not_full_market_price": 0}}, {"type": "Feature", "geometry": {"type": "Point", "coordinates": [-6.362305661655815, 53.72336716315797]}, "properties": {"ppr_id": "2809f6ceccbc0bf2367db9deb7bad491e3ed23b361dee2f870a06e0aed73f41c", "address": "83 Seven Winds, North Road, Drogheda", "sale_date": "2026-02-05", "price": 312731.0, "property_type": null, "beds": null, "baths": null, "floor_area_m2": null, "ber": null, "asking_price": null, "eur_per_m2": null, "sale_vs_asking": null, "daft_url": "https://www.daft.ie/sold/83-seven-winds-north-road-drogheda-louth/7D443468137DF5FC80258DA900602948", "not_full_market_price": 0}}, {"type": "Feature", "geometry": {"type": "Point", "coordinates": [-6.343562612828884, 53.72730014481833]}, "properties": {"ppr_id": "6ddaed8abfe3e09719048789f1a77626469c836880889a48eae223032c1dbbe6", "address": "22 Listoke Wood, Ballymakenny Road, Drogheda", "sale_date": "2026-02-06", "price": 418794.0, "property_type": null, "beds": null, "baths": null, "floor_area_m2": null, "ber": null, "asking_price": null, "eur_per_m2": null, "sale_vs_asking": null, "daft_url": "https://www.daft.ie/sold/22-listoke-wood-ballymakenny-road-drogheda-louth/6A67E41EDE0B24FA80258DA200602EE4", "not_full_market_price": 0}}, {"type": "Feature", "geometry": {"type": "Point", "coordinates": [-6.341401886261595, 53.718466181280604]}, "properties": {"ppr_id": "a270df6e7c86cdfbfbe485e025b29149544ee363198cc665131c1a1ed9adc014", "address": "3 LAUREL MEWS, THOMAS ST, DROGHEDA", "sale_date": "2026-02-06", "price": 265000.0, "property_type": "Semi-D", "beds": 3.0, "baths": 1.0, "floor_area_m2": 83.0, "ber": "D1", "asking_price": 255000.0, "eur_per_m2": 3192.7710843373493, "sale_vs_asking": 0.03921568627450989, "daft_url": "https://www.daft.ie/sold/3-laurel-mews-thomas-st-drogheda-louth/6FAB3999E14817F880258DA900602909", "not_full_market_price": 0}}, {"type": "Feature", "geometry": {"type": "Point", "coordinates": [-6.32125537429623, 53.730302227129705]}, "properties": {"ppr_id": "ae16cac3e9a28b13c25da50810163fc1b6dae19d9e9c10095aa199cc3188cb56", "address": "32 Beaulieu Banks, TERMONFECKIN ROAD, Drogheda", "sale_date": "2026-02-06", "price": 352423.0, "property_type": null, "beds": null, "baths": null, "floor_area_m2": null, "ber": null, "asking_price": null, "eur_per_m2": null, "sale_vs_asking": null, "daft_url": "https://www.daft.ie/sold/32-beaulieu-banks-termonfeckin-road-drogheda-louth/60070F308846D63E80258DA200602E58", "not_full_market_price": 0}}, {"type": "Feature", "geometry": {"type": "Point", "coordinates": [-6.362382823349879, 53.72340549110143]}, "properties": {"ppr_id": "d290c9fd9cdb457e0987f6c6cc2681ee753011285fb73c4fc749b71dd001c6f2", "address": "82 Seven winds, North Road, Drogheda", "sale_date": "2026-02-06", "price": 370000.0, "property_type": null, "beds": null, "baths": null, "floor_area_m2": null, "ber": null, "asking_price": null, "eur_per_m2": null, "sale_vs_asking": null, "daft_url": "https://www.daft.ie/sold/82-seven-winds-north-road-drogheda-louth/C1EAD46E2291C7CB80258DA900602908", "not_full_market_price": 0}}, {"type": "Feature", "geometry": {"type": "Point", "coordinates": [-6.3622475522318895, 53.72344156445999]}, "properties": {"ppr_id": "f9bc9a46846145922f6f07d4df9e972009c0ef1e7fe752570e3e488dfbb1a87b", "address": "88 SEVEN WINDS, NORTH ROAD, DROGHEDA", "sale_date": "2026-02-10", "price": 365639.0, "property_type": null, "beds": null, "baths": null, "floor_area_m2": null, "ber": null, "asking_price": null, "eur_per_m2": null, "sale_vs_asking": null, "daft_url": "https://www.daft.ie/sold/88-seven-winds-north-road-drogheda-louth/36F23B76F047C8E280258DA200603117", "not_full_market_price": 0}}, {"type": "Feature", "geometry": {"type": "Point", "coordinates": [-6.321784512425896, 53.73063517341281]}, "properties": {"ppr_id": "1f0f0772ec1b8ebcc9eec56e277b709ca180db59dbcf3b5f2d321d634d4425a9", "address": "30 Beaulieu Banks, TERMONFECKIN ROAD, Drogheda", "sale_date": "2026-02-11", "price": 344000.0, "property_type": null, "beds": null, "baths": null, "floor_area_m2": null, "ber": null, "asking_price": null, "eur_per_m2": null, "sale_vs_asking": null, "daft_url": "https://www.daft.ie/sold/30-beaulieu-banks-termonfeckin-road-drogheda-louth/413C235C7C95702B80258DA200603191", "not_full_market_price": 0}}, {"type": "Feature", "geometry": {"type": "Point", "coordinates": [-6.343538795258465, 53.72728492637019]}, "properties": {"ppr_id": "0ddff729d68cb3e752056ef7f2961838911027cd31873fcc2a761b1fc153683c", "address": "24 Listoke Wood, Ballymakenny Road, Drogheda", "sale_date": "2026-02-12", "price": 383259.0, "property_type": null, "beds": null, "baths": null, "floor_area_m2": null, "ber": null, "asking_price": null, "eur_per_m2": null, "sale_vs_asking": null, "daft_url": "https://www.daft.ie/sold/24-listoke-wood-ballymakenny-road-drogheda-louth/E6E7E39212E75B0380258DA900602585", "not_full_market_price": 0}}, {"type": "Feature", "geometry": {"type": "Point", "coordinates": [-6.35428696182995, 53.71368881752587]}, "properties": {"ppr_id": "85de156b72fcc6eb1beaf5550029d7df52d11985dd184ab87530f203227284eb", "address": "28 PRESTONS MILL, WELLINGTON QUAY, DROGHEDA", "sale_date": "2026-02-12", "price": 202000.0, "property_type": "Apartment", "beds": 2.0, "baths": 2.0, "floor_area_m2": 62.0, "ber": "D1", "asking_price": 165000.0, "eur_per_m2": 3258.064516129032, "sale_vs_asking": 0.22424242424242413, "daft_url": "https://www.daft.ie/sold/28-prestons-mill-wellington-quay-drogheda-louth/E63C307A9AF5D93480258DA90060265B", "not_full_market_price": 0}}, {"type": "Feature", "geometry": {"type": "Point", "coordinates": [-6.3216568403507845, 53.730639118936395]}, "properties": {"ppr_id": "a020a5f0f1ac7048fb1565adc68f2f3b3466317120c0e6c6ebb935594d4ab855", "address": "29 Beaulieu Banks, TERMONFECKIN ROAD, DROGHEDA", "sale_date": "2026-02-12", "price": 352423.0, "property_type": null, "beds": null, "baths": null, "floor_area_m2": null, "ber": null, "asking_price": null, "eur_per_m2": null, "sale_vs_asking": null, "daft_url": "https://www.daft.ie/sold/29-beaulieu-banks-termonfeckin-road-drogheda-louth/180ED4C6BFF3CAE280258DA2006030F1", "not_full_market_price": 0}}, {"type": "Feature", "geometry": {"type": "Point", "coordinates": [-6.356049541846164, 53.70838269034193]}, "properties": {"ppr_id": "ab159d2ea4fb298754c5357e2342267b47b74af2e4d7f51f2c66655d98dc3503", "address": "41 MARIAN PARK, DROGHEDA, LOUTH", "sale_date": "2026-02-12", "price": 225000.0, "property_type": "Terrace", "beds": 3.0, "baths": 1.0, "floor_area_m2": 89.0, "ber": null, "asking_price": 200000.0, "eur_per_m2": 2528.0898876404494, "sale_vs_asking": 0.125, "daft_url": "https://www.daft.ie/sold/41-marian-park-drogheda-louth/071601EDEF2FDE9180258DA2006030D9", "not_full_market_price": 0}}, {"type": "Feature", "geometry": {"type": "Point", "coordinates": [-6.344946818723239, 53.718877500379755]}, "properties": {"ppr_id": "5c849ce5a63d70e6055f9ee8b92b8d03d6b5572dd0102988618fb5422501d3fd", "address": "5 SANDYFORD HOUSE, SCARLET ST, DROGHEDA", "sale_date": "2026-02-12", "price": 220000.0, "property_type": "Apartment", "beds": 2.0, "baths": 1.0, "floor_area_m2": 77.0, "ber": "C1", "asking_price": 195000.0, "eur_per_m2": 2857.1428571428573, "sale_vs_asking": 0.1282051282051282, "daft_url": "https://www.daft.ie/sold/5-sandyford-house-scarlet-st-drogheda-louth/FFFE66F055331C1280258DA9006025D4", "not_full_market_price": 0}}, {"type": "Feature", "geometry": {"type": "Point", "coordinates": [-6.38819956401737, 53.715736855507174]}, "properties": {"ppr_id": "12d4aa2bd87c2c31f4ddaa4fc01b6bf67fad42e03954a17f4396c3992077a1a4", "address": "2 THE SQUARE, RIVERBANK, DROGHEDA", "sale_date": "2026-02-13", "price": 325000.0, "property_type": "Terrace", "beds": 3.0, "baths": 3.0, "floor_area_m2": 83.0, "ber": "C1", "asking_price": 295000.0, "eur_per_m2": 3915.6626506024095, "sale_vs_asking": 0.10169491525423724, "daft_url": "https://www.daft.ie/sold/2-the-square-riverbank-drogheda-louth/ECAD22B3363057C180258DA900602720", "not_full_market_price": 0}}, {"type": "Feature", "geometry": {"type": "Point", "coordinates": [-6.321643501477265, 53.73060530016275]}, "properties": {"ppr_id": "a5a1f2f69226df353ca0aea55886d4bb5771ebea26e67404e150d284c39ad2d3", "address": "33 Beaulieu Banks, Termonfeckin Road, Drogheda", "sale_date": "2026-02-13", "price": 361233.48, "property_type": null, "beds": null, "baths": null, "floor_area_m2": null, "ber": null, "asking_price": null, "eur_per_m2": null, "sale_vs_asking": null, "daft_url": "https://www.daft.ie/sold/33-beaulieu-banks-termonfeckin-road-drogheda-louth/E1ADDCE0D6F99FDE80258DB0006027EA", "not_full_market_price": 0}}, {"type": "Feature", "geometry": {"type": "Point", "coordinates": [-6.339262854353053, 53.72932939186095]}, "properties": {"ppr_id": "8bc6f087704f04fd09dfd92348e9ba56b14ebdb0854586d4bb036d8b7e4dd541", "address": "87 FOREST PARK, DROGHEDA, LOUTH", "sale_date": "2026-02-13", "price": 319000.0, "property_type": "Bungalow", "beds": 3.0, "baths": 1.0, "floor_area_m2": 76.0, "ber": "D1", "asking_price": null, "eur_per_m2": 4197.368421052632, "sale_vs_asking": null, "daft_url": "https://www.daft.ie/sold/87-forest-park-drogheda-louth/BA40B0B511EC68E780258DA90060259B", "not_full_market_price": 0}}, {"type": "Feature", "geometry": {"type": "Point", "coordinates": [-6.314531520548682, 53.70302777178528]}, "properties": {"ppr_id": "59e4cd7afe7b16c018032fea46eabc46b8e64c16d0e90fcffc421b03e3081163", "address": "4 CAIRNSCOURT, ROSCHOILL, DUBLIN RD DROGHEDA", "sale_date": "2026-02-16", "price": 356000.0, "property_type": "Townhouse", "beds": 3.0, "baths": 3.0, "floor_area_m2": 95.0, "ber": "B3", "asking_price": 345000.0, "eur_per_m2": 3747.3684210526317, "sale_vs_asking": 0.03188405797101446, "daft_url": "https://www.daft.ie/sold/4-cairnscourt-roschoill-dublin-rd-drogheda-louth/F09CF3E962CB5B8580258DA9006028B6", "not_full_market_price": 0}}, {"type": "Feature", "geometry": {"type": "Point", "coordinates": [-6.335783371067795, 53.72370964481833]}, "properties": {"ppr_id": "a788f49f73ce9f91c99a4decda1af89bd82b5736fba78d4a8ac1dbcecdc6738d", "address": "96 COLLEGE RISE, DROGHEDA, LOUTH", "sale_date": "2026-02-16", "price": 310000.0, "property_type": "Semi-D", "beds": 3.0, "baths": 1.0, "floor_area_m2": 82.0, "ber": "C3", "asking_price": 300000.0, "eur_per_m2": 3780.487804878049, "sale_vs_asking": 0.03333333333333344, "daft_url": "https://www.daft.ie/sold/96-college-rise-drogheda-louth/A155AAE93F5C64AA80258DB0006025DA", "not_full_market_price": 0}}, {"type": "Feature", "geometry": {"type": "Point", "coordinates": [-6.35521133024479, 53.70292748258263]}, "properties": {"ppr_id": "8f4858279c13fa08378beec3caf98a7b3094a291c3850d36f929c0c15d2f1801", "address": "THE PINES, FOREST HILLS, DROGHEDA", "sale_date": "2026-02-16", "price": 475000.0, "property_type": "Detached", "beds": 4.0, "baths": 2.0, "floor_area_m2": 141.0, "ber": "D2", "asking_price": 475000.0, "eur_per_m2": 3368.794326241135, "sale_vs_asking": 0.0, "daft_url": "https://www.daft.ie/sold/the-pines-forest-hills-drogheda-louth/C6AFC53787DD925B80258DA90060275D", "not_full_market_price": 0}}, {"type": "Feature", "geometry": {"type": "Point", "coordinates": [-6.343626443917608, 53.727306908573055]}, "properties": {"ppr_id": "a4ef143077cb53c907797620d244bbf06034dd8f743030409e34c071e3fe9318", "address": "23 Listoke Wood, Ballymakenny Road, Drogheda", "sale_date": "2026-02-17", "price": 469000.0, "property_type": null, "beds": null, "baths": null, "floor_area_m2": null, "ber": null, "asking_price": null, "eur_per_m2": null, "sale_vs_asking": null, "daft_url": "https://www.daft.ie/sold/23-listoke-wood-ballymakenny-road-drogheda-louth/D1B377C6D1D27A7980258DF6005AB3CA", "not_full_market_price": 0}}, {"type": "Feature", "geometry": {"type": "Point", "coordinates": [-6.362273272796578, 53.723422964134485]}, "properties": {"ppr_id": "b8fd4fde9e2d99c129755484ee721f0aae2810aaea61891640dc8001b751a230", "address": "92 Seven Winds, North Road, Drogheda", "sale_date": "2026-02-17", "price": 365638.77, "property_type": null, "beds": null, "baths": null, "floor_area_m2": null, "ber": null, "asking_price": null, "eur_per_m2": null, "sale_vs_asking": null, "daft_url": "https://www.daft.ie/sold/92-seven-winds-north-road-drogheda-louth/834BDB663437274480258DB0006028C8", "not_full_market_price": 0}}, {"type": "Feature", "geometry": {"type": "Point", "coordinates": [-6.3950977707382, 53.72638469131844]}, "properties": {"ppr_id": "bc83c1a25a92bc355e3a1d149cc9fd45f9aaae09581c06c5835193866ed51366", "address": "141 Gort Mell, Drogheda", "sale_date": "2026-02-19", "price": 351982.37, "property_type": null, "beds": null, "baths": null, "floor_area_m2": null, "ber": null, "asking_price": null, "eur_per_m2": null, "sale_vs_asking": null, "daft_url": "https://www.daft.ie/sold/141-gort-mell-drogheda-louth/C3C61219FFEBE30A80258DA9006028FA", "not_full_market_price": 0}}, {"type": "Feature", "geometry": {"type": "Point", "coordinates": [-6.3336424899459, 53.726857800596754]}, "properties": {"ppr_id": "d12985057fc547182d3cf8bcad5e18ff830a43c3fe89ab2ed673cda57c88140b", "address": "19 The Chesters, Termonfeckin Road, Drogheda", "sale_date": "2026-02-19", "price": 348018.0, "property_type": null, "beds": null, "baths": null, "floor_area_m2": null, "ber": null, "asking_price": null, "eur_per_m2": null, "sale_vs_asking": null, "daft_url": "https://www.daft.ie/sold/19-the-chesters-termonfeckin-road-drogheda-louth/848BE4C7C089829980258DB000602778", "not_full_market_price": 0}}, {"type": "Feature", "geometry": {"type": "Point", "coordinates": [-6.343726477713369, 53.72735650944107]}, "properties": {"ppr_id": "9e307cf243c303e8e2fecb8a8f5333b6b3948afb76cae8c0e4e4590bc60f8be8", "address": "20 Listoke Wood, Ballymakenny Road, Drogheda", "sale_date": "2026-02-20", "price": 413215.85, "property_type": null, "beds": null, "baths": null, "floor_area_m2": null, "ber": null, "asking_price": null, "eur_per_m2": null, "sale_vs_asking": null, "daft_url": "https://www.daft.ie/sold/20-listoke-wood-ballymakenny-road-drogheda-louth/19A943F688CADC8880258DB000602526", "not_full_market_price": 0}}, {"type": "Feature", "geometry": {"type": "Point", "coordinates": [-6.343734099335903, 53.727368909658075]}, "properties": {"ppr_id": "92e34f5d6fe3425e5aef70e091d1cb632d776c416ad4fb98c992d69e7991e042", "address": "26 Listoke Wood, Ballymakenny Road, Drogheda", "sale_date": "2026-02-20", "price": 418794.0, "property_type": null, "beds": null, "baths": null, "floor_area_m2": null, "ber": null, "asking_price": null, "eur_per_m2": null, "sale_vs_asking": null, "daft_url": "https://www.daft.ie/sold/26-listoke-wood-ballymakenny-road-drogheda-louth/6949139457D3E12780258DB000602680", "not_full_market_price": 0}}, {"type": "Feature", "geometry": {"type": "Point", "coordinates": [-6.362251362685917, 53.72337787243629]}, "properties": {"ppr_id": "24e6d3ca8e4be99cdf287df4938e131966f5e53d360a48b78107d88086b07af4", "address": "91 Seven Winds, North Road, Louth", "sale_date": "2026-02-23", "price": 365638.0, "property_type": null, "beds": null, "baths": null, "floor_area_m2": null, "ber": null, "asking_price": null, "eur_per_m2": null, "sale_vs_asking": null, "daft_url": null, "not_full_market_price": 0}}, {"type": "Feature", "geometry": {"type": "Point", "coordinates": [-6.329027260847752, 53.710041135106]}, "properties": {"ppr_id": "fda3a18d1004f37067872f990718bf0f27cccefe95c78aff6e1f14d12fe67a5d", "address": "5 FOREST VIEW, WHEATON HALL, DROGHEDA", "sale_date": "2026-02-24", "price": 415000.0, "property_type": "Semi-D", "beds": 4.0, "baths": 3.0, "floor_area_m2": 118.0, "ber": "C3", "asking_price": 375000.0, "eur_per_m2": 3516.9491525423728, "sale_vs_asking": 0.10666666666666669, "daft_url": "https://www.daft.ie/sold/5-forest-view-wheaton-hall-drogheda-louth/857F5F7C9AA764CF80258DB000602661", "not_full_market_price": 0}}, {"type": "Feature", "geometry": {"type": "Point", "coordinates": [-6.362315187790885, 53.72337956337497]}, "properties": {"ppr_id": "6534896b2efbb2b61cfc48c63a16e25f847a1458db4e5022d47581120ce2e84f", "address": "94 Seven Winds, North Road, Drogheda", "sale_date": "2026-02-24", "price": 370000.0, "property_type": null, "beds": null, "baths": null, "floor_area_m2": null, "ber": null, "asking_price": null, "eur_per_m2": null, "sale_vs_asking": null, "daft_url": "https://www.daft.ie/sold/94-seven-winds-north-road-drogheda-louth/5C6ACCCDA9C38D7C80258DB000602697", "not_full_market_price": 0}}, {"type": "Feature", "geometry": {"type": "Point", "coordinates": [-6.327591204732206, 53.73042541882789]}, "properties": {"ppr_id": "b323cd4e9c7a4c78536a91699aa54c56d9db19578196e209a4cf617fb4bc6898", "address": "153 Beaulieu Village, Termonfeckin Road, Drogheda", "sale_date": "2026-02-25", "price": 370000.0, "property_type": null, "beds": null, "baths": null, "floor_area_m2": null, "ber": null, "asking_price": null, "eur_per_m2": null, "sale_vs_asking": null, "daft_url": "https://www.daft.ie/sold/153-beaulieu-village-termonfeckin-road-drogheda-louth/65F777B19F21B6D680258DB70060281B", "not_full_market_price": 0}}, {"type": "Feature", "geometry": {"type": "Point", "coordinates": [-6.348244870171616, 53.70673728062959]}, "properties": {"ppr_id": "f8e329326fc38c17214ffd8b513551fc64e8b839a1cf322532dcaa06ec10e6a2", "address": "1 LAGAVOREEN MANOR, BEAMORE ROAD, DROGHEDA", "sale_date": "2026-02-26", "price": 465000.0, "property_type": "Detached", "beds": 4.0, "baths": 3.0, "floor_area_m2": 128.0, "ber": "C1", "asking_price": 450000.0, "eur_per_m2": 3632.8125, "sale_vs_asking": 0.03333333333333344, "daft_url": "https://www.daft.ie/sold/1-lagavoreen-manor-beamore-road-drogheda-louth/D967561FDC7F079B80258DB7006027DD", "not_full_market_price": 0}}, {"type": "Feature", "geometry": {"type": "Point", "coordinates": [-6.359391347040578, 53.72694924557785]}, "properties": {"ppr_id": "4a7c9a6c1f44065c39cd99a8dc84ebc1ba225a682c49448794befc8b65cfdd7d", "address": "183 MONEYMORE, DROGHEDA, LOUTH", "sale_date": "2026-02-26", "price": 110000.0, "property_type": null, "beds": null, "baths": null, "floor_area_m2": null, "ber": null, "asking_price": null, "eur_per_m2": null, "sale_vs_asking": null, "daft_url": "https://www.daft.ie/sold/183-moneymore-drogheda-louth/29B90C3383ABD07D80258DB00060287D", "not_full_market_price": 0}}, {"type": "Feature", "geometry": {"type": "Point", "coordinates": [-6.321413685278625, 53.72659815496467]}, "properties": {"ppr_id": "60fff9b4e3f40d2ecff235232be4727d8b54cea9a5f96d61adc9492ad38e5c8c", "address": "187 Newtown Wood, Termonfeckin Road, Drogheda", "sale_date": "2026-02-26", "price": 268582.5, "property_type": null, "beds": null, "baths": null, "floor_area_m2": null, "ber": null, "asking_price": null, "eur_per_m2": null, "sale_vs_asking": null, "daft_url": "https://www.daft.ie/sold/187-newtown-wood-termonfeckin-road-drogheda-louth/6525E9A16645D7A080258DDA005AB66C", "not_full_market_price": 0}}, {"type": "Feature", "geometry": {"type": "Point", "coordinates": [-6.333853987391765, 53.72689331030909]}, "properties": {"ppr_id": "051b75b69b740afd45c6b94a4c4b1a388002d2745f7f9fffa655fcc0bce045c3", "address": "21 The Chesters, Termonfeckin Road, Drogheda", "sale_date": "2026-02-26", "price": 380000.0, "property_type": null, "beds": null, "baths": null, "floor_area_m2": null, "ber": null, "asking_price": null, "eur_per_m2": null, "sale_vs_asking": null, "daft_url": "https://www.daft.ie/sold/21-the-chesters-termonfeckin-road-drogheda-louth/6E0730F9B1CC753180258DB000602939", "not_full_market_price": 0}}, {"type": "Feature", "geometry": {"type": "Point", "coordinates": [-6.371872948701967, 53.70671160113927]}, "properties": {"ppr_id": "7009c2959c6863c4eb8ba4cdecd87a7cc4d3eec8f5722de0d01dba12b7f15da9", "address": "31 CEDARFIELD CLOSE, DONORE RD, DROGHEDA", "sale_date": "2026-02-26", "price": 334000.0, "property_type": "End of Terrace", "beds": 3.0, "baths": 1.0, "floor_area_m2": 81.0, "ber": "C3", "asking_price": 285000.0, "eur_per_m2": 4123.456790123457, "sale_vs_asking": 0.1719298245614036, "daft_url": "https://www.daft.ie/sold/31-cedarfield-close-donore-rd-drogheda-louth/C8A2DC66696C8D8980258DB7006027FF", "not_full_market_price": 0}}, {"type": "Feature", "geometry": {"type": "Point", "coordinates": [-6.3623933020984555, 53.72341056391748]}, "properties": {"ppr_id": "40588f20b97e2c29c55b0b91b539dd7030bcae0dfb077183be41eb4e09675815", "address": "89 Seven Winds, North Road, Drogheda", "sale_date": "2026-02-26", "price": 370000.0, "property_type": null, "beds": null, "baths": null, "floor_area_m2": null, "ber": null, "asking_price": null, "eur_per_m2": null, "sale_vs_asking": null, "daft_url": "https://www.daft.ie/sold/89-seven-winds-north-road-drogheda-louth/1C885D1BBE49D4F180258DBE00603570", "not_full_market_price": 0}}, {"type": "Feature", "geometry": {"type": "Point", "coordinates": [-6.343672173652813, 53.72729281741737]}, "properties": {"ppr_id": "7569b0b203e426e7af0a801d44b1f036592e3fc47a31ad8be0cbe03279b35820", "address": "19 Listoke Wood, Ballymakenny Road, Drogheda", "sale_date": "2026-02-27", "price": 413215.85, "property_type": null, "beds": null, "baths": null, "floor_area_m2": null, "ber": null, "asking_price": null, "eur_per_m2": null, "sale_vs_asking": null, "daft_url": "https://www.daft.ie/sold/19-listoke-wood-ballymakenny-road-drogheda-louth/09802D2CB269EE7680258DB70060261B", "not_full_market_price": 0}}, {"type": "Feature", "geometry": {"type": "Point", "coordinates": [-6.349471797350466, 53.716801790233426]}, "properties": {"ppr_id": "427659b401b8e14a8c8ed0049cb3e9980faff0add2c424aef3d37775fe959919", "address": "THE BLUE SCHOOL, CHURCH LANE, DROGHEDA", "sale_date": "2026-02-27", "price": 975000.0, "property_type": "Detached", "beds": 4.0, "baths": 3.0, "floor_area_m2": 437.0, "ber": null, "asking_price": 975000.0, "eur_per_m2": 2231.121281464531, "sale_vs_asking": 0.0, "daft_url": "https://www.daft.ie/sold/the-blue-school-church-lane-drogheda-louth/422A986AD04CAD4E80258DB000602947", "not_full_market_price": 0}}, {"type": "Feature", "geometry": {"type": "Point", "coordinates": [-6.362299945974773, 53.72341901861089]}, "properties": {"ppr_id": "da1d8495161c5c65c6ffe2329af10769d8542f349e50c72f301842f694ee138f", "address": "86 Seven Winds, North Road, Drogheda", "sale_date": "2026-03-02", "price": 370000.0, "property_type": null, "beds": null, "baths": null, "floor_area_m2": null, "ber": null, "asking_price": null, "eur_per_m2": null, "sale_vs_asking": null, "daft_url": "https://www.daft.ie/sold/86-seven-winds-north-road-drogheda-louth/D9867720D6BFACAC80258DBE00603566", "not_full_market_price": 0}}, {"type": "Feature", "geometry": {"type": "Point", "coordinates": [-6.2671430756877164, 53.763918845252334]}, "properties": {"ppr_id": "d4bbe4bbfa4cdf8eafe6e138973af5f2a9f474c0239dab759265a2224c3b19da", "address": "53 THE SPIRES, TERMONFECKIN, DROGHEDA", "sale_date": "2026-03-03", "price": 310000.0, "property_type": null, "beds": null, "baths": null, "floor_area_m2": null, "ber": null, "asking_price": null, "eur_per_m2": null, "sale_vs_asking": null, "daft_url": "https://www.daft.ie/sold/53-newtown-wood-termonfeckin-road-drogheda-louth/61F601194DF2C2C38025893400603AB1", "not_full_market_price": 0}}, {"type": "Feature", "geometry": {"type": "Point", "coordinates": [-6.362293277680224, 53.723451710092085]}, "properties": {"ppr_id": "808a6f6608f36449483edcfa238a8d7f5437556393f72b02e0c8af5b4609e209", "address": "96 Seven Winds, North Road, Drogheda", "sale_date": "2026-03-03", "price": 312731.0, "property_type": null, "beds": null, "baths": null, "floor_area_m2": null, "ber": null, "asking_price": null, "eur_per_m2": null, "sale_vs_asking": null, "daft_url": "https://www.daft.ie/sold/96-seven-winds-north-road-drogheda-louth/829CFB68ADCF56D280258DB7006027A5", "not_full_market_price": 0}}, {"type": "Feature", "geometry": {"type": "Point", "coordinates": [-6.395277827394413, 53.726310290016414]}, "properties": {"ppr_id": "3a8a333ccdb17e0acfe3bf869fe827a6ad358ee4849b47ef37dce3b992a1c0ef", "address": "114 Gort Mell, Old Slane Road, Drogheda", "sale_date": "2026-03-05", "price": 352422.91, "property_type": null, "beds": null, "baths": null, "floor_area_m2": null, "ber": null, "asking_price": null, "eur_per_m2": null, "sale_vs_asking": null, "daft_url": "https://www.daft.ie/sold/114-gort-mell-old-slane-road-drogheda-louth/0573A70CD0FE4BEE80258DC500603379", "not_full_market_price": 0}}, {"type": "Feature", "geometry": {"type": "Point", "coordinates": [-6.362301851201787, 53.72333728990791]}, "properties": {"ppr_id": "8912d262ecadd8280cc6da9691960dbca50554419ea013be6f8215d2f3acb0ca", "address": "93 SEVEN WINDS, NORTH ROAD, DROGHEDA", "sale_date": "2026-03-05", "price": 370000.0, "property_type": null, "beds": null, "baths": null, "floor_area_m2": null, "ber": null, "asking_price": null, "eur_per_m2": null, "sale_vs_asking": null, "daft_url": "https://www.daft.ie/sold/93-seven-winds-north-road-drogheda-louth/F6F9E81238BE10C580258DBE006033D0", "not_full_market_price": 0}}, {"type": "Feature", "geometry": {"type": "Point", "coordinates": [-6.329875080139903, 53.73291508160611]}, "properties": {"ppr_id": "67487ca88fb3acc136fb91af409a4f2750d5e63b897841138fab5cc80d95dd10", "address": "11 DUNLIN ST, ASTON VILLAGE, DROGHEDA", "sale_date": "2026-03-06", "price": 318000.0, "property_type": "Terrace", "beds": 3.0, "baths": 3.0, "floor_area_m2": 93.0, "ber": "C1", "asking_price": 310000.0, "eur_per_m2": 3419.3548387096776, "sale_vs_asking": 0.02580645161290329, "daft_url": "https://www.daft.ie/sold/11-dunlin-st-aston-village-drogheda-louth/8586F200CF490DBD80258DCC005AB878", "not_full_market_price": 0}}, {"type": "Feature", "geometry": {"type": "Point", "coordinates": [-6.3622475522318895, 53.72340210922407]}, "properties": {"ppr_id": "8c33dea9b8eca2956fbd7d812829376dcaff8380cb821efef8c9258e8b4fe6b4", "address": "90 Seven Winds, North Road, Drogheda", "sale_date": "2026-03-06", "price": 370000.0, "property_type": null, "beds": null, "baths": null, "floor_area_m2": null, "ber": null, "asking_price": null, "eur_per_m2": null, "sale_vs_asking": null, "daft_url": "https://www.daft.ie/sold/90-seven-winds-north-road-drogheda-louth/875D3EC328F4A22F80258DC50060369A", "not_full_market_price": 0}}, {"type": "Feature", "geometry": {"type": "Point", "coordinates": [-6.341277108424044, 53.71845209012491]}, "properties": {"ppr_id": "049a0329f5ddbd683da246b3ec5c9e72f1cc2e24f8fa55118bc5b24eccb7c7d9", "address": "22 THOMAS ST, DROGHEDA, LOUTH", "sale_date": "2026-03-09", "price": 385000.0, "property_type": "House", "beds": 3.0, "baths": 2.0, "floor_area_m2": 90.0, "ber": "D2", "asking_price": 295000.0, "eur_per_m2": 4277.777777777777, "sale_vs_asking": 0.30508474576271194, "daft_url": "https://www.daft.ie/sold/22-thomas-st-drogheda-louth/29A9631D1977460880258DBE006036CF", "not_full_market_price": 0}}, {"type": "Feature", "geometry": {"type": "Point", "coordinates": [-6.315990567552399, 53.74512120965807]}, "properties": {"ppr_id": "f95ea8213dc1707015d99492148300071816c113b1fb3e833bcc60f3538740c7", "address": "BALLYMAKENNY RD, TOWNRATH, DROGHEDA", "sale_date": "2026-03-09", "price": 350000.0, "property_type": "Bungalow", "beds": 3.0, "baths": null, "floor_area_m2": 80.2, "ber": "D1", "asking_price": 299000.0, "eur_per_m2": 4364.089775561097, "sale_vs_asking": 0.1705685618729098, "daft_url": "https://www.daft.ie/sold/ballymakenny-rd-townrath-drogheda-louth/99EF557DEEE0CA9180258DC5006033F0", "not_full_market_price": 0}}, {"type": "Feature", "geometry": {"type": "Point", "coordinates": [-6.388686484000671, 53.716031072761794]}, "properties": {"ppr_id": "a06389363284c2f641af7d16a6e1e2cec6fb54a654cdcb51d866c12ebe3be60e", "address": "30 THE SQUARE, RIVERBANK, DROGHEDA", "sale_date": "2026-03-10", "price": 140000.0, "property_type": null, "beds": null, "baths": null, "floor_area_m2": null, "ber": null, "asking_price": null, "eur_per_m2": null, "sale_vs_asking": null, "daft_url": "https://www.daft.ie/sold/30-the-square-riverbank-drogheda-louth/BCD05D21CB317B9780258DBE00603618", "not_full_market_price": 0}}, {"type": "Feature", "geometry": {"type": "Point", "coordinates": [-6.346819484736045, 53.714627399077735]}, "properties": {"ppr_id": "da8b0c2373248587fd458e43debf555815410762354bd393f0063480c31e0116", "address": "APT 14B KERMON HOUSE, THE MALL, DROGHEDA", "sale_date": "2026-03-10", "price": 166000.0, "property_type": null, "beds": null, "baths": null, "floor_area_m2": null, "ber": "C3", "asking_price": null, "eur_per_m2": null, "sale_vs_asking": null, "daft_url": "https://www.daft.ie/sold/14b-newfield-drogheda/F8453C84F7012CAF80257ACA005B15A7", "not_full_market_price": 0}}, {"type": "Feature", "geometry": {"type": "Point", "coordinates": [-6.333688219123385, 53.72685103684203]}, "properties": {"ppr_id": "1e2389010234b43ed80df5d26f6d84846d5511dbe04464c08900dd88cbf319f1", "address": "22 THE CHESTERS, TERMONFECKIN ROAD, DROGHEDA", "sale_date": "2026-03-11", "price": 334802.0, "property_type": null, "beds": null, "baths": null, "floor_area_m2": null, "ber": null, "asking_price": null, "eur_per_m2": null, "sale_vs_asking": null, "daft_url": "https://www.daft.ie/sold/22-the-chesters-termonfeckin-road-drogheda-louth/50D40D72FBFBA4C180258DC5006036A2", "not_full_market_price": 0}}, {"type": "Feature", "geometry": {"type": "Point", "coordinates": [-6.3942620793654, 53.72699710092227]}, "properties": {"ppr_id": "979073d8060e20932b1ff0d47dacbb446ddd7e44f7fe9aeeba20590a9041cb40", "address": "115 Gort Mell, Old Slane Road, Drogheda", "sale_date": "2026-03-12", "price": 359030.84, "property_type": null, "beds": null, "baths": null, "floor_area_m2": null, "ber": null, "asking_price": null, "eur_per_m2": null, "sale_vs_asking": null, "daft_url": "https://www.daft.ie/sold/115-gort-mell-old-slane-road-drogheda-louth/355B27F6FE8D095380258DEF005AB3B4", "not_full_market_price": 0}}, {"type": "Feature", "geometry": {"type": "Point", "coordinates": [-6.333667259917037, 53.72679974503533]}, "properties": {"ppr_id": "4e7921f204dfb134c2e8b4630ce38d26a67db0ec14148aed560ccc589bfee55f", "address": "16 The Chesters, Termonfeckin Road, Drogheda", "sale_date": "2026-03-12", "price": 348017.62, "property_type": null, "beds": null, "baths": null, "floor_area_m2": null, "ber": null, "asking_price": null, "eur_per_m2": null, "sale_vs_asking": null, "daft_url": "https://www.daft.ie/sold/16-the-chesters-termonfeckin-road-drogheda-louth/3E11542F950BB5F880258DCC005AB8C7", "not_full_market_price": 0}}, {"type": "Feature", "geometry": {"type": "Point", "coordinates": [-6.343754106095055, 53.72734749110143]}, "properties": {"ppr_id": "40d03944b58fb49639df4fc2dbee997cb3317c646e64a7fb6630c48c9f1b31a2", "address": "18 Listoke Wood, Ballymakenny Road, Drogheda", "sale_date": "2026-03-12", "price": 418794.0, "property_type": null, "beds": null, "baths": null, "floor_area_m2": null, "ber": null, "asking_price": null, "eur_per_m2": null, "sale_vs_asking": null, "daft_url": "https://www.daft.ie/sold/18-listoke-wood-ballymakenny-road-drogheda-louth/C208DBDF9990764E80258DC500603433", "not_full_market_price": 0}}, {"type": "Feature", "geometry": {"type": "Point", "coordinates": [-6.354119921898861, 53.716325154747665]}, "properties": {"ppr_id": "e2af40f995f1b0a9ecd9de0f94d1ef5fc6caa7f328f03a4cfc92305de95a8c7a", "address": "30 ST MARKS HOUSE, FAIR ST, DROGHEDA", "sale_date": "2026-03-13", "price": 150000.0, "property_type": "Apartment", "beds": 1.0, "baths": 1.0, "floor_area_m2": 29.0, "ber": "D2", "asking_price": 150000.0, "eur_per_m2": 5172.413793103448, "sale_vs_asking": 0.0, "daft_url": "https://www.daft.ie/sold/30-st-marks-house-fair-st-drogheda-louth/6C8DC73E112D838180258DC50060350B", "not_full_market_price": 0}}, {"type": "Feature", "geometry": {"type": "Point", "coordinates": [-6.3842260989175825, 53.721828964785495]}, "properties": {"ppr_id": "6dd41e78ff6775b3ed135b6468c2a60d32d231f6576a346668d515a1110f40f0", "address": "116 Gort Mell, Slane Road, Drogheda", "sale_date": "2026-03-16", "price": 436123.34, "property_type": null, "beds": null, "baths": null, "floor_area_m2": null, "ber": null, "asking_price": null, "eur_per_m2": null, "sale_vs_asking": null, "daft_url": "https://www.daft.ie/sold/116-gort-mell-slane-road-drogheda-louth/65A3C9EDDA9D8FCA80258DDA005AB7D9", "not_full_market_price": 0}}, {"type": "Feature", "geometry": {"type": "Point", "coordinates": [-6.332249747740172, 53.71930847211079]}, "properties": {"ppr_id": "f4b2f834dd5f3431dfdea1904e3b9f1ca57750375f6c037a33317da6619cce1b", "address": "12 THE MOORINGS, GREENHILLS, DROGHEDA", "sale_date": "2026-03-18", "price": 440000.0, "property_type": "Apartment", "beds": 3.0, "baths": 2.0, "floor_area_m2": 133.0, "ber": "B2", "asking_price": 395000.0, "eur_per_m2": 3308.2706766917295, "sale_vs_asking": 0.11392405063291133, "daft_url": "https://www.daft.ie/sold/12-the-moorings-greenhills-drogheda-louth/AEE4C810D9C9432A80258DCC005AB550", "not_full_market_price": 0}}, {"type": "Feature", "geometry": {"type": "Point", "coordinates": [-6.393688913146666, 53.72437088301663]}, "properties": {"ppr_id": "d150a114004a81459f0406608d9a26aa872332d486f34f7b9b031ea832e6b68c", "address": "49 GORT MELL, OLD SLANE ROAD, DROGHEDA", "sale_date": "2026-03-18", "price": 312775.0, "property_type": null, "beds": null, "baths": null, "floor_area_m2": null, "ber": null, "asking_price": null, "eur_per_m2": null, "sale_vs_asking": null, "daft_url": "https://www.daft.ie/sold/49-gort-mell-old-slane-road-drogheda-louth/59B2A056BA719A4380258DEF005AB3BA", "not_full_market_price": 0}}, {"type": "Feature", "geometry": {"type": "Point", "coordinates": [-6.358708455778109, 53.72109215333713]}, "properties": {"ppr_id": "e53d4327c6a7386c0395f8e368d38f71184cc775052e0fcc06412c6783cbc2b0", "address": "17 GEORGIAN CLOSE, NORTH RD, DROGHEDA", "sale_date": "2026-03-19", "price": 295000.0, "property_type": "Semi-D", "beds": 4.0, "baths": 2.0, "floor_area_m2": 105.0, "ber": "C2", "asking_price": 295000.0, "eur_per_m2": 2809.5238095238096, "sale_vs_asking": 0.0, "daft_url": "https://www.daft.ie/sold/17-georgian-close-north-rd-drogheda-louth/0B728C0728C4C8BD80258DC5006035DE", "not_full_market_price": 0}}, {"type": "Feature", "geometry": {"type": "Point", "coordinates": [-6.35964127006619, 53.71765491709187]}, "properties": {"ppr_id": "9853ff909b9f1b790004a3a8e1b7cd56fba67330fba44d6aeaefd6154ecc3ff1", "address": "11 TRINITY GARDENS, DROGHEDA, LOUTH", "sale_date": "2026-03-20", "price": 250000.0, "property_type": "Bungalow", "beds": 3.0, "baths": 1.0, "floor_area_m2": 81.0, "ber": "E1", "asking_price": null, "eur_per_m2": 3086.41975308642, "sale_vs_asking": null, "daft_url": "https://www.daft.ie/sold/11-trinity-gardens-drogheda-louth/9AA559C767243F2180258DCC005AB710", "not_full_market_price": 0}}, {"type": "Feature", "geometry": {"type": "Point", "coordinates": [-6.358602721294118, 53.72117726391748]}, "properties": {"ppr_id": "5364c3ecb1d12336cb4396a5addb9e8d90d2ef7d5addcc781a5a501bb7eebad3", "address": "117 ASHFIELD, NORTH RD, DROGHEDA", "sale_date": "2026-03-20", "price": 380000.0, "property_type": "Detached", "beds": 3.0, "baths": 2.0, "floor_area_m2": 89.3, "ber": "C2", "asking_price": 350000.0, "eur_per_m2": 4255.319148936171, "sale_vs_asking": 0.08571428571428563, "daft_url": "https://www.daft.ie/sold/117-ashfield-north-rd-drogheda-louth/5B137EFC26CEB83D80258DCC005AB55F", "not_full_market_price": 0}}, {"type": "Feature", "geometry": {"type": "Point", "coordinates": [-6.39520637634036, 53.72635594536084]}, "properties": {"ppr_id": "76a91a9aa9b44818114207a17f07029119d55d211e370071ab9bfa4ed93ce6a7", "address": "47 Gort Mell, Tullyallen, Drogheda", "sale_date": "2026-03-20", "price": 312775.33, "property_type": null, "beds": null, "baths": null, "floor_area_m2": null, "ber": null, "asking_price": null, "eur_per_m2": null, "sale_vs_asking": null, "daft_url": "https://www.daft.ie/sold/47-fountain-hill-mell-drogheda-louth/027D94D9E9E6B7DE80257D16005059B5", "not_full_market_price": 0}}, {"type": "Feature", "geometry": {"type": "Point", "coordinates": [-6.394312572143818, 53.727016264894]}, "properties": {"ppr_id": "197ad010598e3925996a386c9bfd7745662f120e199416a1f5bd54fd10d45d6b", "address": "110 GORT MELL, OLD SLANE ROAD, DROGHEDA", "sale_date": "2026-03-23", "price": 359030.83, "property_type": null, "beds": null, "baths": null, "floor_area_m2": null, "ber": null, "asking_price": null, "eur_per_m2": null, "sale_vs_asking": null, "daft_url": "https://www.daft.ie/sold/110-gort-mell-old-slane-road-drogheda-louth/1B89280C4803C7A080258DD3005AB5DB", "not_full_market_price": 0}}, {"type": "Feature", "geometry": {"type": "Point", "coordinates": [-6.353962767131466, 53.71636235539867]}, "properties": {"ppr_id": "5d4bd5daabc70e9dcfe4aea5af98c15d617c3ec7d1ca12d5a2f033a68cb2b0cd", "address": "39 FAIR STREET HOUSE, FAIR STREET, DROGHEDA", "sale_date": "2026-03-23", "price": 40000.0, "property_type": null, "beds": null, "baths": null, "floor_area_m2": null, "ber": null, "asking_price": null, "eur_per_m2": null, "sale_vs_asking": null, "daft_url": "https://www.daft.ie/sold/39-fair-street-house-fair-street-drogheda-louth/A11655B00143DFAF80258DE8005AB169", "not_full_market_price": 1}}, {"type": "Feature", "geometry": {"type": "Point", "coordinates": [-6.321696856971341, 53.73062559142694]}, "properties": {"ppr_id": "09b481b9d2ca065cb4cc5544f2b31809d621186d32e2ad13c0257a560d3c3da7", "address": "34 Beaulieu Banks, Termonfeckin Road, Drogheda", "sale_date": "2026-03-24", "price": 361233.0, "property_type": null, "beds": null, "baths": null, "floor_area_m2": null, "ber": null, "asking_price": null, "eur_per_m2": null, "sale_vs_asking": null, "daft_url": "https://www.daft.ie/sold/34-beaulieu-banks-termonfeckin-road-drogheda-louth/1188E806A41A2F8880258DCC005AB6CE", "not_full_market_price": 0}}, {"type": "Feature", "geometry": {"type": "Point", "coordinates": [-6.350710274169528, 53.71939651020059]}, "properties": {"ppr_id": "39cb954217ed347553d5c2154f8ee9f1775068621e0e8002177f643d9dbc1319", "address": "148 HARDMANS GARDENS, LOURDES SQ, DROGHEDA", "sale_date": "2026-03-25", "price": 316000.0, "property_type": "End of Terrace", "beds": 3.0, "baths": 2.0, "floor_area_m2": 93.0, "ber": "B1", "asking_price": 240000.0, "eur_per_m2": 3397.8494623655915, "sale_vs_asking": 0.31666666666666665, "daft_url": "https://www.daft.ie/sold/148-hardmans-gardens-lourdes-sq-drogheda-louth/04062C5556AC354580258DCC005AB801", "not_full_market_price": 0}}, {"type": "Feature", "geometry": {"type": "Point", "coordinates": [-6.347202650023584, 53.72416083554001]}, "properties": {"ppr_id": "f89b3afbe699493e78163aa24d309741c9d932c4d315d6c318d765d52e54ab30", "address": "2 BALLYMAKENNY VIEW, BALLYMAKENNY ROAD", "sale_date": "2026-03-25", "price": 409647.57, "property_type": null, "beds": null, "baths": null, "floor_area_m2": null, "ber": null, "asking_price": null, "eur_per_m2": null, "sale_vs_asking": null, "daft_url": "https://www.daft.ie/sold/2-ballymakenny-view-ballymakenny-road-louth/340E8B84D6C7D0BF80258DCC005AB976", "not_full_market_price": 0}}, {"type": "Feature", "geometry": {"type": "Point", "coordinates": [-6.420912388618353, 53.73646361752587]}, "properties": {"ppr_id": "d3a88d93b0f39bdbcc65e2ff6af5b736724f29b6b48d5c7851c39e381a3d4268", "address": "12 BURTON HALL, TULLYALLEN, DROGHEDA", "sale_date": "2026-03-27", "price": 332000.0, "property_type": "Bungalow", "beds": 3.0, "baths": 1.0, "floor_area_m2": 86.0, "ber": "D2", "asking_price": null, "eur_per_m2": 3860.4651162790697, "sale_vs_asking": null, "daft_url": "https://www.daft.ie/sold/12-boyne-hall-slane-rd-drogheda-louth/B119DBAE513627C38025890300602B6F", "not_full_market_price": 0}}, {"type": "Feature", "geometry": {"type": "Point", "coordinates": [-6.320789590078874, 53.704740972110784]}, "properties": {"ppr_id": "0d2d66b7b0290ed7a6b40118785a6117e8e13c1c19b553abae5a223a93e6d8be", "address": "19 ACORN WAY, WHEATON HALL, DUBLIN RD", "sale_date": "2026-03-27", "price": 430000.0, "property_type": "Bungalow", "beds": 3.0, "baths": 2.0, "floor_area_m2": 92.0, "ber": "C2", "asking_price": 345000.0, "eur_per_m2": 4673.913043478261, "sale_vs_asking": 0.24637681159420288, "daft_url": "https://www.daft.ie/sold/19-acorn-way-wheaton-hall-dublin-rd-louth/47B7018063C2EA9080258DCC005AB96B", "not_full_market_price": 0}}, {"type": "Feature", "geometry": {"type": "Point", "coordinates": [-6.393772744945215, 53.72424800813905]}, "properties": {"ppr_id": "3438ebb03094640247496ebadf930b0426b84e9f46c06a03784993e31c06641f", "address": "45 Gort Mell, Old Slane Road, Drogheda", "sale_date": "2026-03-27", "price": 361233.48, "property_type": null, "beds": null, "baths": null, "floor_area_m2": null, "ber": null, "asking_price": null, "eur_per_m2": null, "sale_vs_asking": null, "daft_url": "https://www.daft.ie/sold/45-gort-mell-old-slane-road-drogheda-louth/B0E34707E6DBC6ED80258DD3005AB581", "not_full_market_price": 0}}, {"type": "Feature", "geometry": {"type": "Point", "coordinates": [-6.395102534141804, 53.72642921937041]}, "properties": {"ppr_id": "4cb6daf547b651596bc8ac0403fcb2a24d8f5e2ae98ee070c6173132635ead49", "address": "48 Gort Mell, Drogheda", "sale_date": "2026-03-30", "price": 312775.33, "property_type": null, "beds": null, "baths": null, "floor_area_m2": null, "ber": null, "asking_price": null, "eur_per_m2": null, "sale_vs_asking": null, "daft_url": "https://www.daft.ie/sold/48-gort-mell-drogheda-louth/B721C5256AB1722A80258DE8005AB507", "not_full_market_price": 0}}, {"type": "Feature", "geometry": {"type": "Point", "coordinates": [-6.3208923231964755, 53.70595110911557]}, "properties": {"ppr_id": "c3fe307fd052ef57503e1dc327cd6ccddc9320e3f6b98cb6d5bdb01890269ac4", "address": "1 BEECHMOUNT AVE, STAMEEN, DROGHEDA", "sale_date": "2026-03-31", "price": 400000.0, "property_type": "Detached", "beds": 3.0, "baths": 2.0, "floor_area_m2": 132.0, "ber": "D1", "asking_price": 395000.0, "eur_per_m2": 3030.3030303030305, "sale_vs_asking": 0.012658227848101333, "daft_url": "https://www.daft.ie/sold/1-beechmount-ave-stameen-drogheda-louth/3C3F1005AA8FBCA980258DD3005AB7C5", "not_full_market_price": 0}}, {"type": "Feature", "geometry": {"type": "Point", "coordinates": [-6.355593290964071, 53.73200430124777]}, "properties": {"ppr_id": "25c2d5105a5530a26f0d09c8f1dc655b6a52684b30f76b3b848969e632af5cf1", "address": "1 Usher Mill Close, Usher Mill, Drogheda", "sale_date": "2026-03-31", "price": 436200.0, "property_type": null, "beds": null, "baths": null, "floor_area_m2": null, "ber": null, "asking_price": null, "eur_per_m2": null, "sale_vs_asking": null, "daft_url": "https://www.daft.ie/sold/1-usher-mill-close-usher-mill-drogheda-louth/BA686DBCB153764B80258DD3005AB94D", "not_full_market_price": 0}}, {"type": "Feature", "geometry": {"type": "Point", "coordinates": [-6.395258773779998, 53.72641681915341]}, "properties": {"ppr_id": "ba40eb674ce5c06f13b0ab16499a1416cbd2a96e14240633cd4b9acefe2bcf2b", "address": "111 Gort Mell, Drogheda", "sale_date": "2026-03-31", "price": 352422.0, "property_type": null, "beds": null, "baths": null, "floor_area_m2": null, "ber": null, "asking_price": null, "eur_per_m2": null, "sale_vs_asking": null, "daft_url": "https://www.daft.ie/sold/111-gort-mell-drogheda-louth/51A7FEF04C35C7C180258DE1005AB313", "not_full_market_price": 0}}, {"type": "Feature", "geometry": {"type": "Point", "coordinates": [-6.327738503629978, 53.730473064134486]}, "properties": {"ppr_id": "06311cfbe949100558f9b3bb05bcedd648fd5e8ee609a345b256d61b091224bb", "address": "152 Beaulieu Village, Termonfeckin Road, Drogheda", "sale_date": "2026-03-31", "price": 370000.0, "property_type": null, "beds": null, "baths": null, "floor_area_m2": null, "ber": null, "asking_price": null, "eur_per_m2": null, "sale_vs_asking": null, "daft_url": "https://www.daft.ie/sold/152-beaulieu-village-termonfeckin-road-drogheda-louth/46E6981A20BE710A80258DDA005AB64E", "not_full_market_price": 0}}, {"type": "Feature", "geometry": {"type": "Point", "coordinates": [-6.3386807433736, 53.72509578225713]}, "properties": {"ppr_id": "95ca15c9c997993bc40ef913c66e6a273198a3c052beb5c215b0a81d0d4cccb2", "address": "21 NEWFIELD, DROGHEDA, LOUTH", "sale_date": "2026-03-31", "price": 141000.0, "property_type": null, "beds": null, "baths": null, "floor_area_m2": null, "ber": null, "asking_price": null, "eur_per_m2": null, "sale_vs_asking": null, "daft_url": "https://www.daft.ie/sold/21-newfield-drogheda-louth/970F83B8A1DEA5C980258DD3005AB7D4", "not_full_market_price": 0}}, {"type": "Feature", "geometry": {"type": "Point", "coordinates": [-6.336552839450572, 53.70852018979941]}, "properties": {"ppr_id": "bafd5788b377abae83869b347664bbdee23259ed17c4e55f0fbaacda2d90d793", "address": "34 MOUNT AUBURN, BRYANSTOWN, DROGHEDA", "sale_date": "2026-03-31", "price": 858000.0, "property_type": "Detached", "beds": 5.0, "baths": 4.0, "floor_area_m2": 237.0, "ber": "A3", "asking_price": 765000.0, "eur_per_m2": 3620.253164556962, "sale_vs_asking": 0.1215686274509804, "daft_url": "https://www.daft.ie/sold/34-mount-auburn-bryanstown-drogheda-louth/D7AB369A63D17D5F80258DD3005AB998", "not_full_market_price": 0}}, {"type": "Feature", "geometry": {"type": "Point", "coordinates": [-6.3942773224683185, 53.72693228160611]}, "properties": {"ppr_id": "7ee403f857398883003b803b8197029903a3abcde78777dc7849d58c664e173c", "address": "46 Gort Mell, Old Slane Road, Drogheda", "sale_date": "2026-03-31", "price": 312775.0, "property_type": null, "beds": null, "baths": null, "floor_area_m2": null, "ber": null, "asking_price": null, "eur_per_m2": null, "sale_vs_asking": null, "daft_url": "https://www.daft.ie/sold/46-gort-mell-old-slane-road-drogheda-louth/AEA18F2B1801692480258DEF005AB573", "not_full_market_price": 0}}, {"type": "Feature", "geometry": {"type": "Point", "coordinates": [-6.339487689444923, 53.71434575344564]}, "properties": {"ppr_id": "7a8046c26c4f42202cf990f18dd16b05fa95977e056430278ceaf306cb2c5e7e", "address": "43 WEIRHOPE, MARSH RD, DROGHEDA", "sale_date": "2026-04-01", "price": 272500.0, "property_type": "Semi-D", "beds": 3.0, "baths": 1.0, "floor_area_m2": 92.0, "ber": "D2", "asking_price": 210000.0, "eur_per_m2": 2961.9565217391305, "sale_vs_asking": 0.29761904761904767, "daft_url": "https://www.daft.ie/sold/43-weirhope-marsh-rd-drogheda-louth/9C4BCBB34A4B180D80258DE1005AB4FB", "not_full_market_price": 0}}, {"type": "Feature", "geometry": {"type": "Point", "coordinates": [-6.33500689812262, 53.724483181280604]}, "properties": {"ppr_id": "2bd370e1258be6d136586ff43a0012f67c75b5500bdd5f0277097af8ded8d489", "address": "65 COLLEGE RISE, DROGHEDA, LOUTH", "sale_date": "2026-04-01", "price": 415000.0, "property_type": null, "beds": null, "baths": null, "floor_area_m2": null, "ber": null, "asking_price": null, "eur_per_m2": null, "sale_vs_asking": null, "daft_url": "https://www.daft.ie/sold/65-college-rise-drogheda-louth/4463B449B3C69CE280258DDA005AB797", "not_full_market_price": 0}}, {"type": "Feature", "geometry": {"type": "Point", "coordinates": [-6.346566502411326, 53.72062519142695]}, "properties": {"ppr_id": "9058a5194beddf6538859054fc6a79fcf8f70c6dba092bd81baad8ed6ceff2f8", "address": "82 PEARSE PARK, DROGHEDA, LOUTH", "sale_date": "2026-04-01", "price": 240000.0, "property_type": "Terrace", "beds": 2.0, "baths": 1.0, "floor_area_m2": 65.0, "ber": "D1", "asking_price": 240000.0, "eur_per_m2": 3692.3076923076924, "sale_vs_asking": 0.0, "daft_url": "https://www.daft.ie/sold/82-pearse-park-drogheda-louth/D63D2C49A908F05680258DD3005AB878", "not_full_market_price": 0}}, {"type": "Feature", "geometry": {"type": "Point", "coordinates": [-6.347317230285754, 53.715926673846816]}, "properties": {"ppr_id": "a13b82e60b603d7c94ab47dfbed0b68906d154325470d0808fc3a649848a8f13", "address": "105 CORD ROAD, DROGHEDA, CO LOUTH", "sale_date": "2026-04-02", "price": 340000.0, "property_type": "Semi-D", "beds": 3.0, "baths": 2.0, "floor_area_m2": 116.0, "ber": "E2", "asking_price": 270000.0, "eur_per_m2": 2931.0344827586205, "sale_vs_asking": 0.2592592592592593, "daft_url": "https://www.daft.ie/sold/105-cord-road-drogheda/68FB6658BBABC73A80258DD3005AB90B", "not_full_market_price": 0}}, {"type": "Feature", "geometry": {"type": "Point", "coordinates": [-6.307384530922597, 53.70530551030909]}, "properties": {"ppr_id": "62e0e25168b29b0b61de942ef4514f79422605b74e8fb64aebc1377d05f81bb0", "address": "22 PARK GRANGE, GRANGE RATH, DROGHEDA", "sale_date": "2026-04-02", "price": 270000.0, "property_type": null, "beds": null, "baths": null, "floor_area_m2": null, "ber": null, "asking_price": null, "eur_per_m2": null, "sale_vs_asking": null, "daft_url": "https://www.daft.ie/sold/22-park-grange-grange-rath-drogheda-louth/46FDEA7A94818BBD80258DD3005AB96B", "not_full_market_price": 0}}, {"type": "Feature", "geometry": {"type": "Point", "coordinates": [-6.358413694195213, 53.71393321752587]}, "properties": {"ppr_id": "6bde86254859425a49fd3c74eeb6092a5a3a687bbfe1e102364fd0f1b9b1b592", "address": "43 RIVERCOURT, RATHMULLAN RD, DROGHEDA", "sale_date": "2026-04-02", "price": 306000.0, "property_type": "Semi-D", "beds": 3.0, "baths": 1.0, "floor_area_m2": 110.0, "ber": "D1", "asking_price": 225000.0, "eur_per_m2": 2781.818181818182, "sale_vs_asking": 0.3600000000000001, "daft_url": "https://www.daft.ie/sold/43-hillview-rathmullan-rd-drogheda-louth/539624EF2911BCD880258608004778C4", "not_full_market_price": 0}}, {"type": "Feature", "geometry": {"type": "Point", "coordinates": [-6.3951968495331535, 53.72641681915341]}, "properties": {"ppr_id": "64dc9c15d0a64f01e597856221298e5a802dfb843b8a748cbbecdf5fe3f050c9", "address": "50 Gort Mell, Old Slane Road, Drogheda", "sale_date": "2026-04-08", "price": 410000.0, "property_type": null, "beds": null, "baths": null, "floor_area_m2": null, "ber": null, "asking_price": null, "eur_per_m2": null, "sale_vs_asking": null, "daft_url": "https://www.daft.ie/sold/50-gort-mell-old-slane-road-drogheda-louth/8303AF135E348A7380258DE1005AB332", "not_full_market_price": 0}}, {"type": "Feature", "geometry": {"type": "Point", "coordinates": [-6.384120362919781, 53.72178781861089]}, "properties": {"ppr_id": "c46af25321b0bfff936a3837ef2070a2e6de1b1d23e95fecc60d237a163311ce", "address": "53 Gort Mell, Slane Road, Drogheda", "sale_date": "2026-04-10", "price": 321585.9, "property_type": null, "beds": null, "baths": null, "floor_area_m2": null, "ber": null, "asking_price": null, "eur_per_m2": null, "sale_vs_asking": null, "daft_url": "https://www.daft.ie/sold/53-gort-mell-slane-road-drogheda-louth/E195941415D3EC5080258DEF005AB255", "not_full_market_price": 0}}, {"type": "Feature", "geometry": {"type": "Point", "coordinates": [-6.343626443917608, 53.727401037493046]}, "properties": {"ppr_id": "500b5e57affb862fc4b41c53be4bbf3d815dd9952c7743d54d5a8de3e94d2d32", "address": "80 Listoke Drive, Ballymakenny Road, Drogheda", "sale_date": "2026-04-10", "price": 386583.0, "property_type": null, "beds": null, "baths": null, "floor_area_m2": null, "ber": null, "asking_price": null, "eur_per_m2": null, "sale_vs_asking": null, "daft_url": "https://www.daft.ie/sold/80-listoke-drive-ballymakenny-road-drogheda-louth/A971A515881B4FEA80258DFD005AB76C", "not_full_market_price": 0}}, {"type": "Feature", "geometry": {"type": "Point", "coordinates": [-6.346736467409463, 53.733108853337136]}, "properties": {"ppr_id": "6e7fa3f3372afb9cef36dc3b49e76e273b389338b1ded976fd19dba45b47afef", "address": "15 Ushers Mill Cloose, Ushers Mill, Ballymakenny", "sale_date": "2026-04-13", "price": 348017.62, "property_type": null, "beds": null, "baths": null, "floor_area_m2": null, "ber": null, "asking_price": null, "eur_per_m2": null, "sale_vs_asking": null, "daft_url": "https://www.daft.ie/sold/15-ballymakenny-close-ballymakenny-park-drogheda-louth/AC1743F88FF5A78780258B95005ABD72", "not_full_market_price": 0}}, {"type": "Feature", "geometry": {"type": "Point", "coordinates": [-6.359496492358408, 53.71767689929474]}, "properties": {"ppr_id": "fcfbf94842222eaed9fa26f9736abfe579bfd14bf49ee74379946a2e4cc5bc0b", "address": "1 TRINITY COURT, TRINITY GARDENS, DROGHEDA", "sale_date": "2026-04-15", "price": 240000.0, "property_type": "End of Terrace", "beds": 2.0, "baths": 1.0, "floor_area_m2": 62.0, "ber": "D2", "asking_price": 245000.0, "eur_per_m2": 3870.967741935484, "sale_vs_asking": -0.020408163265306145, "daft_url": "https://www.daft.ie/sold/1-trinity-court-trinity-gardens-drogheda-louth/7EE4AE6A298AEC2080258DE8005AB130", "not_full_market_price": 0}}, {"type": "Feature", "geometry": {"type": "Point", "coordinates": [-6.3951997075753155, 53.72642414655436]}, "properties": {"ppr_id": "11bdcd01e674a5e780d7d5dc4aae08955a7d2d79608590fc8dc7106cbde36f58", "address": "54 Gort Mell, Old Slane Road, Drogheda", "sale_date": "2026-04-16", "price": 374449.0, "property_type": null, "beds": null, "baths": null, "floor_area_m2": null, "ber": null, "asking_price": null, "eur_per_m2": null, "sale_vs_asking": null, "daft_url": "https://www.daft.ie/sold/54-gort-mell-old-slane-road-drogheda-louth/2CFE83F2645C492180258DE8005AB1E1", "not_full_market_price": 0}}, {"type": "Feature", "geometry": {"type": "Point", "coordinates": [-6.320742932671925, 53.70483961020059]}, "properties": {"ppr_id": "f3f5a9d6d2ee165da537c277b53eaedebd06617e63e370d5d8aa9150a61e5368", "address": "9 WEAVERS WAY, WHEATON HALL, DUBLIN RD", "sale_date": "2026-04-16", "price": 440000.0, "property_type": "Bungalow", "beds": 3.0, "baths": 2.0, "floor_area_m2": null, "ber": null, "asking_price": 395000.0, "eur_per_m2": null, "sale_vs_asking": 0.11392405063291133, "daft_url": "https://www.daft.ie/sold/9-weavers-way-wheaton-hall-dublin-rd-louth/F7534D983F6512B780258E04005AB45B", "not_full_market_price": 0}}, {"type": "Feature", "geometry": {"type": "Point", "coordinates": [-6.326590122335027, 53.72938314427582]}, "properties": {"ppr_id": "05e800afd2240008a65fdcfce1fcfa77ddbf9fa7b3360401b55c30fdb17081f3", "address": "125-132 Beaulieu Village, Termonfeckin Road, Drogheda", "sale_date": "2026-04-17", "price": 2522521.74, "property_type": null, "beds": null, "baths": null, "floor_area_m2": null, "ber": null, "asking_price": null, "eur_per_m2": null, "sale_vs_asking": null, "daft_url": "https://www.daft.ie/sold/125-132-beaulieu-village-termonfeckin-road-drogheda-louth/A0F831C151387E2980258E04005AB7B7", "not_full_market_price": 1}}, {"type": "Feature", "geometry": {"type": "Point", "coordinates": [-6.326273707223476, 53.72919758979941]}, "properties": {"ppr_id": "a15b8275650562a09387e30353ca82b59c8557b54d5a19deb56151f7d71e692e", "address": "42 Beaulieu Village, Termonfeckin Road, Drogheda", "sale_date": "2026-04-17", "price": 283674.18, "property_type": null, "beds": null, "baths": null, "floor_area_m2": null, "ber": null, "asking_price": null, "eur_per_m2": null, "sale_vs_asking": null, "daft_url": "https://www.daft.ie/sold/42-beaulieu-village-termonfeckin-road-drogheda-louth/4F6460D47E70407080258E04005AB7AB", "not_full_market_price": 1}}, {"type": "Feature", "geometry": {"type": "Point", "coordinates": [-6.325748389093536, 53.72981382810622]}, "properties": {"ppr_id": "56b08205d463c85b0fa52d9b03cd42511ecd363910548e83fa9416f9c4a00fb7", "address": "56 Beaulieu Village, Termonfeckin Road, Drogheda", "sale_date": "2026-04-17", "price": 243593.46, "property_type": null, "beds": null, "baths": null, "floor_area_m2": null, "ber": null, "asking_price": null, "eur_per_m2": null, "sale_vs_asking": null, "daft_url": "https://www.daft.ie/sold/56-beaulieu-village-termonfeckin-road-drogheda-louth/2AEB6AD396F60DB880258E04005AB7AD", "not_full_market_price": 1}}, {"type": "Feature", "geometry": {"type": "Point", "coordinates": [-6.325247697157764, 53.72983229972875]}, "properties": {"ppr_id": "ef0ad6fe5740a2ce2c2be76789f12ee4b8cf9948368643b641261dccb27d887a", "address": "61 Beaulieu Village, Termonfeckin Road, Drogheda", "sale_date": "2026-04-17", "price": 243593.46, "property_type": null, "beds": null, "baths": null, "floor_area_m2": null, "ber": null, "asking_price": null, "eur_per_m2": null, "sale_vs_asking": null, "daft_url": "https://www.daft.ie/sold/61-beaulieu-village-termonfeckin-road-drogheda-louth/509A51576313061A80258E04005AB7AF", "not_full_market_price": 1}}, {"type": "Feature", "geometry": {"type": "Point", "coordinates": [-6.366555456317853, 53.701317846120354]}, "properties": {"ppr_id": "8c5d4fd99271fb2e2d99ede5f0aa83cc516244768091a6462c9f9e943026f038", "address": "144 KNOCKBRACK DOWNS, DROGHEDA, LOUTH", "sale_date": "2026-04-20", "price": 342000.0, "property_type": "End of Terrace", "beds": 4.0, "baths": 2.0, "floor_area_m2": null, "ber": "C2", "asking_price": null, "eur_per_m2": null, "sale_vs_asking": null, "daft_url": "https://www.daft.ie/sold/144-knockbrack-downs-drogheda-louth/7AC8BBB39938888E80258DE8005AB380", "not_full_market_price": 0}}, {"type": "Feature", "geometry": {"type": "Point", "coordinates": [-6.339211406028923, 53.729305718719395]}, "properties": {"ppr_id": "979b92389545966467c21620de6145c076020feedd4c048b0657c9559c34dc87", "address": "81 FOREST PK, DROGHEDA, LOUTH", "sale_date": "2026-04-20", "price": 320000.0, "property_type": "Semi-D", "beds": 3.0, "baths": 1.0, "floor_area_m2": 91.0, "ber": "D2", "asking_price": 315000.0, "eur_per_m2": 3516.4835164835163, "sale_vs_asking": 0.015873015873015817, "daft_url": "https://www.daft.ie/sold/81-forest-pk-drogheda-louth/D65C1587D03045B680258DE8005AB567", "not_full_market_price": 0}}, {"type": "Feature", "geometry": {"type": "Point", "coordinates": [-6.384275632898535, 53.721774854747665]}, "properties": {"ppr_id": "add0ec4e6a86fff8b04ea4e2928059cfa412789e49a4d72654e51a125c99283e", "address": "52 Gort Mell, Slane Road, Drogheda", "sale_date": "2026-04-21", "price": 365638.77, "property_type": null, "beds": null, "baths": null, "floor_area_m2": null, "ber": null, "asking_price": null, "eur_per_m2": null, "sale_vs_asking": null, "daft_url": "https://www.daft.ie/sold/52-gort-mell-slane-road-drogheda-louth/437729C9EE41C36080258DE8005AB4AA", "not_full_market_price": 0}}, {"type": "Feature", "geometry": {"type": "Point", "coordinates": [-6.394409746924924, 53.726980191535446]}, "properties": {"ppr_id": "0bddf394f3be56956398301c79a5c2085f67fb60594787f7b072070781032ac0", "address": "56 Gort Mell, Old Slane Road, Drogheda", "sale_date": "2026-04-21", "price": 317180.6, "property_type": null, "beds": null, "baths": null, "floor_area_m2": null, "ber": null, "asking_price": null, "eur_per_m2": null, "sale_vs_asking": null, "daft_url": "https://www.daft.ie/sold/56-gort-mell-old-slane-road-drogheda-louth/91124E05EDD8776780258DE8005AB47F", "not_full_market_price": 0}}, {"type": "Feature", "geometry": {"type": "Point", "coordinates": [-6.3338768519805075, 53.72680650879006]}, "properties": {"ppr_id": "8d1edff4fbe3484b1577cb376e483526da392d8f6b1923febd0fcbecc7541341", "address": "14 The Chesters, Termonfeckin Road, Drogheda", "sale_date": "2026-04-22", "price": 374449.34, "property_type": null, "beds": null, "baths": null, "floor_area_m2": null, "ber": null, "asking_price": null, "eur_per_m2": null, "sale_vs_asking": null, "daft_url": "https://www.daft.ie/sold/14-the-chesters-termonfeckin-road-drogheda-louth/042B052E0FB4175E80258DEF005AB25E", "not_full_market_price": 0}}, {"type": "Feature", "geometry": {"type": "Point", "coordinates": [-6.352549864914248, 53.709232409875085]}, "properties": {"ppr_id": "37afd0c14db17bb2bd288bb18d883f517ec97df1fddf3f5ac23e492eec62d607", "address": "57 CONGRESS AVE, DROGHEDA, LOUTH", "sale_date": "2026-04-22", "price": 240000.0, "property_type": null, "beds": null, "baths": null, "floor_area_m2": null, "ber": null, "asking_price": null, "eur_per_m2": null, "sale_vs_asking": null, "daft_url": "https://www.daft.ie/sold/57-congress-ave-drogheda-louth/E13E1091AE3B86C580258DEF005AB1D2", "not_full_market_price": 0}}, {"type": "Feature", "geometry": {"type": "Point", "coordinates": [-6.339530547895021, 53.714436500488254]}, "properties": {"ppr_id": "5f48b48768cf5dad2503bc20a87fa9d9863ad60ee69ff32b6082d2fb991a2da3", "address": "2 RIVERSIDE, MARSH RD, DROGHEDA", "sale_date": "2026-04-23", "price": 300000.0, "property_type": null, "beds": null, "baths": null, "floor_area_m2": null, "ber": null, "asking_price": null, "eur_per_m2": null, "sale_vs_asking": null, "daft_url": "https://www.daft.ie/sold/2-north-road-drogheda/500365D7DFB73646802580DD004CEF8B", "not_full_market_price": 0}}, {"type": "Feature", "geometry": {"type": "Point", "coordinates": [-6.343536889852831, 53.72729563564851]}, "properties": {"ppr_id": "02aa60f26a5c38a1078bd23cb89fb35ef92566c15425f030173c1d06cc595568", "address": "76 Listoke Drive, Ballymakenny Road, Drogheda", "sale_date": "2026-04-23", "price": 440528.0, "property_type": null, "beds": null, "baths": null, "floor_area_m2": null, "ber": null, "asking_price": null, "eur_per_m2": null, "sale_vs_asking": null, "daft_url": "https://www.daft.ie/sold/76-listoke-drive-ballymakenny-road-drogheda-louth/65E71CDCCCC6F02680258DE8005AB463", "not_full_market_price": 0}}, {"type": "Feature", "geometry": {"type": "Point", "coordinates": [-6.351029977865792, 53.71386607341281]}, "properties": {"ppr_id": "21b644ac1181f0611d973153f8e9f39a730ccacd59781024ee9df2c3cafd059d", "address": "APT 5, 26 DYER ST, DROGHEDA", "sale_date": "2026-04-23", "price": 160000.0, "property_type": null, "beds": null, "baths": null, "floor_area_m2": null, "ber": null, "asking_price": null, "eur_per_m2": null, "sale_vs_asking": null, "daft_url": "https://www.daft.ie/sold/apt-5-26-dyer-st-drogheda-louth/38203B437ACB78A480258DEF005AB17C", "not_full_market_price": 0}}, {"type": "Feature", "geometry": {"type": "Point", "coordinates": [-6.328649827836555, 53.72704152810621]}, "properties": {"ppr_id": "880fc6db696a0137738b5905006f3c41262a48a42f64bb4db9776afa472da31d", "address": "10 BEECHWOOD CLOSE, TERMON ABBEY, DROGHEDA", "sale_date": "2026-04-24", "price": 201961.12, "property_type": null, "beds": null, "baths": null, "floor_area_m2": null, "ber": null, "asking_price": null, "eur_per_m2": null, "sale_vs_asking": null, "daft_url": "https://www.daft.ie/sold/10-beechwood-close-termon-abbey-drogheda-louth/F5471EA991CA23F480258DF6005AB178", "not_full_market_price": 1}}, {"type": "Feature", "geometry": {"type": "Point", "coordinates": [-6.33217449852158, 53.719377236950535]}, "properties": {"ppr_id": "cd82e99eaf53151c8b6910cbd041a5e6ba804e0f04d4947648761c3ee90cb6db", "address": "28 BEAULIEU MEWS, GREENHILLS, DROGHEDA", "sale_date": "2026-04-24", "price": 370000.0, "property_type": "Terrace", "beds": 3.0, "baths": 3.0, "floor_area_m2": 102.0, "ber": "C3", "asking_price": 315000.0, "eur_per_m2": 3627.450980392157, "sale_vs_asking": 0.17460317460317465, "daft_url": "https://www.daft.ie/sold/28-beaulieu-mews-greenhills-drogheda-louth/CB10EB0A36DAE72580258DEF005AB15E", "not_full_market_price": 0}}, {"type": "Feature", "geometry": {"type": "Point", "coordinates": [-6.346657573990671, 53.71465276315797]}, "properties": {"ppr_id": "60394123f22ce5ceb056ab4ef23beb8903a48cf356415d7c7cf27fa29dd28f04", "address": "APT 11C KERMON HOUSE, THE MALL, DROGHEDA", "sale_date": "2026-04-24", "price": 177000.0, "property_type": "Apartment", "beds": 2.0, "baths": 1.0, "floor_area_m2": 75.0, "ber": "C3", "asking_price": 175000.0, "eur_per_m2": 2360.0, "sale_vs_asking": 0.011428571428571344, "daft_url": "https://www.daft.ie/sold/apt-11c-kermon-house-the-mall-drogheda-louth/933E31F01799191F80258DF6005AB162", "not_full_market_price": 0}}, {"type": "Feature", "geometry": {"type": "Point", "coordinates": [-6.355539933773093, 53.73190960868156]}, "properties": {"ppr_id": "429ef242d46746dd83da97267a19fe65c1bc40d60d7e7dfdd9fadb11a96c1889", "address": "18 Usher's Mill Close, Usher's Mill, Drogheda", "sale_date": "2026-04-27", "price": 343612.0, "property_type": null, "beds": null, "baths": null, "floor_area_m2": null, "ber": null, "asking_price": null, "eur_per_m2": null, "sale_vs_asking": null, "daft_url": "https://www.daft.ie/sold/18-ushers-mill-close-ushers-mill-drogheda-louth/6AF6DD30C936487D80258DF6005AB194", "not_full_market_price": 0}}, {"type": "Feature", "geometry": {"type": "Point", "coordinates": [-6.346792507043362, 53.72123486391749]}, "properties": {"ppr_id": "a4cc41e459da8ca1f2aaa80eed1b1219e0016042dfbcd8ae8a8e1c840aa86634", "address": "71 PEARSE PARK, DROGHEDA, LOUTH", "sale_date": "2026-04-28", "price": 190000.0, "property_type": null, "beds": null, "baths": null, "floor_area_m2": null, "ber": "D2", "asking_price": null, "eur_per_m2": null, "sale_vs_asking": null, "daft_url": "https://www.daft.ie/sold/71-pearse-park-drogheda-louth/FE3A41311410A13280258DEF005AB3D1", "not_full_market_price": 0}}, {"type": "Feature", "geometry": {"type": "Point", "coordinates": [-6.3435978628331045, 53.727314799620245]}, "properties": {"ppr_id": "bd8691f6d1c91253132fde5b28cae51edf922e07dbbaf50cfe8ea3b3e24711f4", "address": "77 Listoke Drive, Ballymakenny Road, Drogheda", "sale_date": "2026-04-28", "price": 446475.0, "property_type": null, "beds": null, "baths": null, "floor_area_m2": null, "ber": null, "asking_price": null, "eur_per_m2": null, "sale_vs_asking": null, "daft_url": "https://www.daft.ie/sold/77-listoke-drive-ballymakenny-road-drogheda-louth/E5BBA23F10C594BE80258DEF005AB44B", "not_full_market_price": 0}}, {"type": "Feature", "geometry": {"type": "Point", "coordinates": [-6.352087004799194, 53.70796068062959]}, "properties": {"ppr_id": "9d62c96296cb1253ab9699c97889c018ad84988b8267b171c1ca5c4f9cceeb46", "address": "19 HALPIN TERRACE, DROGHEDA, LOUTH", "sale_date": "2026-04-29", "price": 190000.0, "property_type": null, "beds": null, "baths": null, "floor_area_m2": null, "ber": null, "asking_price": null, "eur_per_m2": null, "sale_vs_asking": null, "daft_url": "https://www.daft.ie/sold/19-halpin-terrace-drogheda-louth/4569307007131BD180258DF6005AB208", "not_full_market_price": 0}}, {"type": "Feature", "geometry": {"type": "Point", "coordinates": [-6.33865590841912, 53.717447290124916]}, "properties": {"ppr_id": "b44b8ed7b3a7c97efba6f3fb56b903666e1c6adbbe244c34001708c22f920895", "address": "1 ST CATHERINES, NORTH STRAND, DROGHEDA", "sale_date": "2026-04-30", "price": 212500.0, "property_type": "Apartment", "beds": 2.0, "baths": 1.0, "floor_area_m2": 57.0, "ber": "D1", "asking_price": 200000.0, "eur_per_m2": 3728.0701754385964, "sale_vs_asking": 0.0625, "daft_url": "https://www.daft.ie/sold/1-st-catherines-north-strand-drogheda-louth/912B3CCEB020B4A180258E0B005AB4F5", "not_full_market_price": 0}}, {"type": "Feature", "geometry": {"type": "Point", "coordinates": [-6.343597763017541, 53.72722813575701]}, "properties": {"ppr_id": "cb0dfe0d99e9221b401347a8982d082efe26cf56bf687b4f72ca51332fbaf3f6", "address": "13 AVENUE ONE, YELLOWBATTER, DROGHEDA", "sale_date": "2026-04-30", "price": 227623.47, "property_type": null, "beds": null, "baths": null, "floor_area_m2": null, "ber": null, "asking_price": null, "eur_per_m2": null, "sale_vs_asking": null, "daft_url": "https://www.daft.ie/sold/13-avenue-one-yellowbatter-drogheda-louth/1E6ECFB801EBB71C80258DF6005AB2F9", "not_full_market_price": 0}}, {"type": "Feature", "geometry": {"type": "Point", "coordinates": [-6.3221152562729985, 53.73002098182311]}, "properties": {"ppr_id": "c52a6bd5230faeda19112d53b47f0e911ea6dc50c6c25025376973d7e439b543", "address": "28 Beaulieu Banks, Drogheda", "sale_date": "2026-04-30", "price": 361233.0, "property_type": null, "beds": null, "baths": null, "floor_area_m2": null, "ber": null, "asking_price": null, "eur_per_m2": null, "sale_vs_asking": null, "daft_url": "https://www.daft.ie/sold/28-beaulieu-banks-drogheda-louth/BA68ADC999C4776B80258DF6005AB1C9", "not_full_market_price": 0}}, {"type": "Feature", "geometry": {"type": "Point", "coordinates": [-6.348053015314576, 53.71752012647869]}, "properties": {"ppr_id": "6225160a68a5d1a2e9568247e8ddbb6b2f63f04661a92dd60a66112e3bf32ee8", "address": "3 PLUNKETT COURT, KING ST, DROGHEDA", "sale_date": "2026-04-30", "price": 232000.0, "property_type": "Apartment", "beds": 2.0, "baths": 2.0, "floor_area_m2": null, "ber": "C3", "asking_price": null, "eur_per_m2": null, "sale_vs_asking": null, "daft_url": "https://www.daft.ie/sold/3-plunkett-court-king-st-drogheda-louth/ED378431C8CA354380258DFD005AB5F1", "not_full_market_price": 0}}, {"type": "Feature", "geometry": {"type": "Point", "coordinates": [-6.345941022269235, 53.71792701795989]}, "properties": {"ppr_id": "2bae32082d0915e03249db6b25e5d443b3afb1fbdf373e0876494c8a67227c18", "address": "38 SIENNA, DROGHEDA, CO LOUTH", "sale_date": "2026-04-30", "price": 242500.0, "property_type": "Apartment", "beds": 2.0, "baths": 1.0, "floor_area_m2": 62.0, "ber": "C3", "asking_price": 215000.0, "eur_per_m2": 3911.2903225806454, "sale_vs_asking": 0.12790697674418605, "daft_url": "https://www.daft.ie/sold/38-sienna-drogheda/4AB84DA44F62513080258DEF005AB49C", "not_full_market_price": 0}}, {"type": "Feature", "geometry": {"type": "Point", "coordinates": [-6.353853260761828, 53.71078941698337]}, "properties": {"ppr_id": "8b9682278f46d8cf245998d1a548d10483d82d1b30180448ab05b64b8a8859d9", "address": "83 Listoke Drive, b, Drogheda", "sale_date": "2026-04-30", "price": 386783.0, "property_type": null, "beds": null, "baths": null, "floor_area_m2": null, "ber": null, "asking_price": null, "eur_per_m2": null, "sale_vs_asking": null, "daft_url": "https://www.daft.ie/sold/83-listoke-drive-b-drogheda-louth/840021A80FD9488180258DEF005AB577", "not_full_market_price": 0}}, {"type": "Feature", "geometry": {"type": "Point", "coordinates": [-6.339315959256469, 53.73038302810622]}, "properties": {"ppr_id": "a1ecf481d7e440530890ff247e6277c00f22b5acd5a9ddb75b0ebf56ec065a8f", "address": "153 FOREST PARK, DROGHEDA, LOUTH", "sale_date": "2026-05-05", "price": 297500.0, "property_type": "Semi-D", "beds": 3.0, "baths": 1.0, "floor_area_m2": 77.0, "ber": "D2", "asking_price": 299000.0, "eur_per_m2": 3863.6363636363635, "sale_vs_asking": -0.0050167224080267525, "daft_url": "https://www.daft.ie/sold/153-forest-park-drogheda-louth/07FDEFE3925EC87780258DF6005AB23D", "not_full_market_price": 0}}, {"type": "Feature", "geometry": {"type": "Point", "coordinates": [-6.355630450436359, 53.731995846554355]}, "properties": {"ppr_id": "6db74c9ac8e34b4df4416b21c3f71408842621dce090c67b01fbbfa3226fe669", "address": "2 Usher's Mill Close, Usher's Mill, Drogheda", "sale_date": "2026-05-05", "price": 436123.0, "property_type": null, "beds": null, "baths": null, "floor_area_m2": null, "ber": null, "asking_price": null, "eur_per_m2": null, "sale_vs_asking": null, "daft_url": "https://www.daft.ie/sold/2-ushers-mill-close-ushers-mill-drogheda-louth/AED4A0C482E9290580258E04005AB4F3", "not_full_market_price": 0}}, {"type": "Feature", "geometry": {"type": "Point", "coordinates": [-6.3542631519660855, 53.71373109099293]}, "properties": {"ppr_id": "795c13c059e459485c67a6d42a1cc3a25c290d4f047808aac7b2537bbe5b9d1e", "address": "20 PRESTONS MILL, WELLINGTON QUAY, DROGHEDA", "sale_date": "2026-05-05", "price": 198000.0, "property_type": "Apartment", "beds": 2.0, "baths": 1.0, "floor_area_m2": 54.0, "ber": "BER_PENDING", "asking_price": 190000.0, "eur_per_m2": 3666.6666666666665, "sale_vs_asking": 0.042105263157894646, "daft_url": "https://www.daft.ie/sold/20-prestons-mill-wellington-quay-drogheda-louth/FF54A1E7D043819C80258DF6005AB205", "not_full_market_price": 0}}, {"type": "Feature", "geometry": {"type": "Point", "coordinates": [-6.34663165553764, 53.73323511009209]}, "properties": {"ppr_id": "33116d078840e0612b474605a3fabe24d4dfdf1c071277bec8dd86336fdb1dfc", "address": "20 Ushers Mill, Ballymakenny, Drogheda", "sale_date": "2026-05-05", "price": 343612.0, "property_type": null, "beds": null, "baths": null, "floor_area_m2": null, "ber": null, "asking_price": null, "eur_per_m2": null, "sale_vs_asking": null, "daft_url": "https://www.daft.ie/sold/20-ballymakenny-view-ballymakenny-road-drogheda-louth/3EB366F852BD8DFB80258C2800602F64", "not_full_market_price": 0}}, {"type": "Feature", "geometry": {"type": "Point", "coordinates": [-6.355476095705316, 53.7319248271297]}, "properties": {"ppr_id": "dd1613f2e8c9128c449f9030e2f409f269cbdc570f1b7863137e0b5f49650aca", "address": "6 Usher's Mill Close, Usher's Mill, Drogheda", "sale_date": "2026-05-05", "price": 392070.0, "property_type": null, "beds": null, "baths": null, "floor_area_m2": null, "ber": null, "asking_price": null, "eur_per_m2": null, "sale_vs_asking": null, "daft_url": "https://www.daft.ie/sold/6-ushers-mill-close-ushers-mill-drogheda-louth/49832B26AB42A93780258E04005AB4F5", "not_full_market_price": 0}}, {"type": "Feature", "geometry": {"type": "Point", "coordinates": [-6.391645876664187, 53.74881161795989]}, "properties": {"ppr_id": "cbc0aeefc154c2aedfaab16a5620ee449691a9b13ec4ed750f6fa0691e2675b6", "address": "SELANDIA, KILLINEER, DROGHEDA", "sale_date": "2026-05-05", "price": 750000.0, "property_type": null, "beds": null, "baths": null, "floor_area_m2": null, "ber": null, "asking_price": null, "eur_per_m2": null, "sale_vs_asking": null, "daft_url": "https://www.daft.ie/sold/rosehall-killineer-drogheda-louth/995FE8BB7AE997B58025842500477BCB", "not_full_market_price": 0}}, {"type": "Feature", "geometry": {"type": "Point", "coordinates": [-6.316406945674352, 53.70384178979941]}, "properties": {"ppr_id": "185290b9e4f4d7cd189259c678cbff97d3e7fcb842266e65701262284603a944", "address": "15 FIVE OAKS VILLAGE, DUBLIN ROAD, DROGHEDA", "sale_date": "2026-05-06", "price": 445000.0, "property_type": "Detached", "beds": 3.0, "baths": 3.0, "floor_area_m2": 116.0, "ber": "C3", "asking_price": 395000.0, "eur_per_m2": 3836.206896551724, "sale_vs_asking": 0.12658227848101267, "daft_url": "https://www.daft.ie/sold/15-five-oaks-village-dublin-road-drogheda-louth/623855ACF87BCAF880258DF6005AB3F5", "not_full_market_price": 0}}, {"type": "Feature", "geometry": {"type": "Point", "coordinates": [-6.332261178001224, 53.71938230976658]}, "properties": {"ppr_id": "974123e48e48f168ec351eb91f1baf6a02911aff1824442ef4c7946b12b20753", "address": "31 BEAULIEU MEWS, GREENHILLS, DROGHEDA", "sale_date": "2026-05-06", "price": 200000.0, "property_type": null, "beds": null, "baths": null, "floor_area_m2": null, "ber": "D2", "asking_price": null, "eur_per_m2": null, "sale_vs_asking": null, "daft_url": "https://www.daft.ie/sold/31-beaulieu-mews-greenhills-drogheda-louth/B6C328883A61F06580258DF6005AB341", "not_full_market_price": 0}}, {"type": "Feature", "geometry": {"type": "Point", "coordinates": [-6.335696682514055, 53.72368991720037]}, "properties": {"ppr_id": "a8e06af0f99669771fadff2d7ba3c351aaab89e4986134f27bef18fef373127b", "address": "91 COLLEGE RISE, DROGHEDA, LOUTH", "sale_date": "2026-05-06", "price": 361500.0, "property_type": "Semi-D", "beds": 4.0, "baths": 3.0, "floor_area_m2": 119.0, "ber": "D1", "asking_price": 350000.0, "eur_per_m2": 3037.81512605042, "sale_vs_asking": 0.03285714285714292, "daft_url": "https://www.daft.ie/sold/91-college-rise-drogheda-louth/95B3DB89B6A726DB80258DFD005AB5E0", "not_full_market_price": 0}}, {"type": "Feature", "geometry": {"type": "Point", "coordinates": [-6.394208728505184, 53.726981318827896]}, "properties": {"ppr_id": "f660e1d1a0433638f5903dd414d6c7c35bb34de2695a81a70adbdd74d052c4b2", "address": "106 Gort Mell, Old Slane Road, Drogheda", "sale_date": "2026-05-07", "price": 402439.02, "property_type": null, "beds": null, "baths": null, "floor_area_m2": null, "ber": null, "asking_price": null, "eur_per_m2": null, "sale_vs_asking": null, "daft_url": "https://www.daft.ie/sold/106-gort-mell-old-slane-road-drogheda-louth/96F5A478647351AB80258E0B005AB7B6", "not_full_market_price": 0}}, {"type": "Feature", "geometry": {"type": "Point", "coordinates": [-6.339355022858202, 53.730321027021205]}, "properties": {"ppr_id": "c3ae9f8f1976ea7845fce2b895fdebf420385c340927b3767ee3f67f9b0aeb1e", "address": "66 FOREST PARK, DROGHEDA, LOUTH", "sale_date": "2026-05-07", "price": 320000.0, "property_type": "Bungalow", "beds": 3.0, "baths": 1.0, "floor_area_m2": null, "ber": "D2", "asking_price": 305000.0, "eur_per_m2": null, "sale_vs_asking": 0.049180327868852514, "daft_url": "https://www.daft.ie/sold/66-forest-park-drogheda-louth/F7CED26F2002531A80258E20005AB123", "not_full_market_price": 0}}, {"type": "Feature", "geometry": {"type": "Point", "coordinates": [-6.333707272947336, 53.72682398182311]}, "properties": {"ppr_id": "40e43abc22c129a957167c62202ba7d41cec14b7a827578cda542e890e4fb398", "address": "20 The Chesters, Termonfeckin Road, Drogheda", "sale_date": "2026-05-08", "price": 348017.0, "property_type": null, "beds": null, "baths": null, "floor_area_m2": null, "ber": null, "asking_price": null, "eur_per_m2": null, "sale_vs_asking": null, "daft_url": "https://www.daft.ie/sold/20-the-chesters-termonfeckin-road-drogheda-louth/53FAA1799BAA408980258DFD005AB82E", "not_full_market_price": 0}}, {"type": "Feature", "geometry": {"type": "Point", "coordinates": [-6.320798159806682, 53.704831719153404]}, "properties": {"ppr_id": "0f2b258cbdeeee5dd3829533eee33f2a0d59dcb857d1a54da28b4a608e334582", "address": "5 TERRANO COURT, DUBLIN RD, DROGHEDA", "sale_date": "2026-05-08", "price": 265000.0, "property_type": "Apartment", "beds": 2.0, "baths": 2.0, "floor_area_m2": 79.0, "ber": "C2", "asking_price": 275000.0, "eur_per_m2": 3354.4303797468356, "sale_vs_asking": -0.036363636363636376, "daft_url": "https://www.daft.ie/sold/5-terrano-court-dublin-rd-drogheda-louth/CFDFFC009BCBC49E80258DFD005AB3D0", "not_full_market_price": 0}}, {"type": "Feature", "geometry": {"type": "Point", "coordinates": [-6.384165134017949, 53.721803600705265]}, "properties": {"ppr_id": "960ddba627f6a2273ce5741df9209e0a912be1374dcb80cc88abaa6c99f1b613", "address": "58 Gort Mell, Slane Road, Drogheda", "sale_date": "2026-05-08", "price": 317180.62, "property_type": null, "beds": null, "baths": null, "floor_area_m2": null, "ber": null, "asking_price": null, "eur_per_m2": null, "sale_vs_asking": null, "daft_url": "https://www.daft.ie/sold/58-gort-mell-slane-road-drogheda-louth/7272E3700965B64580258DFD005AB5D7", "not_full_market_price": 0}}, {"type": "Feature", "geometry": {"type": "Point", "coordinates": [-6.356153339747916, 53.708439618610896]}, "properties": {"ppr_id": "046a1cb8b893ebdeee01ac00174b93f3326f9534b86cc34392a52bc560389f96", "address": "93 MARIAN PARK, DROGHEDA, LOUTH", "sale_date": "2026-05-08", "price": 275000.0, "property_type": null, "beds": null, "baths": null, "floor_area_m2": null, "ber": null, "asking_price": null, "eur_per_m2": null, "sale_vs_asking": null, "daft_url": "https://www.daft.ie/sold/93-marian-park-drogheda-louth/56ADE878FC39EF7680258DFD005AB493", "not_full_market_price": 0}}, {"type": "Feature", "geometry": {"type": "Point", "coordinates": [-6.395321650707564, 53.72631254460133]}, "properties": {"ppr_id": "db942068b7ad045243d0848ac14e4b96a3baf1e170b4cb4e1521754af1ae7491", "address": "105 Gort Mell, Old Slane Road, Drogheda", "sale_date": "2026-05-12", "price": 363436.0, "property_type": null, "beds": null, "baths": null, "floor_area_m2": null, "ber": null, "asking_price": null, "eur_per_m2": null, "sale_vs_asking": null, "daft_url": "https://www.daft.ie/sold/105-gort-mell-old-slane-road-drogheda-louth/7E27CDC5879BE71980258E12005AB6EE", "not_full_market_price": 0}}, {"type": "Feature", "geometry": {"type": "Point", "coordinates": [-6.320827677758017, 53.704795645794846]}, "properties": {"ppr_id": "120fcae1daee28a8a0afc93257ec8e031ad046ccf43f575d1846c346519311ad", "address": "8 PRIORY HALL, DUBLIN RD, DROGHEDA", "sale_date": "2026-05-13", "price": 190000.0, "property_type": "Apartment", "beds": 2.0, "baths": 1.0, "floor_area_m2": 89.0, "ber": "Exempt", "asking_price": 180000.0, "eur_per_m2": 2134.8314606741574, "sale_vs_asking": 0.05555555555555558, "daft_url": "https://www.daft.ie/sold/8-priory-hall-dublin-rd-drogheda-louth/C2E2B93245CB7C6980258DFD005AB5E7", "not_full_market_price": 0}}, {"type": "Feature", "geometry": {"type": "Point", "coordinates": [-6.343655025002111, 53.727368909658075]}, "properties": {"ppr_id": "bff43a38a8a2f912b47b7b4f4aca7bad83ba3655921cba9318cd86f022353603", "address": "84 Listoke Drive, Ballymakenny Road", "sale_date": "2026-05-13", "price": 440528.0, "property_type": null, "beds": null, "baths": null, "floor_area_m2": null, "ber": null, "asking_price": null, "eur_per_m2": null, "sale_vs_asking": null, "daft_url": "https://www.daft.ie/sold/84-listoke-elms-ballymakenny-road-drogheda-louth/E57EE01ABDA0FC4280258A14005AB579", "not_full_market_price": 0}}, {"type": "Feature", "geometry": {"type": "Point", "coordinates": [-6.416640687402904, 53.73904393543151]}, "properties": {"ppr_id": "cee3c283757c7668241cb9186a4bdf82287baec5ece1b5eab7e5d44c08c6ef16", "address": "20 ARDA RAITH WOOD, TULLYALLEN, DROGHEDA", "sale_date": "2026-05-15", "price": 330000.0, "property_type": null, "beds": null, "baths": null, "floor_area_m2": null, "ber": null, "asking_price": null, "eur_per_m2": null, "sale_vs_asking": null, "daft_url": "https://www.daft.ie/sold/20-newtown-wood-drogheda-louth/0F56CA22169D2C518025893B0060370F", "not_full_market_price": 0}}, {"type": "Feature", "geometry": {"type": "Point", "coordinates": [-6.343661693921828, 53.72735594579485]}, "properties": {"ppr_id": "f209be8a4ae393dc9e2b3b4de0010367b0708abcf8587a2b682e49ac0dd40ee5", "address": "52 Listoke Drive, Ballymakenny Road, Drogheda", "sale_date": "2026-05-15", "price": 386783.0, "property_type": null, "beds": null, "baths": null, "floor_area_m2": null, "ber": null, "asking_price": null, "eur_per_m2": null, "sale_vs_asking": null, "daft_url": "https://www.daft.ie/sold/52-listoke-drive-ballymakenny-road-drogheda-louth/1182BFD1A9C9A78E80258E04005AB496", "not_full_market_price": 0}}, {"type": "Feature", "geometry": {"type": "Point", "coordinates": [-6.393735592216313, 53.72436411926191]}, "properties": {"ppr_id": "186fac43624c7730a0914b990f8667b2adc172b66be299b8cf33e8d1d9a47903", "address": "60 Gort Mell, Old Slane Road, Drogheda", "sale_date": "2026-05-18", "price": 440088.0, "property_type": null, "beds": null, "baths": null, "floor_area_m2": null, "ber": null, "asking_price": null, "eur_per_m2": null, "sale_vs_asking": null, "daft_url": "https://www.daft.ie/sold/60-gort-mell-old-slane-road-drogheda-louth/764C94FCE080A38580258E0B005AB406", "not_full_market_price": 0}}, {"type": "Feature", "geometry": {"type": "Point", "coordinates": [-6.347110244726026, 53.72424989164395]}, "properties": {"ppr_id": "ad4abf9196e66832fb81aff1bdebcf630ecfe48044d5e343746810e750effaf1", "address": "63 LISTOKE AVENUE, BALLYMAKENNY ROAD, DROGHEDA", "sale_date": "2026-05-19", "price": 450000.0, "property_type": null, "beds": null, "baths": null, "floor_area_m2": null, "ber": null, "asking_price": null, "eur_per_m2": null, "sale_vs_asking": null, "daft_url": "https://www.daft.ie/sold/63-listoke-avenue-ballymakenny-road-drogheda-louth/5F43531E8A0A22D0802587E400602A73", "not_full_market_price": 0}}, {"type": "Feature", "geometry": {"type": "Point", "coordinates": [-6.338824497347639, 53.717430944384326]}, "properties": {"ppr_id": "4a7dc2dbed958c4527830b5adacc6909ed22468ccee0aa2676c0f3b373959dda", "address": "2 RIVERBANK, NORTH STRAND, DROGHEDA", "sale_date": "2026-05-21", "price": 221000.0, "property_type": "Terrace", "beds": 2.0, "baths": 1.0, "floor_area_m2": 72.0, "ber": "C2", "asking_price": 215000.0, "eur_per_m2": 3069.4444444444443, "sale_vs_asking": 0.027906976744185963, "daft_url": "https://www.daft.ie/sold/2-riverbank-north-strand-drogheda-louth/DDC82CDA925C570B80258E0B005AB437", "not_full_market_price": 0}}, {"type": "Feature", "geometry": {"type": "Point", "coordinates": [-6.393594602373297, 53.72423560792205]}, "properties": {"ppr_id": "12046f1197d6e91c2b796a75fac81831bb6f2d79dd48191f7b22c60506966b0e", "address": "55 Gort Mell, Old Slane Road, Drogheda", "sale_date": "2026-05-21", "price": 365638.77, "property_type": null, "beds": null, "baths": null, "floor_area_m2": null, "ber": null, "asking_price": null, "eur_per_m2": null, "sale_vs_asking": null, "daft_url": "https://www.daft.ie/sold/55-gort-mell-old-slane-road-drogheda-louth/0C071C0776FAE2BC80258E0B005AB433", "not_full_market_price": 0}}, {"type": "Feature", "geometry": {"type": "Point", "coordinates": [-6.393611749786636, 53.72432184579485]}, "properties": {"ppr_id": "704b67029a6073034c2813f0cf74e4afce6c935dcda1cc08c7fe7d04ac04a9e2", "address": "156 Gort Mell, Drogheda", "sale_date": "2026-05-22", "price": 233480.0, "property_type": null, "beds": null, "baths": null, "floor_area_m2": null, "ber": null, "asking_price": null, "eur_per_m2": null, "sale_vs_asking": null, "daft_url": "https://www.daft.ie/sold/156-gort-mell-drogheda-louth/39EA5FABE55813E680258E12005AB4E0", "not_full_market_price": 0}}, {"type": "Feature", "geometry": {"type": "Point", "coordinates": [-6.3436378763514085, 53.72738807362981]}, "properties": {"ppr_id": "fa0a0de8734d46b53d64230882a77e87033bc2128d1688602f37465b8dd64b8c", "address": "51 Listoke Drive, Ballymakenny Road, Drogheda", "sale_date": "2026-05-22", "price": 386784.0, "property_type": null, "beds": null, "baths": null, "floor_area_m2": null, "ber": null, "asking_price": null, "eur_per_m2": null, "sale_vs_asking": null, "daft_url": "https://www.daft.ie/sold/51-listoke-drive-ballymakenny-road-drogheda-louth/17F454F8257C273680258E0B005AB589", "not_full_market_price": 0}}, {"type": "Feature", "geometry": {"type": "Point", "coordinates": [-6.343550227692266, 53.72730803586551]}, "properties": {"ppr_id": "02ab63fd8e104a1c00dfb6c90591340b26639b48a1781e94f511cad89800404d", "address": "53 Listoke Drive, Ballymakenny Road, Drogheda", "sale_date": "2026-05-22", "price": 386783.0, "property_type": null, "beds": null, "baths": null, "floor_area_m2": null, "ber": null, "asking_price": null, "eur_per_m2": null, "sale_vs_asking": null, "daft_url": "https://www.daft.ie/sold/53-listoke-drive-ballymakenny-road-drogheda-louth/EBE89B7EF4FCF7A280258E0B005AB3D3", "not_full_market_price": 0}}, {"type": "Feature", "geometry": {"type": "Point", "coordinates": [-6.343564518234517, 53.72732607254479]}, "properties": {"ppr_id": "f5df84ddeb8ec66f71651051a786a3fd6bc6a836b47a906163af814a56c2b683", "address": "57 Listoke Drive, Ballymakenny Road, Drogheda", "sale_date": "2026-05-22", "price": 386783.0, "property_type": null, "beds": null, "baths": null, "floor_area_m2": null, "ber": null, "asking_price": null, "eur_per_m2": null, "sale_vs_asking": null, "daft_url": "https://www.daft.ie/sold/57-listoke-drive-ballymakenny-road-drogheda-louth/507359233B1003AD80258E0B005AB396", "not_full_market_price": 0}}, {"type": "Feature", "geometry": {"type": "Point", "coordinates": [-6.34374648447252, 53.72733509088443]}, "properties": {"ppr_id": "16955cb64b01b67a9c396a7adcd7d28eb1d6761d87fc9a45823108501e64e9c7", "address": "21 Listoke Wood, Ballymakenny Road, Drogheda", "sale_date": "2026-05-25", "price": 416299.0, "property_type": null, "beds": null, "baths": null, "floor_area_m2": null, "ber": null, "asking_price": null, "eur_per_m2": null, "sale_vs_asking": null, "daft_url": "https://www.daft.ie/sold/21-listoke-wood-ballymakenny-road-drogheda-louth/7BBD227C81CC076F80258E0B005AB408", "not_full_market_price": 0}}, {"type": "Feature", "geometry": {"type": "Point", "coordinates": [-6.343723619604918, 53.727337345469344]}, "properties": {"ppr_id": "bb66ab05bb62689e4100287ab665b59e65a1e986fc607c68ccf9bd20a14a7c41", "address": "59 Listoke Drive, Ballymakenny Road, Drogheda", "sale_date": "2026-05-25", "price": 386783.0, "property_type": null, "beds": null, "baths": null, "floor_area_m2": null, "ber": null, "asking_price": null, "eur_per_m2": null, "sale_vs_asking": null, "daft_url": "https://www.daft.ie/sold/59-listoke-drive-ballymakenny-road-drogheda-louth/6EBC7F12FE69C21F80258E0B005AB3ED", "not_full_market_price": 0}}, {"type": "Feature", "geometry": {"type": "Point", "coordinates": [-6.344300407596962, 53.734797935974015]}, "properties": {"ppr_id": "cf23e8765cb4f7eaf0a990b46674fe2c0ea8b2ca2a62bf3485aeaa225e03c6f7", "address": "55 Listoke Drive, Drogheda", "sale_date": "2026-05-26", "price": 440528.63, "property_type": null, "beds": null, "baths": null, "floor_area_m2": null, "ber": null, "asking_price": null, "eur_per_m2": null, "sale_vs_asking": null, "daft_url": "https://www.daft.ie/sold/55-listoke-drive-drogheda-louth/C43AECA4A56862CF80258E2E005AB19C", "not_full_market_price": 0}}, {"type": "Feature", "geometry": {"type": "Point", "coordinates": [-6.343640734459859, 53.727272526153186]}, "properties": {"ppr_id": "ea2804eecc897c556e024df76f93e99f5f86878a52b26c9b79be0ff8ebb565db", "address": "78 Listoke Drive, Ballymakenny Road, Drogheda", "sale_date": "2026-05-26", "price": 386784.14, "property_type": null, "beds": null, "baths": null, "floor_area_m2": null, "ber": null, "asking_price": null, "eur_per_m2": null, "sale_vs_asking": null, "daft_url": "https://www.daft.ie/sold/78-listoke-drive-ballymakenny-road-drogheda-louth/521238F1AAAFB49E80258E29003B5322", "not_full_market_price": 0}}, {"type": "Feature", "geometry": {"type": "Point", "coordinates": [-6.394260173977535, 53.72691142669569]}, "properties": {"ppr_id": "d5d68158892d9fd1926909e5502409ae6e8a340d61937f055672dded641ca875", "address": "109 Gort Mell, Old Slane Road, Drogheda", "sale_date": "2026-05-27", "price": 436123.0, "property_type": "Semi-D", "beds": 4.0, "baths": 2.0, "floor_area_m2": 102.0, "ber": "G", "asking_price": 135000.0, "eur_per_m2": 4275.71568627451, "sale_vs_asking": 2.2305407407407407, "daft_url": "https://www.daft.ie/sold/109-hillview-drogheda-louth/7A37D9AB687A344880257D6400477B69", "not_full_market_price": 0}}, {"type": "Feature", "geometry": {"type": "Point", "coordinates": [-6.336279175079451, 53.721194927997715]}, "properties": {"ppr_id": "45254448b309b2ada12b38a9f55666d6e44b34bc9392cce1ca151394ef11b422", "address": "79A MAPLE DRIVE, DROGHEDA, CO LOUTH", "sale_date": "2026-05-28", "price": 445000.0, "property_type": "Detached", "beds": 5.0, "baths": 3.0, "floor_area_m2": null, "ber": "D1", "asking_price": 445000.0, "eur_per_m2": null, "sale_vs_asking": 0.0, "daft_url": "https://www.daft.ie/sold/79a-maple-drive-drogheda/831D971544860F2E80258E12005AB3DF", "not_full_market_price": 0}}, {"type": "Feature", "geometry": {"type": "Point", "coordinates": [-6.359367529693515, 53.726909226695696]}, "properties": {"ppr_id": "1484dc6d5235c9f2032d3b8526abd4d63e3941e005527f7e8a3feb5c725990b5", "address": "92 MONEYMORE, DROGHEDA, LOUTH", "sale_date": "2026-05-28", "price": 161000.0, "property_type": null, "beds": null, "baths": null, "floor_area_m2": null, "ber": "D1", "asking_price": null, "eur_per_m2": null, "sale_vs_asking": null, "daft_url": "https://www.daft.ie/sold/92-meadow-view-drogheda-louth/E44CC9EA1F770CFA8025800400477958", "not_full_market_price": 0}}, {"type": "Feature", "geometry": {"type": "Point", "coordinates": [-6.354052297726224, 53.716314445469344]}, "properties": {"ppr_id": "82e4eb70d877bd417d71bac9e4ac6d44083512f298f438a8897626c6aa988525", "address": "1 BRENRICK VILLA, 61 FAIR ST, DROGHEDA", "sale_date": "2026-06-02", "price": 1310000.0, "property_type": "Apartment", "beds": 16.0, "baths": 16.0, "floor_area_m2": 370.0, "ber": "C2", "asking_price": 995000.0, "eur_per_m2": 3540.5405405405404, "sale_vs_asking": 0.31658291457286425, "daft_url": "https://www.daft.ie/sold/1-brenrick-villa-61-fair-st-drogheda-louth/257DCF08EAC0730980258E20005AAEF2", "not_full_market_price": 0}}, {"type": "Feature", "geometry": {"type": "Point", "coordinates": [-6.346668816110377, 53.73312181720037]}, "properties": {"ppr_id": "4675877f059b7e732581ccbf06aeb52271da7dbc9cd566434e1cc66b9b72e235", "address": "60 Listoke Drive, Ballymakenny, Drogheda", "sale_date": "2026-06-02", "price": 386784.13, "property_type": null, "beds": null, "baths": null, "floor_area_m2": null, "ber": null, "asking_price": null, "eur_per_m2": null, "sale_vs_asking": null, "daft_url": "https://www.daft.ie/sold/60-listoke-elms-ballymakenny-road-drogheda-louth/2A6FE278CA3DF5A980258ADF00602830", "not_full_market_price": 0}}, {"type": "Feature", "geometry": {"type": "Point", "coordinates": [-6.35987932766935, 53.71686276402599]}, "properties": {"ppr_id": "6d2826c93ccc6ad055ff16af0924d638ef90cc095bed84f31581a878cf8b8212", "address": "76 TRINITY ST, DROGHEDA, LOUTH", "sale_date": "2026-06-02", "price": 226000.0, "property_type": null, "beds": null, "baths": null, "floor_area_m2": null, "ber": null, "asking_price": null, "eur_per_m2": null, "sale_vs_asking": null, "daft_url": "https://www.daft.ie/sold/76-trinity-st-drogheda-louth/B72EACE34708664C80258E20005AAD28", "not_full_market_price": 0}}, {"type": "Feature", "geometry": {"type": "Point", "coordinates": [-6.333723468697696, 53.72679805409665]}, "properties": {"ppr_id": "b2212ef6618c5f13e5314d32f4fcc97424c3318c1b27b5c9a0b37552091a2df6", "address": "15 The Chesters, Termonfeckin Road, Drogheda", "sale_date": "2026-06-03", "price": 374449.0, "property_type": null, "beds": null, "baths": null, "floor_area_m2": null, "ber": null, "asking_price": null, "eur_per_m2": null, "sale_vs_asking": null, "daft_url": "https://www.daft.ie/sold/15-an-rian-termonfeckin-road-drogheda-louth/F9D1F4E4B9CC464E8025842C004775C5", "not_full_market_price": 0}}, {"type": "Feature", "geometry": {"type": "Point", "coordinates": [-6.393754644897801, 53.72431339110143]}, "properties": {"ppr_id": "a3ee542f150feb35b2bd05346e8cc08c278fbcd7c95b79a5df4fc8086451f0af", "address": "82 Gort Mell, Drogheda", "sale_date": "2026-06-03", "price": 370044.05, "property_type": null, "beds": null, "baths": null, "floor_area_m2": null, "ber": null, "asking_price": null, "eur_per_m2": null, "sale_vs_asking": null, "daft_url": "https://www.daft.ie/sold/82-windmill-rd-drogheda-louth/C759A5B9E0F44F4D8025874A00477D3F", "not_full_market_price": 0}}, {"type": "Feature", "geometry": {"type": "Point", "coordinates": [-6.346612224816515, 53.72064322810622]}, "properties": {"ppr_id": "4bf8022e2c91624e7ddd326427ed8328ac3dfdb2ea6feabb6cf84e7c1d601cbd", "address": "167 PEARSE PARK, DROGHEDA, CO LOUTH", "sale_date": "2026-06-04", "price": 235000.0, "property_type": null, "beds": null, "baths": null, "floor_area_m2": null, "ber": null, "asking_price": null, "eur_per_m2": null, "sale_vs_asking": null, "daft_url": "https://www.daft.ie/sold/167-pearse-park-drogheda/1E3B1C20F48DBAB680258E29003B53A7", "not_full_market_price": 0}}, {"type": "Feature", "geometry": {"type": "Point", "coordinates": [-6.344330899514584, 53.734793426804195]}, "properties": {"ppr_id": "d09976c22595b4b033088de006ff42851c6a897ee535e60dab62164fb019b0b8", "address": "58 Listoke Drive, Ballyrnakenny Road, Drogheda", "sale_date": "2026-06-05", "price": 386784.14, "property_type": null, "beds": null, "baths": null, "floor_area_m2": null, "ber": null, "asking_price": null, "eur_per_m2": null, "sale_vs_asking": null, "daft_url": "https://www.daft.ie/sold/58-listoke-avenue-ballymakenny-road-drogheda-louth/71042FE9A17C7F3280258A7F006025FE", "not_full_market_price": 0}}, {"type": "Feature", "geometry": {"type": "Point", "coordinates": [-6.3436931331147814, 53.727314799620245]}, "properties": {"ppr_id": "b5a74fb16de8666b1a076767d87ea24fe7d562f19186a4e226de3778cc84c668", "address": "54 Listoke Drive, Ballymakenny Road, Drogheda", "sale_date": "2026-06-09", "price": 386783.0, "property_type": null, "beds": null, "baths": null, "floor_area_m2": null, "ber": null, "asking_price": null, "eur_per_m2": null, "sale_vs_asking": null, "daft_url": "https://www.daft.ie/sold/54-listoke-elms-ballymakenny-road-drogheda-louth/BFBA82343651B75E80258A6F00602694", "not_full_market_price": 0}}, {"type": "Feature", "geometry": {"type": "Point", "coordinates": [-6.362398065165991, 53.723422964134485]}, "properties": {"ppr_id": "3ae01d8c0d53f87e2a950253743b3d247da208abb38e1d1b46ed2acd9ed4e443", "address": "103 Seven Winds, North Road, Drogheda", "sale_date": "2026-06-10", "price": 374405.0, "property_type": null, "beds": null, "baths": null, "floor_area_m2": null, "ber": null, "asking_price": null, "eur_per_m2": null, "sale_vs_asking": null, "daft_url": "https://www.daft.ie/sold/103-seven-winds-north-road-drogheda-louth/0DD7CDB6D66FBA0F80258E20005AB00F", "not_full_market_price": 0}}, {"type": "Feature", "geometry": {"type": "Point", "coordinates": [-6.355536122545166, 53.732003737601545]}, "properties": {"ppr_id": "727fd3ade01a6b0fc7c8073de626501916099a4a81d2d543d1a2b4db08a0bdb1", "address": "2 Ushers mill view, Usher's Mill, Drogheda", "sale_date": "2026-06-10", "price": 422907.0, "property_type": null, "beds": null, "baths": null, "floor_area_m2": null, "ber": null, "asking_price": null, "eur_per_m2": null, "sale_vs_asking": null, "daft_url": "https://www.daft.ie/sold/2-ushers-mill-view-ushers-mill-drogheda-louth/E0585460D4B3323380258E3C005AB309", "not_full_market_price": 0}}, {"type": "Feature", "geometry": {"type": "Point", "coordinates": [-6.3165269193804034, 53.70385531730887]}, "properties": {"ppr_id": "7fc8205174e4f31eea8364aa6e59ce65b5617c3c91b334889f533374df26825b", "address": "12 PRIORY HALL, DUBLIN ROAD, DROGHEDA", "sale_date": "2026-06-11", "price": 172000.0, "property_type": "Apartment", "beds": 1.0, "baths": 1.0, "floor_area_m2": null, "ber": "D1", "asking_price": 170000.0, "eur_per_m2": null, "sale_vs_asking": 0.0117647058823529, "daft_url": "https://www.daft.ie/sold/12-priory-hall-dublin-road-drogheda-louth/D3A856DA9469689280258E20005AAF47", "not_full_market_price": 0}}, {"type": "Feature", "geometry": {"type": "Point", "coordinates": [-6.316455506460135, 53.70393535507317]}, "properties": {"ppr_id": "71dec1945096235a8603859ced34d0b6ea1f2bebbffc5f90b2f772f721b11ac2", "address": "15 PRIORY HALL, DUBLIN ROAD, DROGHEDA", "sale_date": "2026-06-11", "price": 200000.0, "property_type": "Apartment", "beds": 2.0, "baths": 1.0, "floor_area_m2": null, "ber": "C3", "asking_price": 200000.0, "eur_per_m2": null, "sale_vs_asking": 0.0, "daft_url": "https://www.daft.ie/sold/15-priory-hall-dublin-road-drogheda-louth/67F236AAF58DC43A80258E20005AACD7", "not_full_market_price": 0}}, {"type": "Feature", "geometry": {"type": "Point", "coordinates": [-6.34367884257253, 53.72726858062959]}, "properties": {"ppr_id": "c8a386b586899e76adf77228c228e6210440dfbe1f05e66f1bcbe7df39d83886", "address": "50 Listoke Drive, Ballymakenny Road, drogheda", "sale_date": "2026-06-11", "price": 378854.0, "property_type": null, "beds": null, "baths": null, "floor_area_m2": null, "ber": null, "asking_price": null, "eur_per_m2": null, "sale_vs_asking": null, "daft_url": "https://www.daft.ie/sold/50-listoke-drive-ballymakenny-road-drogheda-louth/021A085A940A578B80258E20005AAEB0", "not_full_market_price": 0}}, {"type": "Feature", "geometry": {"type": "Point", "coordinates": [-6.359820274835206, 53.7168486728703]}, "properties": {"ppr_id": "81a587c71e585b91edbc95647f1afbd1b1fa56dd8592e81e1d95c4f6fdb39d39", "address": "68 TRINITY ST, DROGHEDA, LOUTH", "sale_date": "2026-06-11", "price": 225000.0, "property_type": null, "beds": null, "baths": null, "floor_area_m2": null, "ber": "B3", "asking_price": null, "eur_per_m2": null, "sale_vs_asking": null, "daft_url": "https://www.daft.ie/sold/68-trinity-st-drogheda-louth/912233D5011E3C3080258E20005AAD7C", "not_full_market_price": 0}}, {"type": "Feature", "geometry": {"type": "Point", "coordinates": [-6.34658973078891, 53.733163527021205]}, "properties": {"ppr_id": "32965595c207fd8a3f6890d175ff17a44e28048d5751e53cfc53a1b454d67942", "address": "9 Ushers Mill Drive, Ballymakenny, Drogheda", "sale_date": "2026-06-11", "price": 361233.48, "property_type": null, "beds": null, "baths": null, "floor_area_m2": null, "ber": null, "asking_price": null, "eur_per_m2": null, "sale_vs_asking": null, "daft_url": "https://www.daft.ie/sold/9-ushers-mill-rise-ushers-mill-drogheda-louth/A8DA5B2BCD20E9A980258E4A005AB173", "not_full_market_price": 0}}, {"type": "Feature", "geometry": {"type": "Point", "coordinates": [-6.3595466361434365, 53.7269791188279]}, "properties": {"ppr_id": "d76afb0a68d44396e96186cc006520353f2de66ab91386761b28f3bedccf40ee", "address": "110 MONEYMORE, DROGHEDA, LOUTH", "sale_date": "2026-06-15", "price": 120000.0, "property_type": "End of Terrace", "beds": 3.0, "baths": 1.0, "floor_area_m2": null, "ber": "F", "asking_price": 150000.0, "eur_per_m2": null, "sale_vs_asking": -0.19999999999999996, "daft_url": "https://www.daft.ie/sold/110-moneymore-drogheda-louth/586282A64CF8BCD780258E35005AB164", "not_full_market_price": 0}}, {"type": "Feature", "geometry": {"type": "Point", "coordinates": [-6.356071444155708, 53.70845427341281]}, "properties": {"ppr_id": "f08cd8e8277c861a5b4cfcebaa88ced73532b5a284cfa79e1306257217f9f9a7", "address": "107 MARIAN PK, DROGHEDA, LOUTH", "sale_date": "2026-06-18", "price": 282500.0, "property_type": "End of Terrace", "beds": 3.0, "baths": 1.0, "floor_area_m2": null, "ber": "F", "asking_price": null, "eur_per_m2": null, "sale_vs_asking": null, "daft_url": "https://www.daft.ie/sold/107-marian-pk-drogheda-louth/37FEBB6EE2E51BB580258E20005AB108", "not_full_market_price": 0}}, {"type": "Feature", "geometry": {"type": "Point", "coordinates": [-6.333838744332604, 53.72682567276179]}, "properties": {"ppr_id": "9f9aebf65bc4a1c81d1a85df9d84a0788b0592c47148b41ec1e6f0f226764b0c", "address": "17 The Chesters, Termonfeckin Road, Drogheda", "sale_date": "2026-06-18", "price": 334801.76, "property_type": null, "beds": null, "baths": null, "floor_area_m2": null, "ber": null, "asking_price": null, "eur_per_m2": null, "sale_vs_asking": null, "daft_url": "https://www.daft.ie/sold/17-the-chesters-termonfeckin-road-drogheda-louth/7BB456D993FAD70680258E29003B5531", "not_full_market_price": 0}}, {"type": "Feature", "geometry": {"type": "Point", "coordinates": [-6.3595313930413155, 53.72688724449283]}, "properties": {"ppr_id": "4b2f829208be39f9125a29e47b59faf194da4c50928c13c9807cd7c50235bdae", "address": "244 MONEYMORE, DROGHEDA, LOUTH", "sale_date": "2026-06-19", "price": 226000.0, "property_type": "End of Terrace", "beds": 3.0, "baths": 1.0, "floor_area_m2": 81.0, "ber": "D1", "asking_price": null, "eur_per_m2": 2790.1234567901233, "sale_vs_asking": null, "daft_url": "https://www.daft.ie/sold/244-moneymore-drogheda-louth/815A3B4F6933878D80258E20005AB149", "not_full_market_price": 0}}, {"type": "Feature", "geometry": {"type": "Point", "coordinates": [-6.343723619604918, 53.72738525539867]}, "properties": {"ppr_id": "a54c95b00ce607d5bb5991e7afe5dad673640a3cbee86c42f63a28d62bf65210", "address": "29 Listoke Wood, Ballymakenny Road, Drogheda", "sale_date": "2026-06-19", "price": 422025.0, "property_type": null, "beds": null, "baths": null, "floor_area_m2": null, "ber": null, "asking_price": null, "eur_per_m2": null, "sale_vs_asking": null, "daft_url": "https://www.daft.ie/sold/29-listoke-wood-ballymakenny-road-drogheda-louth/093B7FCD94497C6180258E29003B534A", "not_full_market_price": 0}}, {"type": "Feature", "geometry": {"type": "Point", "coordinates": [-6.371772011865979, 53.70661859951174]}, "properties": {"ppr_id": "12afdb4ecf831f8fdceb614a9b9b538d8383c79309642633944fdf1bcf908f88", "address": "53 CEDARFIELD, DONORE RD, DROGHEDA", "sale_date": "2026-06-19", "price": 216000.0, "property_type": null, "beds": null, "baths": null, "floor_area_m2": null, "ber": null, "asking_price": null, "eur_per_m2": null, "sale_vs_asking": null, "daft_url": "https://www.daft.ie/sold/53-cedarfield-donore-rd-drogheda-louth/68B27DDD4DB7218280258E2E005AAE58", "not_full_market_price": 0}}, {"type": "Feature", "geometry": {"type": "Point", "coordinates": [-6.324762863394987, 53.70414809983725]}, "properties": {"ppr_id": "c57397538e1ca00ecceba28e558318d1cc13b792ffc065c9e549233def20d5b3", "address": "57 FIVE OAKS, DROGHEDA, CO. LOUTH", "sale_date": "2026-06-22", "price": 375000.0, "property_type": null, "beds": null, "baths": null, "floor_area_m2": null, "ber": null, "asking_price": null, "eur_per_m2": null, "sale_vs_asking": null, "daft_url": "https://www.daft.ie/sold/57-five-oaks-drogheda/1A328BF62FB8DA2180258E29003B52A4", "not_full_market_price": 0}}, {"type": "Feature", "geometry": {"type": "Point", "coordinates": [-6.32904916404119, 53.710156118936396]}, "properties": {"ppr_id": "42597cb93fde644d333e646f571ce0a09d4288033802376191ebf399c33dcb9b", "address": "6 ACORN WAY, WHEATON HALL, DROGHEDA", "sale_date": "2026-06-22", "price": 320000.0, "property_type": "Bungalow", "beds": 3.0, "baths": 2.0, "floor_area_m2": 102.0, "ber": "D1", "asking_price": 325000.0, "eur_per_m2": 3137.2549019607845, "sale_vs_asking": -0.01538461538461533, "daft_url": "https://www.daft.ie/sold/6-acorn-way-wheaton-hall-drogheda-louth/3CBE670889B4B8BF80258E29003B55EF", "not_full_market_price": 0}}, {"type": "Feature", "geometry": {"type": "Point", "coordinates": [-6.355498963072878, 53.73193891828539]}, "properties": {"ppr_id": "6b945b154176178ed1204184f5d0bc3c71dcb46a6672a88e40d2cf165bbab255", "address": "65 Usher's Mill Avenue, Usher's Mill, Drogheda", "sale_date": "2026-06-22", "price": 363877.0, "property_type": null, "beds": null, "baths": null, "floor_area_m2": null, "ber": null, "asking_price": null, "eur_per_m2": null, "sale_vs_asking": null, "daft_url": "https://www.daft.ie/sold/65-ushers-mill-avenue-ushers-mill-drogheda-louth/AE3E02E574FE4E2680258E2E005AB12E", "not_full_market_price": 0}}, {"type": "Feature", "geometry": {"type": "Point", "coordinates": [-6.320795303230746, 53.70481762799771]}, "properties": {"ppr_id": "0dce51f1cc12127b944bb65219a37c3102bb8a04fda0bbead311b3620ffdd6a5", "address": "2 LONGWOOD, DUBLIN RD, DROGHEDA", "sale_date": "2026-06-23", "price": 405000.0, "property_type": "Semi-D", "beds": 3.0, "baths": 3.0, "floor_area_m2": 114.0, "ber": "D1", "asking_price": 395000.0, "eur_per_m2": 3552.6315789473683, "sale_vs_asking": 0.025316455696202445, "daft_url": "https://www.daft.ie/sold/2-longwood-dublin-rd-drogheda-louth/9FF29C11DF98001680258E2E005AB025", "not_full_market_price": 0}}, {"type": "Feature", "geometry": {"type": "Point", "coordinates": [-6.333818737817454, 53.72679692680419]}, "properties": {"ppr_id": "90c07cec12591ab1860ca770bee4552db86c6bad12a2cfc407abe04843b1f3c3", "address": "18 The Chesters, Termonfeckin Road, Drogheda", "sale_date": "2026-06-24", "price": 334801.0, "property_type": null, "beds": null, "baths": null, "floor_area_m2": null, "ber": null, "asking_price": null, "eur_per_m2": null, "sale_vs_asking": null, "daft_url": "https://www.daft.ie/sold/18-the-chesters-termonfeckin-road-drogheda-louth/B1EC9110BC19ECD080258E29003B5670", "not_full_market_price": 0}}, {"type": "Feature", "geometry": {"type": "Point", "coordinates": [-6.350861838967781, 53.708727737059036]}, "properties": {"ppr_id": "307016e49913fa93e85b11f1a8c679df2b0e2478bb5561c82f37166b7a00dd9c", "address": "19 SILK PARK, PLATIN ROAD, DROGHEDA", "sale_date": "2026-06-24", "price": 370000.0, "property_type": "End of Terrace", "beds": 3.0, "baths": 3.0, "floor_area_m2": null, "ber": "B3", "asking_price": 320000.0, "eur_per_m2": null, "sale_vs_asking": 0.15625, "daft_url": "https://www.daft.ie/sold/19-silk-park-platin-road-drogheda-louth/097888F47958448880258E29003B5672", "not_full_market_price": 0}}, {"type": "Feature", "geometry": {"type": "Point", "coordinates": [-6.362351387104149, 53.72338745442215]}, "properties": {"ppr_id": "7e1d693f34444f360fbcd440471f108e64b5657eb762f97864636f3a7e4c6c94", "address": "100 Seven Winds, North Road, Drogheda", "sale_date": "2026-06-25", "price": 370000.0, "property_type": null, "beds": null, "baths": null, "floor_area_m2": null, "ber": null, "asking_price": null, "eur_per_m2": null, "sale_vs_asking": null, "daft_url": "https://www.daft.ie/sold/100-seven-winds-north-road-drogheda-louth/C3A04C802B2EC56880258E2E005AB118", "not_full_market_price": 0}}, {"type": "Feature", "geometry": {"type": "Point", "coordinates": [-6.353092600899165, 53.714391654639165]}, "properties": {"ppr_id": "4e8d7ac171dbbddb5505c57bf35af33a824f5df855a86c19ed108601a03c39b0", "address": "5 STOCKWELL CLOSE, STOCKWELL ST, DROGHEDA", "sale_date": "2026-06-25", "price": 140000.0, "property_type": "Apartment", "beds": 1.0, "baths": 1.0, "floor_area_m2": 4753.0, "ber": "D1", "asking_price": null, "eur_per_m2": 29.455081001472752, "sale_vs_asking": null, "daft_url": "https://www.daft.ie/sold/5-stockwell-close-stockwell-st-drogheda-louth/EDD9337C7BD79C1C80258E2E005AAD3D", "not_full_market_price": 0}}, {"type": "Feature", "geometry": {"type": "Point", "coordinates": [-6.35526431064188, 53.71782360792205]}, "properties": {"ppr_id": "3be8715ceab0a804e8b1673eea2eb615b86ffe84a1f53a6c894fcec8320ba020", "address": "29 PATRICK ST, DROGHEDA, LOUTH", "sale_date": "2026-06-26", "price": 245000.0, "property_type": "Terrace", "beds": 2.0, "baths": 1.0, "floor_area_m2": 65.0, "ber": "E1", "asking_price": 240000.0, "eur_per_m2": 3769.230769230769, "sale_vs_asking": 0.02083333333333326, "daft_url": "https://www.daft.ie/sold/29-patrick-st-drogheda-louth/CF5BE46AF3691D1580258E35005AADB1", "not_full_market_price": 0}}, {"type": "Feature", "geometry": {"type": "Point", "coordinates": [-6.3540980154767395, 53.71635728258263]}, "properties": {"ppr_id": "56b376cdeb5058d551988aa087fb13cc495d7437d6cabb5ba95a7d36909fb3bb", "address": "12 FAIR HOUSE, FAIR STREET, DROGHEDA", "sale_date": "2026-06-29", "price": 127500.0, "property_type": null, "beds": null, "baths": null, "floor_area_m2": null, "ber": null, "asking_price": null, "eur_per_m2": null, "sale_vs_asking": null, "daft_url": "https://www.daft.ie/sold/12-fair-house-fair-street-drogheda-louth/D994CA19D6B8F20280258E35005AB091", "not_full_market_price": 0}}, {"type": "Feature", "geometry": {"type": "Point", "coordinates": [-6.35559805499898, 53.731976682582626]}, "properties": {"ppr_id": "018c5dce81aa95de480e89cab0ce8db67fa428459fbb687675e7e4a010869182", "address": "17 Usher's Mill Rise, Usher's Mill, Drogheda", "sale_date": "2026-06-29", "price": 361233.48, "property_type": null, "beds": null, "baths": null, "floor_area_m2": null, "ber": null, "asking_price": null, "eur_per_m2": null, "sale_vs_asking": null, "daft_url": "https://www.daft.ie/sold/17-ushers-mill-rise-ushers-mill-drogheda-louth/486456FB9AF2BCAA80258E35005AAE18", "not_full_market_price": 0}}, {"type": "Feature", "geometry": {"type": "Point", "coordinates": [-6.358711313466865, 53.72120544622885]}, "properties": {"ppr_id": "6f3682132f7b05ffd8971fca74f4bb302167f49b44e8917ed3b02a3fba9cdc36", "address": "49 OAKLAWNS, NORTH RD, DROGHEDA", "sale_date": "2026-06-29", "price": 305000.0, "property_type": "Semi-D", "beds": 3.0, "baths": 2.0, "floor_area_m2": null, "ber": "D2", "asking_price": 275000.0, "eur_per_m2": null, "sale_vs_asking": 0.10909090909090913, "daft_url": "https://www.daft.ie/sold/49-oaklawns-north-rd-drogheda-louth/FF7FD32FB536831380258E35005AACC0", "not_full_market_price": 0}}, {"type": "Feature", "geometry": {"type": "Point", "coordinates": [-6.343700754737315, 53.727326636191016]}, "properties": {"ppr_id": "43fa410557a79114ea7767d046d263161a9019c4e9fb299d079a3f0243483e28", "address": "62 Listoke Drive, Ballymakenny Road, Drogheda", "sale_date": "2026-06-29", "price": 440528.63, "property_type": null, "beds": null, "baths": null, "floor_area_m2": null, "ber": null, "asking_price": null, "eur_per_m2": null, "sale_vs_asking": null, "daft_url": "https://www.daft.ie/sold/62-listoke-drive-ballymakenny-road-drogheda-louth/E8B0C9CA5605F95C80258E35005AACA6", "not_full_market_price": 0}}, {"type": "Feature", "geometry": {"type": "Point", "coordinates": [-6.351010460914316, 53.709751527129704]}, "properties": {"ppr_id": "fd913c205c927220d908505751f11f41fd25436943e97692047bd5ee90e4fa31", "address": "3 DULEEK GATE, PRIEST LANE, DROGHEDA", "sale_date": "2026-06-30", "price": 285000.0, "property_type": "Semi-D", "beds": 3.0, "baths": 1.0, "floor_area_m2": 62.0, "ber": "E1", "asking_price": 295000.0, "eur_per_m2": 4596.774193548387, "sale_vs_asking": -0.03389830508474578, "daft_url": "https://www.daft.ie/sold/3-duleek-gate-priest-lane-drogheda-louth/087C63201CAE842080258E3C005AB18B", "not_full_market_price": 0}}, {"type": "Feature", "geometry": {"type": "Point", "coordinates": [-6.343734099335903, 53.727396528323226]}, "properties": {"ppr_id": "8ccc64ee9c678c3c1b1d7914b2c4c9301eb2cd992592a8d4f46b78cc23f00369", "address": "30 Listoke Wood, Ballymakenny Road, Drogheda", "sale_date": "2026-06-30", "price": 422025.0, "property_type": null, "beds": null, "baths": null, "floor_area_m2": null, "ber": null, "asking_price": null, "eur_per_m2": null, "sale_vs_asking": null, "daft_url": "https://www.daft.ie/sold/30-listoke-wood-ballymakenny-road-drogheda-louth/6ECC9E609C5B977580258E2E005AAEE0", "not_full_market_price": 0}}, {"type": "Feature", "geometry": {"type": "Point", "coordinates": [-6.31239220941107, 53.72156409994575]}, "properties": {"ppr_id": "9c6b6d5354c98775cb2118cd19bdb3bb65a8c1eecd4fa1aa8e51b4619125639d", "address": "NEWTOWNSTALABAN, DROGHEDA, LOUTH", "sale_date": "2026-06-30", "price": 360000.0, "property_type": "Detached", "beds": 3.0, "baths": 2.0, "floor_area_m2": null, "ber": "D2", "asking_price": null, "eur_per_m2": null, "sale_vs_asking": null, "daft_url": "https://www.daft.ie/sold/cherrygarth-newtownstalaban-drogheda-louth/823AE30987BDE88480258D08005AB223", "not_full_market_price": 0}}, {"type": "Feature", "geometry": {"type": "Point", "coordinates": [-6.343561660126067, 53.72731423597401]}, "properties": {"ppr_id": "8726c1622c2f44918125865839c3d0912ebd1607dabb5f0826882117435d53ce", "address": "34 Listoke Wood, Ballymakenny Road, Drogheda", "sale_date": "2026-07-01", "price": 413215.86, "property_type": null, "beds": null, "baths": null, "floor_area_m2": null, "ber": null, "asking_price": null, "eur_per_m2": null, "sale_vs_asking": null, "daft_url": "https://www.daft.ie/sold/34-listoke-wood-ballymakenny-road-drogheda-louth/F1165CFF2E78357780258E51005AB093", "not_full_market_price": 0}}, {"type": "Feature", "geometry": {"type": "Point", "coordinates": [-6.343723619604918, 53.72727139886073]}, "properties": {"ppr_id": "13ea7c7efc01b9f522b48f30b988389643bd9579d2c16b47f2ae07b65d1ee0a0", "address": "35 Listoke Wood, Ballymakenny Road, Drogheda", "sale_date": "2026-07-01", "price": 413215.86, "property_type": null, "beds": null, "baths": null, "floor_area_m2": null, "ber": null, "asking_price": null, "eur_per_m2": null, "sale_vs_asking": null, "daft_url": "https://www.daft.ie/sold/35-listoke-wood-ballymakenny-road-drogheda-louth/E18D53799174CA5880258E35005AAEBE", "not_full_market_price": 0}}, {"type": "Feature", "geometry": {"type": "Point", "coordinates": [-6.355666657101666, 53.73190059034192]}, "properties": {"ppr_id": "b682815bed46843c7bed72d94e3cdeb31daaf4f3add30aec52fbe45b59f6652f", "address": "35 Usher's Mill Drive, Usher's Mill, Drogheda", "sale_date": "2026-07-01", "price": 396476.0, "property_type": null, "beds": null, "baths": null, "floor_area_m2": null, "ber": null, "asking_price": null, "eur_per_m2": null, "sale_vs_asking": null, "daft_url": "https://www.daft.ie/sold/35-ushers-mill-drive-ushers-mill-drogheda-louth/21641385357D5F9280258E43005AB088", "not_full_market_price": 0}}, {"type": "Feature", "geometry": {"type": "Point", "coordinates": [-6.310331680185865, 53.70419039929473]}, "properties": {"ppr_id": "f2e701e8a32cac73759300f513bbb4899fc4955865316d49560ff61405527698", "address": "66 PARK LANE, GRANGE RATH DUBLIN ROAD, DROGHEDA", "sale_date": "2026-07-01", "price": 420000.0, "property_type": "Semi-D", "beds": 4.0, "baths": 3.0, "floor_area_m2": 124.5, "ber": "C2", "asking_price": 420000.0, "eur_per_m2": 3373.4939759036147, "sale_vs_asking": 0.0, "daft_url": "https://www.daft.ie/sold/66-park-lane-grange-rath-dublin-road-drogheda-louth/97CCEAD5DFAEA80D80258E58005AB6A2", "not_full_market_price": 0}}, {"type": "Feature", "geometry": {"type": "Point", "coordinates": [-6.39530164441243, 53.72639540059676]}, "properties": {"ppr_id": "4fd1acadb0d059777ac480fef312f3a85ebeb59d7608ee37379acef86397fa4a", "address": "86 Gort Mell, Old Slane Road, Drogheda", "sale_date": "2026-07-01", "price": 361233.48, "property_type": null, "beds": null, "baths": null, "floor_area_m2": null, "ber": null, "asking_price": null, "eur_per_m2": null, "sale_vs_asking": null, "daft_url": "https://www.daft.ie/sold/86-gort-mell-old-slane-road-drogheda-louth/2773A78A6578400B80258E2E005AAFBE", "not_full_market_price": 0}}, {"type": "Feature", "geometry": {"type": "Point", "coordinates": [-6.362418070049637, 53.72339139994575]}, "properties": {"ppr_id": "fc6c17cf0e598b302fdb99f6887641dc3b064f89e022cb6ea646cd90f90af07e", "address": "107 SEVEN WINDS, NORTH ROAD, DROGHEDA", "sale_date": "2026-07-02", "price": 409647.58, "property_type": null, "beds": null, "baths": null, "floor_area_m2": null, "ber": null, "asking_price": null, "eur_per_m2": null, "sale_vs_asking": null, "daft_url": "https://www.daft.ie/sold/107-seven-winds-north-road-drogheda-louth/8D4CECE0F69A2BFC80258E35005AAF31", "not_full_market_price": 0}}, {"type": "Feature", "geometry": {"type": "Point", "coordinates": [-6.3863682065410075, 53.68418429951174]}, "properties": {"ppr_id": "b6d9ca0b440d05d859881cf98807df8e6754e984f1abca2309a8cf63d6587463", "address": "119  kestrel manor, platin, drogheda", "sale_date": "2026-07-02", "price": 360353.0, "property_type": null, "beds": null, "baths": null, "floor_area_m2": null, "ber": null, "asking_price": null, "eur_per_m2": null, "sale_vs_asking": null, "daft_url": "https://www.daft.ie/sold/119-kestrel-manor-platin-drogheda-louth/1CB321CE2544C24980258E35005AAC86", "not_full_market_price": 0}}, {"type": "Feature", "geometry": {"type": "Point", "coordinates": [-6.362425690957693, 53.72332658062959]}, "properties": {"ppr_id": "b11dbd96d62c9b4ded8430c976f0234de9da91871b25bbffc0a88b19e46c3056", "address": "97 Seven Winds, North Road, Drogheda", "sale_date": "2026-07-02", "price": 312732.0, "property_type": null, "beds": null, "baths": null, "floor_area_m2": null, "ber": null, "asking_price": null, "eur_per_m2": null, "sale_vs_asking": null, "daft_url": "https://www.daft.ie/sold/97-seven-winds-north-road-drogheda-louth/76F715C487744A4A80258E2E005AB03F", "not_full_market_price": 0}}, {"type": "Feature", "geometry": {"type": "Point", "coordinates": [-6.346830913729836, 53.71465501774288]}, "properties": {"ppr_id": "bb4144c398f390d4baf2516cc0c24251720b393aadd842ce77ea2b92c8ce1db9", "address": "12B KERMON HOUSE, THE MALL, DROGHEDA", "sale_date": "2026-07-03", "price": 145000.0, "property_type": "Apartment", "beds": 1.0, "baths": 1.0, "floor_area_m2": 36.0, "ber": "F", "asking_price": 145000.0, "eur_per_m2": 4027.777777777778, "sale_vs_asking": 0.0, "daft_url": "https://www.daft.ie/sold/12b-kermon-house-the-mall-drogheda-louth/9C5F5F75F7C039C080258E35005AB045", "not_full_market_price": 0}}, {"type": "Feature", "geometry": {"type": "Point", "coordinates": [-6.355561848333673, 53.731912990558925]}, "properties": {"ppr_id": "97601c9ae273afb05bd1ea57d4b101b5d380fdeb7bdcbe49701f64274072f123", "address": "18 Usher's Mill Rise, Usher's Mill, Drogheda", "sale_date": "2026-07-03", "price": 348017.62, "property_type": null, "beds": null, "baths": null, "floor_area_m2": null, "ber": null, "asking_price": null, "eur_per_m2": null, "sale_vs_asking": null, "daft_url": "https://www.daft.ie/sold/18-ushers-mill-rise-ushers-mill-drogheda-louth/5AD8353AA9B4CF2280258E4A005AB3BA", "not_full_market_price": 0}}, {"type": "Feature", "geometry": {"type": "Point", "coordinates": [-6.322918680993285, 53.72802597156827]}, "properties": {"ppr_id": "d6197eda8a8f72f14b8113d589acc09bc3b6d3ec5c3a9567f988f3d44ec28bfd", "address": "25 NEWTOWN WOOD, TERMONFECKIN ROAD, DROGHEDA", "sale_date": "2026-07-03", "price": 415000.0, "property_type": "Semi-D", "beds": 3.0, "baths": 4.0, "floor_area_m2": null, "ber": "A2", "asking_price": null, "eur_per_m2": null, "sale_vs_asking": null, "daft_url": "https://www.daft.ie/sold/25-newtown-wood-termonfeckin-road-drogheda-louth/297AADEC87A8A11380258E35005AB116", "not_full_market_price": 0}}, {"type": "Feature", "geometry": {"type": "Point", "coordinates": [-6.3277353542197226, 53.73031849066743]}, "properties": {"ppr_id": "d10d90fe1e832796eb0e5bba64909131f055a0e60ba015b6a44fd2b1f713e9ca", "address": "154 Beaulieu Village, Termonfeckin Road, Drogheda", "sale_date": "2026-07-06", "price": 198238.0, "property_type": null, "beds": null, "baths": null, "floor_area_m2": null, "ber": null, "asking_price": null, "eur_per_m2": null, "sale_vs_asking": null, "daft_url": "https://www.daft.ie/sold/154-beaulieu-village-termonfeckin-road-drogheda-louth/84792081C6108BB180258E5F005AB8D6", "not_full_market_price": 0}}, {"type": "Feature", "geometry": {"type": "Point", "coordinates": [-6.328155598028322, 53.729823436299526]}, "properties": {"ppr_id": "1156d099ce8008e42873416a46398e2da693180c69f83a80c29a4849aa1011e6", "address": "163 BEAULIEU VILLAGE, Termonfeckin Road, Drogheda", "sale_date": "2026-07-06", "price": 202643.0, "property_type": null, "beds": null, "baths": null, "floor_area_m2": null, "ber": null, "asking_price": null, "eur_per_m2": null, "sale_vs_asking": null, "daft_url": "https://www.daft.ie/sold/163-beaulieu-village-termonfeckin-road-drogheda-louth/06E9D18E6C38816880258E5F005AB8C7", "not_full_market_price": 0}}, {"type": "Feature", "geometry": {"type": "Point", "coordinates": [-6.343532126338747, 53.727337345469344]}, "properties": {"ppr_id": "87cffd13ccfab75277a14b3cb3e3188855d032a581df6a22e73336da2e78f037", "address": "39 Listoke Wood, Ballymakenny Road, Drogheda", "sale_date": "2026-07-06", "price": 416299.56, "property_type": null, "beds": null, "baths": null, "floor_area_m2": null, "ber": null, "asking_price": null, "eur_per_m2": null, "sale_vs_asking": null, "daft_url": "https://www.daft.ie/sold/39-listoke-wood-ballymakenny-road-drogheda-louth/101080A6CCBE57E280258E35005AB185", "not_full_market_price": 0}}, {"type": "Feature", "geometry": {"type": "Point", "coordinates": [-6.362383775963386, 53.72334969012491]}, "properties": {"ppr_id": "3fd9b155fdb4988d92218e25d106a4e635d043c7a619cbc6078f8aa97ded5c7f", "address": "99 Seven Winds, North Road, Drogheda", "sale_date": "2026-07-06", "price": 422863.44, "property_type": null, "beds": null, "baths": null, "floor_area_m2": null, "ber": null, "asking_price": null, "eur_per_m2": null, "sale_vs_asking": null, "daft_url": "https://www.daft.ie/sold/99-seven-winds-north-road-drogheda-louth/EC7D8F51AE003C0080258E58005AB96B", "not_full_market_price": 0}}, {"type": "Feature", "geometry": {"type": "Point", "coordinates": [-6.343673126355629, 53.72734523651653]}, "properties": {"ppr_id": "a85019d759ac2d7c57fa9b21e46a9ba686bbbd831dae3841ed8433a98408e200", "address": "31 Listoke Wood, Ballymakenny Road, Drogheda", "sale_date": "2026-07-07", "price": 413216.0, "property_type": null, "beds": null, "baths": null, "floor_area_m2": null, "ber": null, "asking_price": null, "eur_per_m2": null, "sale_vs_asking": null, "daft_url": "https://www.daft.ie/sold/31-listoke-wood-ballymakenny-road-drogheda-louth/27B5DD15B08C5A8F80258E43005AB25F", "not_full_market_price": 0}}, {"type": "Feature", "geometry": {"type": "Point", "coordinates": [-6.34672424312112, 53.714689400162754]}, "properties": {"ppr_id": "b8944ee158d4aa8dca89efc16a4a7b88a2523f2cc7f39d2fa1694de0915d76a2", "address": "APT 9C KERMON HOUSE, THE MALL, DROGHEDA", "sale_date": "2026-07-07", "price": 180000.0, "property_type": "Apartment", "beds": 1.0, "baths": 1.0, "floor_area_m2": 50.0, "ber": "C1", "asking_price": 155000.0, "eur_per_m2": 3600.0, "sale_vs_asking": 0.16129032258064524, "daft_url": "https://www.daft.ie/sold/apt-9c-kermon-house-the-mall-drogheda-louth/0D7DB66EDCD8105580258E51005AB27E", "not_full_market_price": 0}}, {"type": "Feature", "geometry": {"type": "Point", "coordinates": [-6.395115871671893, 53.726407237167535]}, "properties": {"ppr_id": "ee47d59bb8428f1f38b66fe10b6ca7404a896e93b267a1be4ef6d7af7298d4c9", "address": "101 Gort Mell, Old Slane Road, Drogheda", "sale_date": "2026-07-08", "price": 370044.05, "property_type": null, "beds": null, "baths": null, "floor_area_m2": null, "ber": null, "asking_price": null, "eur_per_m2": null, "sale_vs_asking": null, "daft_url": "https://www.daft.ie/sold/101-gort-mell-old-slane-road-drogheda-louth/52FA705C9BE5F54980258E43005AB04E", "not_full_market_price": 0}}, {"type": "Feature", "geometry": {"type": "Point", "coordinates": [-6.336646241917983, 53.707589736299525]}, "properties": {"ppr_id": "54a3317c1614e80c6e17c8a509203b10c8713e452b1efc7f4b51a66031497c9b", "address": "69 THE PARK, MARTELLO VILLAGE, DROGHEDA", "sale_date": "2026-07-08", "price": 246000.0, "property_type": "Apartment", "beds": 2.0, "baths": 1.0, "floor_area_m2": 66.8, "ber": "C1", "asking_price": 210000.0, "eur_per_m2": 3682.634730538922, "sale_vs_asking": 0.17142857142857149, "daft_url": "https://www.daft.ie/sold/69-the-park-martello-village-drogheda-louth/6CEF83C0679BDC3880258E35005AAF9E", "not_full_market_price": 0}}, {"type": "Feature", "geometry": {"type": "Point", "coordinates": [-6.343689322303514, 53.72736552778071]}, "properties": {"ppr_id": "318af21e5f2ee2c350c5653ce98a48bff5de457d5661f45f399eb70fa660f21c", "address": "12 Fitzgerald Gardens, Ballymakenny Road, Drogheda", "sale_date": "2026-07-09", "price": 374449.34, "property_type": null, "beds": null, "baths": null, "floor_area_m2": null, "ber": null, "asking_price": null, "eur_per_m2": null, "sale_vs_asking": null, "daft_url": "https://www.daft.ie/sold/12-fitzgerald-gardens-ballymakenny-road-drogheda-louth/E782BAC8992D5FBE80258E3C005AB053", "not_full_market_price": 0}}, {"type": "Feature", "geometry": {"type": "Point", "coordinates": [-6.333289720302118, 53.72918631752587]}, "properties": {"ppr_id": "1870bfbf324a2efe858ebdf649695bb8100205cb8188832f50f8419906d897bf", "address": "55 ELMWOOD CLOSE, TERMON ABBEY, DROGHEDA", "sale_date": "2026-07-09", "price": 351000.0, "property_type": "Semi-D", "beds": 4.0, "baths": 2.0, "floor_area_m2": 121.0, "ber": "B3", "asking_price": 320000.0, "eur_per_m2": 2900.8264462809916, "sale_vs_asking": 0.09687500000000004, "daft_url": "https://www.daft.ie/sold/55-elmwood-close-termon-abbey-drogheda-louth/CA13CB5F6A0A47BC80258E43005AB42E", "not_full_market_price": 0}}, {"type": "Feature", "geometry": {"type": "Point", "coordinates": [-6.362355197558177, 53.72342465507317]}, "properties": {"ppr_id": "7a8907bb4fbea215c88dffeca37c0b0db85e800a11d094fd2454cdbc44bb3c18", "address": "106 Seven Winds, North Road, Drogheda", "sale_date": "2026-07-10", "price": 370000.0, "property_type": null, "beds": null, "baths": null, "floor_area_m2": null, "ber": null, "asking_price": null, "eur_per_m2": null, "sale_vs_asking": null, "daft_url": "https://www.daft.ie/sold/106-seven-winds-north-road-drogheda-louth/28EF5B7089A288B480258E4A005AB2E5", "not_full_market_price": 0}}, {"type": "Feature", "geometry": {"type": "Point", "coordinates": [-6.345541091105766, 53.72162941030909]}, "properties": {"ppr_id": "728c7026fcbdfd1ab2f3ff1944e63b876dd43f71c5a32cf841ffa3d3cbb5c498", "address": "119 CRUSHROD AVE, DROGHEDA, LOUTH", "sale_date": "2026-07-10", "price": 319000.0, "property_type": "Semi-D", "beds": 3.0, "baths": 1.0, "floor_area_m2": 103.0, "ber": "C3", "asking_price": 319000.0, "eur_per_m2": 3097.0873786407765, "sale_vs_asking": 0.0, "daft_url": "https://www.daft.ie/sold/119-crushrod-ave-drogheda-louth/6612CB0F7595BA8280258E43005AB0E4", "not_full_market_price": 0}}, {"type": "Feature", "geometry": {"type": "Point", "coordinates": [-6.343573092559868, 53.7273221270212]}, "properties": {"ppr_id": "dfa2d8435523555f7a20a08a0389fe96c3d1333c15580ce00ea5cef4886a22a3", "address": "40 Listoke Wood, Ballymakenny Road, Drogheda", "sale_date": "2026-07-10", "price": 416300.0, "property_type": null, "beds": null, "baths": null, "floor_area_m2": null, "ber": null, "asking_price": null, "eur_per_m2": null, "sale_vs_asking": null, "daft_url": "https://www.daft.ie/sold/40-listoke-wood-ballymakenny-road-drogheda-louth/924ACFB15232552280258E51005AB132", "not_full_market_price": 0}}, {"type": "Feature", "geometry": {"type": "Point", "coordinates": [-6.343718856090835, 53.72730803586551]}, "properties": {"ppr_id": "6a701c2cf6d45b7dfa3b89192c79758b2a92c3c1fb5bd1915d9b1a8093fc8979", "address": "7 Fitzgerald Gardens, Ballymakenny Road, Drogheda", "sale_date": "2026-07-10", "price": 374449.34, "property_type": null, "beds": null, "baths": null, "floor_area_m2": null, "ber": null, "asking_price": null, "eur_per_m2": null, "sale_vs_asking": null, "daft_url": "https://www.daft.ie/sold/7-fitzgerald-gardens-ballymakenny-road-drogheda-louth/954543D81B8F5F2380258E43005AB057", "not_full_market_price": 0}}, {"type": "Feature", "geometry": {"type": "Point", "coordinates": [-6.3492670423371305, 53.71008204579485]}, "properties": {"ppr_id": "94efe041fb6187b7e9587d54171305e6e8d4fdd543f5b10b10e5c73390d7989d", "address": "12 CORPORATION COTTAGES, DULEEK ST DROGHEDA, LOUTH", "sale_date": "2026-07-13", "price": 227500.0, "property_type": "Terrace", "beds": 2.0, "baths": 1.0, "floor_area_m2": null, "ber": "D2", "asking_price": 175000.0, "eur_per_m2": null, "sale_vs_asking": 0.30000000000000004, "daft_url": "https://www.daft.ie/sold/12-corporation-cottages-duleek-st-drogheda-louth/53DE9B23F2B2650480258E43005AB018", "not_full_market_price": 0}}, {"type": "Feature", "geometry": {"type": "Point", "coordinates": [-6.343562612828884, 53.727362709549574]}, "properties": {"ppr_id": "d4ac67a80d0eaa1815bce395201c805f4d0618030c2dded6e3c385b7f8d5f66e", "address": "5 Fitzgerald Gardens, Fitzgerald Gardens, Ballymakenny Road", "sale_date": "2026-07-13", "price": 374449.0, "property_type": null, "beds": null, "baths": null, "floor_area_m2": null, "ber": null, "asking_price": null, "eur_per_m2": null, "sale_vs_asking": null, "daft_url": "https://www.daft.ie/sold/5-fitzgerald-gardens-fitzgerald-gardens-ballymakenny-road-louth/258ED5963583D66880258E3C005AB0A3", "not_full_market_price": 0}}, {"type": "Feature", "geometry": {"type": "Point", "coordinates": [-6.435891977606894, 53.73844932745521]}, "properties": {"ppr_id": "dfd47ffa45a85afafa33b0b7cd3d727049f764dd57c5facf7b7e7c8766af08ff", "address": "ST ANTHONYS, TULLYALLEN, DROGHEDA", "sale_date": "2026-07-13", "price": 200000.0, "property_type": null, "beds": null, "baths": null, "floor_area_m2": null, "ber": null, "asking_price": null, "eur_per_m2": null, "sale_vs_asking": null, "daft_url": "https://www.daft.ie/sold/ship-st-drogheda-louth/BC37B08CEFDE700780257F2400593C25", "not_full_market_price": 1}}, {"type": "Feature", "geometry": {"type": "Point", "coordinates": [-6.328973931333294, 53.71009524514383]}, "properties": {"ppr_id": "d325f863733050022822e03229f51999417ba53be58383faf8d61cdf29c38c09", "address": "12 BARLEY COVE, WHEATON HALL, DROGHEDA", "sale_date": "2026-07-14", "price": 385000.0, "property_type": "Semi-D", "beds": 4.0, "baths": 3.0, "floor_area_m2": 127.0, "ber": "C2", "asking_price": 375000.0, "eur_per_m2": 3031.496062992126, "sale_vs_asking": 0.026666666666666616, "daft_url": "https://www.daft.ie/sold/12-barley-cove-wheaton-hall-drogheda-louth/188B2F150F723E8B80258E43005AB193", "not_full_market_price": 0}}, {"type": "Feature", "geometry": {"type": "Point", "coordinates": [-6.395294975647385, 53.72638807319581]}, "properties": {"ppr_id": "a061c946c9aa196738d0401c38e7353b3b6f344b3ecdbe94ec1e8e0a834d226e", "address": "83 Gort Mell, Old Slane Road, Drogheda", "sale_date": "2026-07-14", "price": 438325.99, "property_type": null, "beds": null, "baths": null, "floor_area_m2": null, "ber": null, "asking_price": null, "eur_per_m2": null, "sale_vs_asking": null, "daft_url": "https://www.daft.ie/sold/83-gort-mell-old-slane-road-drogheda-louth/C5C652AFBEDA123780258E3C005AB3FD", "not_full_market_price": 0}}, {"type": "Feature", "geometry": {"type": "Point", "coordinates": [-6.360864071742267, 53.73130841839389]}, "properties": {"ppr_id": "fd681fa6ce1303c316925321ccfaca09ff2a0f66eab5683a50ee55977302037c", "address": "112 ferrard park, the twenties, drogheda", "sale_date": "2026-07-15", "price": 383259.91, "property_type": null, "beds": null, "baths": null, "floor_area_m2": null, "ber": null, "asking_price": null, "eur_per_m2": null, "sale_vs_asking": null, "daft_url": "https://www.daft.ie/sold/112-ferrard-park-the-twenties-drogheda-louth/E472F7CDB4738FA580258E43005AB014", "not_full_market_price": 0}}, {"type": "Feature", "geometry": {"type": "Point", "coordinates": [-6.36637575553689, 53.71119160889857]}, "properties": {"ppr_id": "e7b8746e7ce035246410042c2b5916ea8f4001ff65f2c49970b9041df06bc718", "address": "137 RATHMULLAN PARK, DROGHEDA, LOUTH", "sale_date": "2026-07-15", "price": 252000.0, "property_type": "Terrace", "beds": 3.0, "baths": 1.0, "floor_area_m2": 80.0, "ber": "D1", "asking_price": 170000.0, "eur_per_m2": 3150.0, "sale_vs_asking": 0.48235294117647065, "daft_url": "https://www.daft.ie/sold/137-rathmullan-park-drogheda-louth/E367960300A7DA0B80258E43005AB08D", "not_full_market_price": 0}}, {"type": "Feature", "geometry": {"type": "Point", "coordinates": [-6.360943153524021, 53.73125149012491]}, "properties": {"ppr_id": "8555441ac750c52bf4a8bbe4b35781f066edd833daaa67331de9673ab9c2fdcf", "address": "108 Ferrard Park, The Twenties, Drogheda", "sale_date": "2026-07-16", "price": 378854.63, "property_type": null, "beds": null, "baths": null, "floor_area_m2": null, "ber": null, "asking_price": null, "eur_per_m2": null, "sale_vs_asking": null, "daft_url": "https://www.daft.ie/sold/108-ferrard-park-the-twenties-drogheda-louth/1F9D886818B2480780258E51005AB2AE", "not_full_market_price": 0}}, {"type": "Feature", "geometry": {"type": "Point", "coordinates": [-6.361037479986595, 53.73134843727603]}, "properties": {"ppr_id": "8624c89859d48284407ac88614c3d2a02571736bea83e8f88a95d166a03511ef", "address": "111 FERRARD PARK, THE TWENTIES, DROGHEDA", "sale_date": "2026-07-16", "price": 378855.0, "property_type": null, "beds": null, "baths": null, "floor_area_m2": null, "ber": null, "asking_price": null, "eur_per_m2": null, "sale_vs_asking": null, "daft_url": "https://www.daft.ie/sold/111-ferrard-park-the-twenties-drogheda-louth/D32C92BDC6D2F95880258E3C005AB441", "not_full_market_price": 0}}, {"type": "Feature", "geometry": {"type": "Point", "coordinates": [-6.327958501241519, 53.72783947221929]}, "properties": {"ppr_id": "53d0f9a01c4850de53c3cf0d5bb6ff12b012dd8428510063cc0a3c8845167b4b", "address": "25 CHESTNUT GROVE, TERMON ABBEY, DROGHEDA", "sale_date": "2026-07-16", "price": 333000.0, "property_type": "Semi-D", "beds": 3.0, "baths": 2.0, "floor_area_m2": 120.0, "ber": "C1", "asking_price": 285000.0, "eur_per_m2": 2775.0, "sale_vs_asking": 0.16842105263157903, "daft_url": "https://www.daft.ie/sold/25-chestnut-grove-termon-abbey-drogheda-louth/1C249D3A90C27B2680258E43005AB173", "not_full_market_price": 0}}, {"type": "Feature", "geometry": {"type": "Point", "coordinates": [-6.37074097897609, 53.72301408182311]}, "properties": {"ppr_id": "57dc5909b80443b9007a2317846140bf6c744ba6c1447e103134312eef4c806e", "address": "5 GREEN PARK, CEMENT RD, DROGHEDA", "sale_date": "2026-07-16", "price": 365000.0, "property_type": "Semi-D", "beds": 3.0, "baths": 3.0, "floor_area_m2": 110.0, "ber": "C2", "asking_price": null, "eur_per_m2": 3318.181818181818, "sale_vs_asking": null, "daft_url": "https://www.daft.ie/sold/5-green-park-cement-rd-drogheda-louth/DF980F6CDCB027AC80258E58005ABA81", "not_full_market_price": 0}}, {"type": "Feature", "geometry": {"type": "Point", "coordinates": [-6.343551180395083, 53.72739878290813]}, "properties": {"ppr_id": "8703a4facbe8d5447fe90cfbf0ba6d82ee987fa0a32e1041007931262d3c95b5", "address": "14 Fitzgerald Gardens, Ballymakenny Road, Drogheda", "sale_date": "2026-07-17", "price": 374449.0, "property_type": null, "beds": null, "baths": null, "floor_area_m2": null, "ber": null, "asking_price": null, "eur_per_m2": null, "sale_vs_asking": null, "daft_url": "https://www.daft.ie/sold/14-fitzgerald-gardens-ballymakenny-road-drogheda-louth/237B2E7C7635AA2D80258E51005AB22C", "not_full_market_price": 0}}, {"type": "Feature", "geometry": {"type": "Point", "coordinates": [-6.343607389861273, 53.727358764025986]}, "properties": {"ppr_id": "90a2e12d599d40b6e490f5d4d0476d81725d6ab2dcc9b50ae1c2790fb23283de", "address": "27 Listoke Wood, Ballymakenny Road, Drogheda", "sale_date": "2026-07-17", "price": 422026.43, "property_type": null, "beds": null, "baths": null, "floor_area_m2": null, "ber": null, "asking_price": null, "eur_per_m2": null, "sale_vs_asking": null, "daft_url": "https://www.daft.ie/sold/27-listoke-wood-ballymakenny-road-drogheda-louth/E839286FB660848D80258E43005AB310", "not_full_market_price": 0}}, {"type": "Feature", "geometry": {"type": "Point", "coordinates": [-6.362375202441823, 53.72342803695053]}, "properties": {"ppr_id": "4955ee29362d0b93a73bcfa9f39368d0bcf22afa12eefa8025bd770ab5487200", "address": "87 Seven Winds, North Road, Drogheda", "sale_date": "2026-07-20", "price": 358975.0, "property_type": null, "beds": null, "baths": null, "floor_area_m2": null, "ber": null, "asking_price": null, "eur_per_m2": null, "sale_vs_asking": null, "daft_url": "https://www.daft.ie/sold/87-seven-winds-north-road-drogheda-louth/E0F5F39DACC31B4780258E51005AB3AF", "not_full_market_price": 0}}, {"type": "Feature", "geometry": {"type": "Point", "coordinates": [-6.362479037314083, 53.72340436380898]}, "properties": {"ppr_id": "942d5426f4f87b7b2ab3c27bf7f881b94e5820a981ef7d69e61247d3ade59e30", "address": "101 Seven Winds, North Road, Drogheda", "sale_date": "2026-07-21", "price": 370026.0, "property_type": null, "beds": null, "baths": null, "floor_area_m2": null, "ber": null, "asking_price": null, "eur_per_m2": null, "sale_vs_asking": null, "daft_url": "https://www.daft.ie/sold/101-seven-winds-north-road-drogheda-louth/53CE8F8E3087054680258E43005AB424", "not_full_market_price": 0}}, {"type": "Feature", "geometry": {"type": "Point", "coordinates": [-6.362292325066718, 53.72346298301663]}, "properties": {"ppr_id": "ea6f7fcb48ce1154eea286f9d88c9bdeb83993d275e660a78c291f63b95ff234", "address": "104 Seven Winds, North Road, Drogheda", "sale_date": "2026-07-21", "price": 370000.0, "property_type": null, "beds": null, "baths": null, "floor_area_m2": null, "ber": null, "asking_price": null, "eur_per_m2": null, "sale_vs_asking": null, "daft_url": "https://www.daft.ie/sold/104-seven-winds-north-road-drogheda-louth/1EA1734DB1BEB8F480258E43005AB2A1", "not_full_market_price": 0}}, {"type": "Feature", "geometry": {"type": "Point", "coordinates": [-6.35423267534034, 53.713735036516525]}, "properties": {"ppr_id": "bc7ef64c38fa4d51936b7eb25a517d8c1710b95909187a6b0f5484af4589a0c5", "address": "15 PRESTONS MILL, WELLINGTON QUAY, DROGHEDA", "sale_date": "2026-07-21", "price": 186000.0, "property_type": "Apartment", "beds": 1.0, "baths": 1.0, "floor_area_m2": 42.0, "ber": "Exempt", "asking_price": 130000.0, "eur_per_m2": 4428.571428571428, "sale_vs_asking": 0.4307692307692308, "daft_url": "https://www.daft.ie/sold/15-prestons-mill-wellington-quay-drogheda-louth/0961A8CFD15AD3CA80258ADF00602881", "not_full_market_price": 0}}, {"type": "Feature", "geometry": {"type": "Point", "coordinates": [-6.346034198457546, 53.725243291209935]}, "properties": {"ppr_id": "19c46a47e8e11cedb976c03b41482081348f82921b7330db275bf11e97cb2646", "address": "173 BROOKVILLE, DROGHEDA, LOUTH", "sale_date": "2026-07-21", "price": 300000.0, "property_type": null, "beds": null, "baths": null, "floor_area_m2": null, "ber": null, "asking_price": null, "eur_per_m2": null, "sale_vs_asking": null, "daft_url": "https://www.daft.ie/sold/173-brookville-drogheda-louth/FFED4E03B8358B8180258E5F005AB96B", "not_full_market_price": 0}}, {"type": "Feature", "geometry": {"type": "Point", "coordinates": [-6.343566423640151, 53.72737116424299]}, "properties": {"ppr_id": "ede374292ce2055903717ed6e07e9d9673809ff78860f3b2b1b468363ed53c97", "address": "45 Listoke Wood, Ballymakenny Road, Drogheda", "sale_date": "2026-07-21", "price": 416299.56, "property_type": null, "beds": null, "baths": null, "floor_area_m2": null, "ber": null, "asking_price": null, "eur_per_m2": null, "sale_vs_asking": null, "daft_url": "https://www.daft.ie/sold/45-listoke-wood-ballymakenny-road-drogheda-louth/3957893287461B1D80258E43005AB28B", "not_full_market_price": 0}}, {"type": "Feature", "geometry": {"type": "Point", "coordinates": [-6.305627747444561, 53.72252323684203]}, "properties": {"ppr_id": "d155f578f74c2c59492be4a36334593b82cb57e8b618604ee34e72c03f7db4c9", "address": "HOUSE 2, STRAND ROAD, DROGHEDA", "sale_date": "2026-07-22", "price": 250000.0, "property_type": null, "beds": null, "baths": null, "floor_area_m2": null, "ber": null, "asking_price": null, "eur_per_m2": null, "sale_vs_asking": null, "daft_url": "https://www.daft.ie/sold/house-2-strand-road-drogheda-louth/A31D1C769CC0F5B280258E4A005AB3A2", "not_full_market_price": 0}}, {"type": "Feature", "geometry": {"type": "Point", "coordinates": [-6.321919532236577, 53.72025409886073]}, "properties": {"ppr_id": "612784648b24a1217c1268a94d5131c3341d247740755985c1aa3473535b2904", "address": "HOUSE 3, STRAND ROAD, DROGHEDA", "sale_date": "2026-07-22", "price": 250000.0, "property_type": null, "beds": null, "baths": null, "floor_area_m2": null, "ber": null, "asking_price": null, "eur_per_m2": null, "sale_vs_asking": null, "daft_url": "https://www.daft.ie/sold/house-3-strand-road-drogheda-louth/AD234DD440D8D2B880258E4A005AB3A3", "not_full_market_price": 0}}, {"type": "Feature", "geometry": {"type": "Point", "coordinates": [-6.3055229621979185, 53.72255198279963]}, "properties": {"ppr_id": "b99e0c600f03f1c09600a05b4d4b0a4bcbd0add705bb4974d78bbca8cd96ff58", "address": "HOUSE 4, STRAND ROAD, DROGHEDA", "sale_date": "2026-07-22", "price": 200000.0, "property_type": null, "beds": null, "baths": null, "floor_area_m2": null, "ber": null, "asking_price": null, "eur_per_m2": null, "sale_vs_asking": null, "daft_url": "https://www.daft.ie/sold/house-4-strand-road-drogheda-louth/667FD8046A69E03C80258E4A005AB3A4", "not_full_market_price": 0}}, {"type": "Feature", "geometry": {"type": "Point", "coordinates": [-6.321988115393621, 53.72033470027125]}, "properties": {"ppr_id": "4d4c0a3171f8e39e5a7bba6897937139b4bda5973e95011a7be0ecc523c64e51", "address": "HOUSE 5, STRAND ROAD, DROGHEDA", "sale_date": "2026-07-22", "price": 200000.0, "property_type": null, "beds": null, "baths": null, "floor_area_m2": null, "ber": null, "asking_price": null, "eur_per_m2": null, "sale_vs_asking": null, "daft_url": "https://www.daft.ie/sold/house-5-strand-road-drogheda-louth/A9ED3FFDA6C5664A80258E4A005AB3A5", "not_full_market_price": 0}}, {"type": "Feature", "geometry": {"type": "Point", "coordinates": [-6.321927152587359, 53.720269880955094]}, "properties": {"ppr_id": "59778ffe8c3cf7df2e6bd19c1c1edfb51c6022eafc8b4e5ce16814acc00bf830", "address": "HOUSE 6, STRAND ROAD, DROGHEDA", "sale_date": "2026-07-22", "price": 150000.0, "property_type": null, "beds": null, "baths": null, "floor_area_m2": null, "ber": null, "asking_price": null, "eur_per_m2": null, "sale_vs_asking": null, "daft_url": "https://www.daft.ie/sold/house-6-strand-road-drogheda-louth/639929A2BC11175180258E4A005AB3A6", "not_full_market_price": 0}}, {"type": "Feature", "geometry": {"type": "Point", "coordinates": [-6.3056753771021254, 53.72253507341281]}, "properties": {"ppr_id": "508384d3ab837c809890be53f21714aecb323cb0996b19ea07b2030b4776bd02", "address": "HOUSE 7, STRAND ROAD, DROGHEDA", "sale_date": "2026-07-22", "price": 150000.0, "property_type": null, "beds": null, "baths": null, "floor_area_m2": null, "ber": null, "asking_price": null, "eur_per_m2": null, "sale_vs_asking": null, "daft_url": "https://www.daft.ie/sold/house-7-strand-road-drogheda-louth/6CD5835BEF269F8680258E4A005AB3A7", "not_full_market_price": 0}}, {"type": "Feature", "geometry": {"type": "Point", "coordinates": [-6.305508673300649, 53.72246010846455]}, "properties": {"ppr_id": "088c8099788ee85cf310f010f9a4aa2c1a43adde384f9ef3e7ef2d00d22186aa", "address": "HOUSE 8, STRAND ROAD, DROGHEDA", "sale_date": "2026-07-22", "price": 150000.0, "property_type": null, "beds": null, "baths": null, "floor_area_m2": null, "ber": null, "asking_price": null, "eur_per_m2": null, "sale_vs_asking": null, "daft_url": "https://www.daft.ie/sold/house-8-strand-road-drogheda-louth/E434E961498AFE5980258E4A005AB3A8", "not_full_market_price": 0}}, {"type": "Feature", "geometry": {"type": "Point", "coordinates": [-6.352343014634282, 53.71536237243629]}, "properties": {"ppr_id": "e3e1ba938ec72ee50454a7feff6bf706f7e9f2439402ecc0e7d996583bd6fd7a", "address": "12 CHURCH ST, DROGHEDA, LOUTH", "sale_date": "2026-07-23", "price": 295000.0, "property_type": "Terrace", "beds": 3.0, "baths": 1.0, "floor_area_m2": 81.0, "ber": "E2", "asking_price": 295000.0, "eur_per_m2": 3641.9753086419755, "sale_vs_asking": 0.0, "daft_url": "https://www.daft.ie/sold/12-church-st-drogheda-louth/52809B1F4849537E80258E43005AB3B9", "not_full_market_price": 0}}, {"type": "Feature", "geometry": {"type": "Point", "coordinates": [-6.362372344601303, 53.723403236516525]}, "properties": {"ppr_id": "4289d6018f4ff7d981de523e26a0c1f0d30f82c6efa2ad7187086770a4017b6c", "address": "15 Seven Winds, North Road, Drogheda", "sale_date": "2026-07-23", "price": 440484.6, "property_type": null, "beds": null, "baths": null, "floor_area_m2": null, "ber": null, "asking_price": null, "eur_per_m2": null, "sale_vs_asking": null, "daft_url": "https://www.daft.ie/sold/15-seven-winds-north-road-drogheda-louth/6FF0351697293DD180258E51005AB09B", "not_full_market_price": 0}}, {"type": "Feature", "geometry": {"type": "Point", "coordinates": [-6.362356150171684, 53.72343254612035]}, "properties": {"ppr_id": "3f916f9b90045a7f2881e3dcf1ab891244c535d393fa2d3077b9248f7105e59b", "address": "95, Seven Winds, North Road", "sale_date": "2026-07-23", "price": 312731.28, "property_type": null, "beds": null, "baths": null, "floor_area_m2": null, "ber": null, "asking_price": null, "eur_per_m2": null, "sale_vs_asking": null, "daft_url": null, "not_full_market_price": 0}}, {"type": "Feature", "geometry": {"type": "Point", "coordinates": [-6.320800064190639, 53.70474435398815]}, "properties": {"ppr_id": "ee0ce9929a7c37a8a04be391a05f63139abc1afdaf4079b94e48e424ec0071ff", "address": "13 BEAUBEC, DUBLIN RD, DROGHEDA", "sale_date": "2026-07-24", "price": 700000.0, "property_type": "Detached", "beds": 4.0, "baths": 2.0, "floor_area_m2": 209.0, "ber": "C1", "asking_price": null, "eur_per_m2": 3349.282296650718, "sale_vs_asking": null, "daft_url": "https://www.daft.ie/sold/13-beaubec-dublin-rd-drogheda-louth/45A6FC6877844F8A80258E51005AB19C", "not_full_market_price": 0}}, {"type": "Feature", "geometry": {"type": "Point", "coordinates": [-6.34365216689366, 53.72726914427582]}, "properties": {"ppr_id": "bb3bbf420692d3d06fafa073b23afc48690bd93e2d1dbb381deee5bd48d613d6", "address": "93 Listoke Wood, Ballymakenny Road, Drogheda", "sale_date": "2026-07-24", "price": 431700.0, "property_type": null, "beds": null, "baths": null, "floor_area_m2": null, "ber": null, "asking_price": null, "eur_per_m2": null, "sale_vs_asking": null, "daft_url": "https://www.daft.ie/sold/93-listoke-wood-ballymakenny-road-drogheda-louth/A1A0A8BFD9655D3080258E58005AB953", "not_full_market_price": 0}}, {"type": "Feature", "geometry": {"type": "Point", "coordinates": [-6.366344328401956, 53.711138626153186]}, "properties": {"ppr_id": "f99e26708b7d8761d76855980f5f0b6d188e3531cdfa4817da1fa3c56b25d031", "address": "114 RATHMULLAN PARK, DROGHEDA, LOUTH", "sale_date": "2026-07-27", "price": 190000.0, "property_type": "Terrace", "beds": 3.0, "baths": 1.0, "floor_area_m2": null, "ber": "G", "asking_price": null, "eur_per_m2": null, "sale_vs_asking": null, "daft_url": "https://www.daft.ie/sold/114-rathmullan-park-drogheda-louth/59A2C713F5C7040B80258E5F005AB7E7", "not_full_market_price": 0}}, {"type": "Feature", "geometry": {"type": "Point", "coordinates": [-6.343673126355629, 53.72734974568635]}, "properties": {"ppr_id": "9b6139abffa29bdb1bf4ccbd864d678fb8b9cc728b8f7b699d49f94c573fd664", "address": "32 Ushers Mill Avenue, Ushers Mill, Ballymakenny Road", "sale_date": "2026-07-27", "price": 363876.65, "property_type": null, "beds": null, "baths": null, "floor_area_m2": null, "ber": null, "asking_price": null, "eur_per_m2": null, "sale_vs_asking": null, "daft_url": "https://www.daft.ie/sold/32-listoke-avenue-ballymakenny-road-drogheda-louth/C11DCA30DA630640802588A8005AA7FA", "not_full_market_price": 0}}, {"type": "Feature", "geometry": {"type": "Point", "coordinates": [-6.343655025002111, 53.727272526153186]}, "properties": {"ppr_id": "c10da3913d618a4bf92b19652db6dd27c1483f484901f102e2af63f7fe71a4f6", "address": "15 Fitzgerald Gardens, Ballymakenny Road, Drogheda", "sale_date": "2026-07-28", "price": 374449.0, "property_type": null, "beds": null, "baths": null, "floor_area_m2": null, "ber": null, "asking_price": null, "eur_per_m2": null, "sale_vs_asking": null, "daft_url": "https://www.daft.ie/sold/15-fitzgerald-gardens-ballymakenny-road-drogheda-louth/C9B487C0164D55C080258E4A005AB3E2", "not_full_market_price": 0}}, {"type": "Feature", "geometry": {"type": "Point", "coordinates": [-6.355471331670407, 53.731961464134486]}, "properties": {"ppr_id": "951266959e4fde2c2f24d7bbc5e0ab3d92274002bdba5443fb1ad87f7de1f92f", "address": "21 Usher's Mill Rise, Usher's Mill, Drogheda", "sale_date": "2026-07-29", "price": 356828.0, "property_type": null, "beds": null, "baths": null, "floor_area_m2": null, "ber": null, "asking_price": null, "eur_per_m2": null, "sale_vs_asking": null, "daft_url": "https://www.daft.ie/sold/21-ushers-mill-rise-ushers-mill-drogheda-louth/5704DCC9327A8FC680258E51005AB36D", "not_full_market_price": 0}}, {"type": "Feature", "geometry": {"type": "Point", "coordinates": [-6.293600890207436, 53.72806184481833]}, "properties": {"ppr_id": "4ba0e157a430e5a8f3e29a5fdac40ba5657456e6c58c5e87e0fdbae4f2621b4a", "address": "11Fitzgerald Gardens, Ballmakenny Road, Drogheda", "sale_date": "2026-07-30", "price": 374450.0, "property_type": null, "beds": null, "baths": null, "floor_area_m2": null, "ber": null, "asking_price": null, "eur_per_m2": null, "sale_vs_asking": null, "daft_url": "https://www.daft.ie/sold/11fitzgerald-gardens-ballmakenny-road-drogheda-louth/D0E0A0211DEB575A80258E4A005AB476", "not_full_market_price": 0}}, {"type": "Feature", "geometry": {"type": "Point", "coordinates": [-6.415142893705018, 53.73709774579485]}, "properties": {"ppr_id": "0e7c3e559720138e705321cb867b9d7aea7a4e557964915e973bd7f9ed0fe428", "address": "132 GLEANN ALAINN, TULLYALLEN, DROGHEDA", "sale_date": "2026-07-30", "price": 174000.0, "property_type": "Semi-D", "beds": 3.0, "baths": 1.0, "floor_area_m2": null, "ber": "D2", "asking_price": 165000.0, "eur_per_m2": null, "sale_vs_asking": 0.05454545454545445, "daft_url": "https://www.daft.ie/sold/132-forest-park-drogheda-louth/0E7FEC50E744715780257E0C004CF242", "not_full_market_price": 0}}, {"type": "Feature", "geometry": {"type": "Point", "coordinates": [-6.347223890879018, 53.71582578117211]}, "properties": {"ppr_id": "819809f7d8ee4f9a023bcc76618c21f6a5d3d2612dc166e39a6d538794126270", "address": "14 CORD RD, DROGHEDA, LOUTH", "sale_date": "2026-07-30", "price": 335000.0, "property_type": "Semi-D", "beds": 3.0, "baths": 2.0, "floor_area_m2": 137.0, "ber": "D2", "asking_price": 295000.0, "eur_per_m2": 2445.2554744525546, "sale_vs_asking": 0.13559322033898313, "daft_url": "https://www.daft.ie/sold/14-cord-rd-drogheda-louth/964C0F9A0EA78C9780258E4A005AB3F2", "not_full_market_price": 0}}, {"type": "Feature", "geometry": {"type": "Point", "coordinates": [-6.343650261488027, 53.727402164785495]}, "properties": {"ppr_id": "f219d38d6dc17ae3383988417fd80290e7ee724da429f6138524298622cf77c3", "address": "44 Listoke Wood, Ballymakenny Road, Drogheda", "sale_date": "2026-07-30", "price": 416299.56, "property_type": null, "beds": null, "baths": null, "floor_area_m2": null, "ber": null, "asking_price": null, "eur_per_m2": null, "sale_vs_asking": null, "daft_url": "https://www.daft.ie/sold/44-listoke-wood-ballymakenny-road-drogheda-louth/1871DC4B9C6B4F4080258E5F005AB8C1", "not_full_market_price": 0}}, {"type": "Feature", "geometry": {"type": "Point", "coordinates": [-6.362244694391369, 53.72339985463916]}, "properties": {"ppr_id": "908f4d4cedce9f0368396b0fae164b88067c30a90692db91f2ee2e62ec7094cd", "address": "105 Seven Winds, North Road, Drogheda", "sale_date": "2026-07-31", "price": 370000.0, "property_type": null, "beds": null, "baths": null, "floor_area_m2": null, "ber": null, "asking_price": null, "eur_per_m2": null, "sale_vs_asking": null, "daft_url": "https://www.daft.ie/sold/105-seven-winds-north-road-drogheda-louth/8EAD450E1E0F4B8980258E51005AB170", "not_full_market_price": 0}}, {"type": "Feature", "geometry": {"type": "Point", "coordinates": [-6.38425943909707, 53.721723562940966]}, "properties": {"ppr_id": "4f90109115cad334ff97e9c52db5d90d32a493f3a936b663ab0a6b27dae57b52", "address": "153 Gort Mell, Slane Road, Drogheda", "sale_date": "2026-07-31", "price": 233480.0, "property_type": null, "beds": null, "baths": null, "floor_area_m2": null, "ber": null, "asking_price": null, "eur_per_m2": null, "sale_vs_asking": null, "daft_url": "https://www.daft.ie/sold/153-gort-mell-slane-road-drogheda-louth/B1346FC8F716901080258E4A005AB506", "not_full_market_price": 0}}, {"type": "Feature", "geometry": {"type": "Point", "coordinates": [-6.349296296838802, 53.718708182365624]}, "properties": {"ppr_id": "c85eb7e82c7081037bca180be1e9adbc26b9d6083e06eedb2a176b46cf0bb904", "address": "APT 1SANDYFORD HOUSE, SCARLET STREET, DROGHEDA", "sale_date": "2026-07-31", "price": 240000.0, "property_type": "Apartment", "beds": 2.0, "baths": 1.0, "floor_area_m2": 75.0, "ber": "C3", "asking_price": 215000.0, "eur_per_m2": 3200.0, "sale_vs_asking": 0.11627906976744184, "daft_url": "https://www.daft.ie/sold/apt-1sandyford-house-scarlet-street-drogheda-louth/C0ACAC8A11A3D2EF80258E4A005AB46D", "not_full_market_price": 0}}, {"type": "Feature", "geometry": {"type": "Point", "coordinates": [-6.385125967363916, 53.71338563651653]}, "properties": {"ppr_id": "d97bbce3c3a1c187a91a76ba4314ab6fd6ecfb839bc03b4eaf2976a82eb1e77a", "address": "33 THE PARK, MILLMOUNT ABBEY, DROGHEDA", "sale_date": "2026-08-04", "price": 465000.0, "property_type": null, "beds": null, "baths": null, "floor_area_m2": null, "ber": null, "asking_price": null, "eur_per_m2": null, "sale_vs_asking": null, "daft_url": "https://www.daft.ie/sold/33-the-park-millmount-abbey-drogheda-louth/7C348DF78D4E4E6C80258E51005AB3DF", "not_full_market_price": 0}}, {"type": "Feature", "geometry": {"type": "Point", "coordinates": [-6.375596948431422, 53.70600941698336]}, "properties": {"ppr_id": "5763f8269aa95cd6a94eb392392d1e365c276444a9f43c90061820a3232928a0", "address": "48 CEDARFIELD, DROGHEDA, CO LOUTH", "sale_date": "2026-08-04", "price": 298000.0, "property_type": "Terrace", "beds": 3.0, "baths": 1.0, "floor_area_m2": null, "ber": "C2", "asking_price": 285000.0, "eur_per_m2": null, "sale_vs_asking": 0.04561403508771922, "daft_url": "https://www.daft.ie/sold/48-cedarfield-drogheda/F9919AC9E8E41B6780258E51005AB27F", "not_full_market_price": 0}}, {"type": "Feature", "geometry": {"type": "Point", "coordinates": [-6.3321621157387735, 53.71932481785139]}, "properties": {"ppr_id": "2cc7912e3e3b8654e416d3f3bcb2179cd04652b9be05ba36410f684a39dd7073", "address": "56 SHREWSBURY MANOR, GREENHILLS, DROGHEDA", "sale_date": "2026-08-04", "price": 335000.0, "property_type": "Residential", "beds": 3.0, "baths": 2.0, "floor_area_m2": 90.0, "ber": "C2", "asking_price": 335000.0, "eur_per_m2": 3722.222222222222, "sale_vs_asking": 0.0, "daft_url": "https://www.daft.ie/sold/56-shrewsbury-manor-greenhills-drogheda-louth/7EA8351087B14FBD80258E51005AB280", "not_full_market_price": 0}}, {"type": "Feature", "geometry": {"type": "Point", "coordinates": [-6.3471807394891115, 53.72413772604469]}, "properties": {"ppr_id": "7a57dd8715c3f25aeb157cd237d413e6be7f16c9d361fce6ea4e9434c64190d1", "address": "10 LISTOKE ELMS, BALLYMAKENNY ROAD, DROGHEDA", "sale_date": "2026-08-05", "price": 460000.0, "property_type": null, "beds": null, "baths": null, "floor_area_m2": null, "ber": null, "asking_price": null, "eur_per_m2": null, "sale_vs_asking": null, "daft_url": "https://www.daft.ie/sold/10-listoke-elms-ballymakenny-road-drogheda-louth/3EF533B21957CE6280258E51005AB364", "not_full_market_price": 0}}, {"type": "Feature", "geometry": {"type": "Point", "coordinates": [-6.339457212324853, 53.71434406250695]}, "properties": {"ppr_id": "3982bdb371ac58731f48f8660a4dff1681d7674a8458a008200c185386e054df", "address": "11 WEIRHOPE, MARSH RD, DROGHEDA", "sale_date": "2026-08-05", "price": 300000.0, "property_type": "Semi-D", "beds": 3.0, "baths": 2.0, "floor_area_m2": 93.0, "ber": "D2", "asking_price": 285000.0, "eur_per_m2": 3225.8064516129034, "sale_vs_asking": 0.05263157894736836, "daft_url": "https://www.daft.ie/sold/11-weirhope-marsh-rd-drogheda-louth/7461EA30A06C38A480258E58005AB99F", "not_full_market_price": 0}}, {"type": "Feature", "geometry": {"type": "Point", "coordinates": [-6.39515112085856, 53.72631874470983]}, "properties": {"ppr_id": "6fb8e2797991e4a023b7b4ba1a5e2b4274a1e3743156fb290ae50a1bdab1c403", "address": "100 Gort Mell, Old Slane Road, Drogheda", "sale_date": "2026-08-06", "price": 378854.0, "property_type": null, "beds": null, "baths": null, "floor_area_m2": null, "ber": null, "asking_price": null, "eur_per_m2": null, "sale_vs_asking": null, "daft_url": "https://www.daft.ie/sold/100-gort-mell-old-slane-road-drogheda-louth/0B46CF4136C34F4380258E51005AB2F3", "not_full_market_price": 0}}, {"type": "Feature", "geometry": {"type": "Point", "coordinates": [-6.360867882912472, 53.73131405485616]}, "properties": {"ppr_id": "25cb44d5f42c7e9aa55142c711fc6a8b2e5cc6f31168bc9fa6de7740c657196c", "address": "107 Ferrard Park, Drogheda", "sale_date": "2026-08-06", "price": 383259.91, "property_type": null, "beds": null, "baths": null, "floor_area_m2": null, "ber": null, "asking_price": null, "eur_per_m2": null, "sale_vs_asking": null, "daft_url": "https://www.daft.ie/sold/107-ferrard-park-drogheda-louth/D7C887D40C9226ED80258E58005AB7EE", "not_full_market_price": 0}}, {"type": "Feature", "geometry": {"type": "Point", "coordinates": [-6.36106415817803, 53.73133660070526]}, "properties": {"ppr_id": "8a27999de45cd74ae57cdf95d092c6242aaafc816c95d659e37e2fa887482236", "address": "110 Ferrard Park, The Twenties, Drogheda", "sale_date": "2026-08-06", "price": 378854.63, "property_type": null, "beds": null, "baths": null, "floor_area_m2": null, "ber": null, "asking_price": null, "eur_per_m2": null, "sale_vs_asking": null, "daft_url": "https://www.daft.ie/sold/110-ferrard-park-the-twenties-drogheda-louth/415A4E1C9FF8159080258E58005AB7D3", "not_full_market_price": 0}}, {"type": "Feature", "geometry": {"type": "Point", "coordinates": [-6.356108370957486, 53.72188201828539]}, "properties": {"ppr_id": "d9832140d761a3246c9a5d360c5431399416eb64e865a3505f99c501572b65d3", "address": "18 ANNEVILLE HOUSE, WINDMILL RD, DROGHEDA", "sale_date": "2026-08-06", "price": 230000.0, "property_type": "Apartment", "beds": 2.0, "baths": 1.0, "floor_area_m2": null, "ber": "C1", "asking_price": 175000.0, "eur_per_m2": null, "sale_vs_asking": 0.3142857142857143, "daft_url": "https://www.daft.ie/sold/18-anneville-house-windmill-rd-drogheda-louth/BEF30E3DC1E2481C80258E51005AB321", "not_full_market_price": 0}}, {"type": "Feature", "geometry": {"type": "Point", "coordinates": [-6.371872948701967, 53.70664678182311]}, "properties": {"ppr_id": "7bf2086ed11cad233d08e10070340c72658799da5c15f8b6207f917093919d2e", "address": "77 CEDARFIELD, DONORE RD, DROGHEDA", "sale_date": "2026-08-06", "price": 147500.0, "property_type": null, "beds": null, "baths": null, "floor_area_m2": null, "ber": null, "asking_price": null, "eur_per_m2": null, "sale_vs_asking": null, "daft_url": "https://www.daft.ie/sold/77-cedarfield-donore-rd-drogheda-louth/F5FE80196E26C9C280258E58005AB6C0", "not_full_market_price": 0}}, {"type": "Feature", "geometry": {"type": "Point", "coordinates": [-6.384201331927106, 53.72169707156827]}, "properties": {"ppr_id": "93e425e875df03012da7d583c2024dc758377898702a7da54abf2380a39831a3", "address": "80 Gort Mell, Slane Road, Drogheda", "sale_date": "2026-08-06", "price": 365638.0, "property_type": null, "beds": null, "baths": null, "floor_area_m2": null, "ber": null, "asking_price": null, "eur_per_m2": null, "sale_vs_asking": null, "daft_url": "https://www.daft.ie/sold/80-gort-mell-slane-road-drogheda-louth/FFFFEC0A713B1F4A80258E51005AB2AC", "not_full_market_price": 0}}, {"type": "Feature", "geometry": {"type": "Point", "coordinates": [-6.344367343424081, 53.711435235106]}, "properties": {"ppr_id": "6f38413b9a970f188647368b22d290d799bdf25b1aeb323db28076f264fff990", "address": "10 SUNNYSIDE COTTAGES, DROGHEDA, LOUTH", "sale_date": "2026-08-07", "price": 360000.0, "property_type": "Terrace", "beds": 3.0, "baths": 1.0, "floor_area_m2": 88.0, "ber": "D2", "asking_price": 315000.0, "eur_per_m2": 4090.909090909091, "sale_vs_asking": 0.1428571428571428, "daft_url": "https://www.daft.ie/sold/10-sunnyside-cottages-drogheda-louth/A29ED38BBE97890F80258E58005ABAA1", "not_full_market_price": 0}}, {"type": "Feature", "geometry": {"type": "Point", "coordinates": [-6.329835061300235, 53.73294720944107]}, "properties": {"ppr_id": "672c8e05a2c9590f4e307a664ebf81737b3337a08c8561f69677749b4af6a335", "address": "5 LAPWING COURT, ASTON VILLAGE, DROGHEDA", "sale_date": "2026-08-07", "price": 303000.0, "property_type": "Terrace", "beds": 2.0, "baths": 2.0, "floor_area_m2": 79.0, "ber": "B3", "asking_price": 295000.0, "eur_per_m2": 3835.4430379746836, "sale_vs_asking": 0.027118644067796627, "daft_url": "https://www.daft.ie/sold/5-lapwing-court-aston-village-drogheda-louth/18C4BE9417B1318780258E58005ABB3E", "not_full_market_price": 0}}, {"type": "Feature", "geometry": {"type": "Point", "coordinates": [-6.393738450118536, 53.72432691861089]}, "properties": {"ppr_id": "15b1702d7efa043d4081b4b9b05339c3e4d214d6372cdafff58c6631aee8fd7a", "address": "81 Gort Mell, Old Slane Road, Drogheda", "sale_date": "2026-08-07", "price": 370044.0, "property_type": null, "beds": null, "baths": null, "floor_area_m2": null, "ber": null, "asking_price": null, "eur_per_m2": null, "sale_vs_asking": null, "daft_url": "https://www.daft.ie/sold/81-gort-mell-old-slane-road-drogheda-louth/9812C4AC2F7C71E280258E5F005AB9C9", "not_full_market_price": 0}}, {"type": "Feature", "geometry": {"type": "Point", "coordinates": [-6.321794040192694, 53.73066391937041]}, "properties": {"ppr_id": "9569d430f00c1782530c0cab9c710b007409a404013be3cd80a90df1f21203c3", "address": "27 Beaulieu Banks, Termonfeckin Road, Drogheda", "sale_date": "2026-08-11", "price": 370044.05, "property_type": null, "beds": null, "baths": null, "floor_area_m2": null, "ber": null, "asking_price": null, "eur_per_m2": null, "sale_vs_asking": null, "daft_url": "https://www.daft.ie/sold/27-beaulieu-banks-termonfeckin-road-drogheda-louth/84764AA5C8AF5E9A80258E5F005AB7FC", "not_full_market_price": 0}}, {"type": "Feature", "geometry": {"type": "Point", "coordinates": [-6.343650261488027, 53.727280980846594]}, "properties": {"ppr_id": "752ec1f3a4598287cb20f8452f28bf2b7a837d8386492d521ca8853754297638", "address": "90 Listoke Wood, Ballymakenny Road, Drogheda", "sale_date": "2026-08-11", "price": 431718.05, "property_type": null, "beds": null, "baths": null, "floor_area_m2": null, "ber": null, "asking_price": null, "eur_per_m2": null, "sale_vs_asking": null, "daft_url": "https://www.daft.ie/sold/90-listoke-wood-ballymakenny-road-drogheda-louth/3607634CEA75BE4380258E5F005AB7F0", "not_full_market_price": 0}}, {"type": "Feature", "geometry": {"type": "Point", "coordinates": [-6.3471369184201665, 53.724227909441076]}, "properties": {"ppr_id": "fa131706d963e7dbf7dc29a553b071c92ac6363a9cc12315cadc0744d88b1fe4", "address": "64 LINENFIELD WAY, BALLYMAKENNY ROAD, DROGHEDA", "sale_date": "2026-08-12", "price": 420000.0, "property_type": null, "beds": null, "baths": null, "floor_area_m2": null, "ber": null, "asking_price": null, "eur_per_m2": null, "sale_vs_asking": null, "daft_url": "https://www.daft.ie/sold/64-linenfield-way-ballymakenny-road-drogheda-louth/592F3AC118B7FB288025880E00603453", "not_full_market_price": 0}}, {"type": "Feature", "geometry": {"type": "Point", "coordinates": [-6.43589293056136, 53.738443127346706]}, "properties": {"ppr_id": "acbdfcf9c35fb1b65e7bca6728a2c9a9edb65b24e7d03d9201658ee4810e54e0", "address": "141 GLEANN AILEANN, TULLYALLEN, DROGHEDA", "sale_date": "2026-08-14", "price": 310000.0, "property_type": null, "beds": null, "baths": null, "floor_area_m2": null, "ber": null, "asking_price": null, "eur_per_m2": null, "sale_vs_asking": null, "daft_url": "https://www.daft.ie/sold/141-gort-mell-drogheda-louth/C3C61219FFEBE30A80258DA9006028FA", "not_full_market_price": 0}}, {"type": "Feature", "geometry": {"type": "Point", "coordinates": [-6.327119927314875, 53.728258490016415]}, "properties": {"ppr_id": "1ed79e86318b3089abf15cafb11f51c37e83cb196d20195e864d561dc4bc273d", "address": "197 Beaulieu Village, Termonfeckin Road, Drogheda", "sale_date": "2026-08-14", "price": 449339.2, "property_type": null, "beds": null, "baths": null, "floor_area_m2": null, "ber": null, "asking_price": null, "eur_per_m2": null, "sale_vs_asking": null, "daft_url": null, "not_full_market_price": 0}}, {"type": "Feature", "geometry": {"type": "Point", "coordinates": [-6.321685423651182, 53.73057711785138]}, "properties": {"ppr_id": "18f6c8d69e3ef7893bfa8951cabfaf176b2f38f1c2957906c00220d2469a4b90", "address": "4 Beaulieu Banks, Termonfeckin Road, Drogheda", "sale_date": "2026-08-14", "price": 378854.63, "property_type": null, "beds": null, "baths": null, "floor_area_m2": null, "ber": null, "asking_price": null, "eur_per_m2": null, "sale_vs_asking": null, "daft_url": "https://www.daft.ie/sold/4-beaulieu-banks-termonfeckin-road-drogheda-louth/19CFAB2447D9EAC580258E5F005ABA60", "not_full_market_price": 0}}, {"type": "Feature", "geometry": {"type": "Point", "coordinates": [-6.394290660183372, 53.72688606261546]}, "properties": {"ppr_id": "593a8b8d62c228116cc34160da7dbe6428832112f1d5c45db0c3ef0fbed63f4a", "address": "79 Gort Mell, Old Slane Road, Drogheda", "sale_date": "2026-08-17", "price": 365638.76, "property_type": null, "beds": null, "baths": null, "floor_area_m2": null, "ber": null, "asking_price": null, "eur_per_m2": null, "sale_vs_asking": null, "daft_url": "https://www.daft.ie/sold/79-gort-mell-old-slane-road-drogheda-louth/E03CD3A921ACC22D80258E5F005AB8F9", "not_full_market_price": 0}}, {"type": "Feature", "geometry": {"type": "Point", "coordinates": [-6.358629393055845, 53.72109328062959]}, "properties": {"ppr_id": "e8b9482303db93bd4d53a52a6513a57a2e0c60f3d1e882c9f271c8f157eb1c75", "address": "122 ASHFIELD VIEW, NORTH RD, DROGHEDA", "sale_date": "2026-08-18", "price": 50000.0, "property_type": null, "beds": null, "baths": null, "floor_area_m2": null, "ber": null, "asking_price": null, "eur_per_m2": null, "sale_vs_asking": null, "daft_url": "https://www.daft.ie/sold/122-ashfield-view-north-rd-drogheda-louth/416D8E2CDBEDEA5580258E5F005ABA35", "not_full_market_price": 1}}, {"type": "Feature", "geometry": {"type": "Point", "coordinates": [-6.3436064371584555, 53.727396528323226]}, "properties": {"ppr_id": "c6d9db1c83e5fb50df3147d0f30db7620da179f95628733a5e59b941c495ca04", "address": "92 Listoke Wood, Ballymakenny Road, Drogheda", "sale_date": "2026-08-18", "price": 431717.0, "property_type": null, "beds": null, "baths": null, "floor_area_m2": null, "ber": null, "asking_price": null, "eur_per_m2": null, "sale_vs_asking": null, "daft_url": "https://www.daft.ie/sold/92-listoke-wood-ballymakenny-road-drogheda-louth/3C46717F0A06CB5D80258E5F005ABA4E", "not_full_market_price": 0}}, {"type": "Feature", "geometry": {"type": "Point", "coordinates": [-6.3598650406933475, 53.71689714644586]}, "properties": {"ppr_id": "bdceef5576a22033f8c38b84e8cf9c36f4f6c04d8615abc3a815bce47d6c66c6", "address": "13 MILL ROW, TRINITY STREET, DROGHEDA", "sale_date": "2026-08-21", "price": 167000.0, "property_type": "Terrace", "beds": 2.0, "baths": 1.0, "floor_area_m2": null, "ber": "E2", "asking_price": 160000.0, "eur_per_m2": null, "sale_vs_asking": 0.043749999999999956, "daft_url": "https://www.daft.ie/sold/13-mill-row-trinity-street-drogheda-louth/33139B9424E6017880258E5F005ABB6E", "not_full_market_price": 0}}, {"type": "Feature", "geometry": {"type": "Point", "coordinates": [-6.393750834361503, 53.724341009766576]}, "properties": {"ppr_id": "063b15b34764abca2f15a4053af7dc036c6184d98d12554eedf5f29948bd8353", "address": "68 Gort Mell, Old Slane Road, Drogheda", "sale_date": "2026-08-21", "price": 321585.9, "property_type": null, "beds": null, "baths": null, "floor_area_m2": null, "ber": null, "asking_price": null, "eur_per_m2": null, "sale_vs_asking": null, "daft_url": "https://www.daft.ie/sold/68-boice-court-mell-drogheda-louth/3AB1797F66B156C880257B1F003AA70A", "not_full_market_price": 0}}, {"type": "Feature", "geometry": {"type": "Point", "coordinates": [-6.339638170225267, 53.714451718936395]}, "properties": {"ppr_id": "e3d7edd423780b14aa19eb59b3912fb5ec6b9eee5622178fa21d9bf4436617bd", "address": "9 THE COURTYARD, MARSH RD, DROGHEDA", "sale_date": "2026-08-21", "price": 240000.0, "property_type": null, "beds": null, "baths": null, "floor_area_m2": null, "ber": null, "asking_price": null, "eur_per_m2": null, "sale_vs_asking": null, "daft_url": "https://www.daft.ie/sold/9-marsh-road-drogheda/51DD545BDD1AA44F802583E600477440", "not_full_market_price": 0}}, {"type": "Feature", "geometry": {"type": "Point", "coordinates": [-6.3937832239200345, 53.724260972002284]}, "properties": {"ppr_id": "5974364cc1bcfdc1a48644a72af617c7a4a9665bae00593b864426fa9c6c0cbd", "address": "71 Gort Mell, Old Slane Road, Drogheda", "sale_date": "2026-08-24", "price": 323788.55, "property_type": null, "beds": null, "baths": null, "floor_area_m2": null, "ber": null, "asking_price": null, "eur_per_m2": null, "sale_vs_asking": null, "daft_url": "https://www.daft.ie/sold/71-boyce-court-mell-drogheda-louth/478A8DC31498B48E80257AEF005D110C", "not_full_market_price": 0}}, {"type": "Feature", "geometry": {"type": "Point", "coordinates": [-6.39524734161135, 53.72642358290813]}, "properties": {"ppr_id": "9ef39b0865433ba64b7cdc266d1609de77c89bbb5943e389690049e76ad0149e", "address": "73 Gort Mell, Old Slane Road, Drogheda", "sale_date": "2026-08-24", "price": 323788.54, "property_type": "Semi-D", "beds": 4.0, "baths": 3.0, "floor_area_m2": 125.0, "ber": "C2", "asking_price": null, "eur_per_m2": 2590.3083199999996, "sale_vs_asking": null, "daft_url": "https://www.daft.ie/sold/73-fountain-hill-mell-drogheda-louth/5F3C732853479C5480258719004788B7", "not_full_market_price": 0}}, {"type": "Feature", "geometry": {"type": "Point", "coordinates": [-6.3437093290626665, 53.727279853554144]}, "properties": {"ppr_id": "35dccb1dccb528b4aa7fab9e67074587ada79c60fbdc9e425c9f8ff52d432bcb", "address": "81 Listoke Drive, Ballymakenny Road, Drogheda", "sale_date": "2026-08-25", "price": 392070.48, "property_type": "Semi-D", "beds": 3.0, "baths": 1.0, "floor_area_m2": 89.0, "ber": "F", "asking_price": null, "eur_per_m2": 4405.2862921348315, "sale_vs_asking": null, "daft_url": "https://www.daft.ie/sold/81-maple-dr-drogheda-louth/AA23AEF8613257A28025877B00477C5B", "not_full_market_price": 0}}, {"type": "Feature", "geometry": {"type": "Point", "coordinates": [-6.343618822295073, 53.72735481850239]}, "properties": {"ppr_id": "e2773a4d9de57667f5118bae2bcef566d0975ced5e17db951f4ef8d2707ec4f9", "address": "38 Listoke Wood, Ballymakenny Road, Drogheda", "sale_date": "2026-08-26", "price": 416299.55, "property_type": null, "beds": null, "baths": null, "floor_area_m2": null, "ber": null, "asking_price": null, "eur_per_m2": null, "sale_vs_asking": null, "daft_url": "https://www.daft.ie/sold/38-listoke-elms-ballymakenny-road-drogheda-louth/E31A1AAA45FFBF80802589DD0056F496", "not_full_market_price": 0}}, {"type": "Feature", "geometry": {"type": "Point", "coordinates": [-6.333225886348064, 53.729159262506954]}, "properties": {"ppr_id": "cda53c92808fe9ba870357f1aecb489fa8f93535b36000c646c042a6cff4975c", "address": "60 ELMWOOD CLOSE, TERMON ABBEY, DROGHEDA", "sale_date": "2026-08-27", "price": 352000.0, "property_type": "Semi-D", "beds": 4.0, "baths": 3.0, "floor_area_m2": 118.0, "ber": "C2", "asking_price": 169000.0, "eur_per_m2": 2983.0508474576272, "sale_vs_asking": 1.0828402366863905, "daft_url": "https://www.daft.ie/sold/60-elmwood-close-termon-abbey-drogheda-louth/836B4DCB825C363E80257F7F004CF051", "not_full_market_price": 0}}, {"type": "Feature", "geometry": {"type": "Point", "coordinates": [-6.347340780184271, 53.717241135757014]}, "properties": {"ppr_id": "6f97a65e232646940d3c403d8a06be5fafb392053f77edb938ca35f1d3b40513", "address": "23 SIENNA, FRANCIS ST, DROGHEDA", "sale_date": "2026-08-28", "price": 231000.0, "property_type": "Apartment", "beds": 1.0, "baths": 2.0, "floor_area_m2": null, "ber": "C3", "asking_price": 150000.0, "eur_per_m2": null, "sale_vs_asking": 0.54, "daft_url": "https://www.daft.ie/sold/apt-23-st-catherines-sienna-francis-st-louth/41FA432015998B8E802588F50060355D", "not_full_market_price": 0}}]}